<?xml version="1.0" encoding="UTF-8"?>
<gpx creator="https://gpx.studio" version="1.1" xmlns="http://www.topografix.com/GPX/1/1" xmlns:xsi="http://www.w3.org/2001/XMLSchema-instance" xsi:schemaLocation="http://www.topografix.com/GPX/1/1 http://www.topografix.com/GPX/1/1/gpx.xsd http://www.garmin.com/xmlschemas/GpxExtensions/v3 http://www.garmin.com/xmlschemas/GpxExtensionsv3.xsd http://www.garmin.com/xmlschemas/TrackPointExtension/v1 http://www.garmin.com/xmlschemas/TrackPointExtensionv1.xsd http://www.garmin.com/xmlschemas/PowerExtension/v1 http://www.garmin.com/xmlschemas/PowerExtensionv1.xsd http://www.topografix.com/GPX/gpx_style/0/2 http://www.topografix.com/GPX/gpx_style/0/2/gpx_style.xsd" xmlns:gpxtpx="http://www.garmin.com/xmlschemas/TrackPointExtension/v1" xmlns:gpxx="http://www.garmin.com/xmlschemas/GpxExtensions/v3" xmlns:gpxpx="http://www.garmin.com/xmlschemas/PowerExtension/v1" xmlns:gpx_style="http://www.topografix.com/GPX/gpx_style/0/2">
  <metadata>
    <name>Novo arquivo 1</name>
    <author>
      <name>gpx.studio</name>
      <link href="https://gpx.studio"/>
    </author>
  </metadata>
  <trk>
    <name>Novo arquivo 1</name>
    <trkseg>
      <trkpt lat="-10.403204" lon="-36.431255">
        <ele>7.69</ele>
      </trkpt>
      <trkpt lat="-10.402939" lon="-36.431137">
        <ele>4.51</ele>
      </trkpt>
      <trkpt lat="-10.40265" lon="-36.431018">
        <ele>3.29</ele>
      </trkpt>
      <trkpt lat="-10.402284" lon="-36.430885">
        <ele>2.36</ele>
      </trkpt>
      <trkpt lat="-10.402149" lon="-36.43086">
        <ele>2</ele>
      </trkpt>
      <trkpt lat="-10.401181" lon="-36.430731">
        <ele>2.09</ele>
      </trkpt>
      <trkpt lat="-10.400849" lon="-36.4307">
        <ele>2.04</ele>
      </trkpt>
      <trkpt lat="-10.400561" lon="-36.430687">
        <ele>3.19</ele>
      </trkpt>
      <trkpt lat="-10.400346" lon="-36.430655">
        <ele>4.5</ele>
      </trkpt>
      <trkpt lat="-10.40021" lon="-36.430683">
        <ele>4.96</ele>
      </trkpt>
      <trkpt lat="-10.399958" lon="-36.430777">
        <ele>5.09</ele>
      </trkpt>
      <trkpt lat="-10.399485" lon="-36.430871">
        <ele>4.76</ele>
      </trkpt>
      <trkpt lat="-10.399198" lon="-36.430952">
        <ele>5.16</ele>
      </trkpt>
      <trkpt lat="-10.398897" lon="-36.431067">
        <ele>6.28</ele>
      </trkpt>
      <trkpt lat="-10.39884" lon="-36.431096">
        <ele>6.01</ele>
      </trkpt>
      <trkpt lat="-10.39871" lon="-36.431183">
        <ele>6.52</ele>
      </trkpt>
      <trkpt lat="-10.398361" lon="-36.43147">
        <ele>5.36</ele>
      </trkpt>
      <trkpt lat="-10.397709" lon="-36.432098">
        <ele>5.84</ele>
      </trkpt>
      <trkpt lat="-10.397524" lon="-36.432303">
        <ele>6.01</ele>
      </trkpt>
      <trkpt lat="-10.397455" lon="-36.432393">
        <ele>5.81</ele>
      </trkpt>
      <trkpt lat="-10.397348" lon="-36.432558">
        <ele>5.18</ele>
      </trkpt>
      <trkpt lat="-10.397303" lon="-36.432658">
        <ele>4.83</ele>
      </trkpt>
      <trkpt lat="-10.397228" lon="-36.432869">
        <ele>4</ele>
      </trkpt>
      <trkpt lat="-10.397113" lon="-36.433246">
        <ele>3</ele>
      </trkpt>
      <trkpt lat="-10.396939" lon="-36.43408">
        <ele>5</ele>
      </trkpt>
      <trkpt lat="-10.396892" lon="-36.434354">
        <ele>4.51</ele>
      </trkpt>
      <trkpt lat="-10.396872" lon="-36.434642">
        <ele>3.6</ele>
      </trkpt>
      <trkpt lat="-10.396874" lon="-36.434773">
        <ele>3.23</ele>
      </trkpt>
      <trkpt lat="-10.396879" lon="-36.434881">
        <ele>3</ele>
      </trkpt>
      <trkpt lat="-10.396906" lon="-36.435036">
        <ele>3</ele>
      </trkpt>
      <trkpt lat="-10.396979" lon="-36.435277">
        <ele>4</ele>
      </trkpt>
      <trkpt lat="-10.397043" lon="-36.43544">
        <ele>4</ele>
      </trkpt>
      <trkpt lat="-10.397203" lon="-36.435765">
        <ele>4</ele>
      </trkpt>
      <trkpt lat="-10.397935" lon="-36.437064">
        <ele>5</ele>
      </trkpt>
      <trkpt lat="-10.398181" lon="-36.437471">
        <ele>6.97</ele>
      </trkpt>
      <trkpt lat="-10.398571" lon="-36.438146">
        <ele>6</ele>
      </trkpt>
      <trkpt lat="-10.398779" lon="-36.438522">
        <ele>5.84</ele>
      </trkpt>
      <trkpt lat="-10.398891" lon="-36.438754">
        <ele>6.07</ele>
      </trkpt>
      <trkpt lat="-10.398979" lon="-36.438993">
        <ele>6.11</ele>
      </trkpt>
      <trkpt lat="-10.399006" lon="-36.439099">
        <ele>6.02</ele>
      </trkpt>
      <trkpt lat="-10.399035" lon="-36.439335">
        <ele>5.84</ele>
      </trkpt>
      <trkpt lat="-10.399037" lon="-36.439631">
        <ele>5</ele>
      </trkpt>
      <trkpt lat="-10.399019" lon="-36.439883">
        <ele>4.06</ele>
      </trkpt>
      <trkpt lat="-10.398868" lon="-36.440823">
        <ele>4.83</ele>
      </trkpt>
      <trkpt lat="-10.398763" lon="-36.441465">
        <ele>3</ele>
      </trkpt>
      <trkpt lat="-10.398621" lon="-36.442415">
        <ele>4.58</ele>
      </trkpt>
      <trkpt lat="-10.398577" lon="-36.442794">
        <ele>5</ele>
      </trkpt>
      <trkpt lat="-10.398121" lon="-36.446191">
        <ele>6.83</ele>
      </trkpt>
      <trkpt lat="-10.39802" lon="-36.446946">
        <ele>5</ele>
      </trkpt>
      <trkpt lat="-10.397841" lon="-36.448312">
        <ele>6</ele>
      </trkpt>
      <trkpt lat="-10.39766" lon="-36.449174">
        <ele>4.14</ele>
      </trkpt>
      <trkpt lat="-10.397478" lon="-36.450036">
        <ele>5</ele>
      </trkpt>
      <trkpt lat="-10.397238" lon="-36.450991">
        <ele>5</ele>
      </trkpt>
      <trkpt lat="-10.397193" lon="-36.451208">
        <ele>5</ele>
      </trkpt>
      <trkpt lat="-10.397149" lon="-36.451505">
        <ele>6</ele>
      </trkpt>
      <trkpt lat="-10.397006" lon="-36.452511">
        <ele>4.08</ele>
      </trkpt>
      <trkpt lat="-10.396885" lon="-36.453428">
        <ele>5.55</ele>
      </trkpt>
      <trkpt lat="-10.39675" lon="-36.454389">
        <ele>5.56</ele>
      </trkpt>
      <trkpt lat="-10.396672" lon="-36.454786">
        <ele>5.14</ele>
      </trkpt>
      <trkpt lat="-10.39654" lon="-36.455287">
        <ele>5.8</ele>
      </trkpt>
      <trkpt lat="-10.395689" lon="-36.457601">
        <ele>5.37</ele>
      </trkpt>
      <trkpt lat="-10.395492" lon="-36.458159">
        <ele>6.07</ele>
      </trkpt>
      <trkpt lat="-10.39464" lon="-36.460498">
        <ele>6</ele>
      </trkpt>
      <trkpt lat="-10.394368" lon="-36.461216">
        <ele>7.3</ele>
      </trkpt>
      <trkpt lat="-10.393836" lon="-36.462588">
        <ele>4.1</ele>
      </trkpt>
      <trkpt lat="-10.39364" lon="-36.463103">
        <ele>6</ele>
      </trkpt>
      <trkpt lat="-10.393212" lon="-36.464146">
        <ele>4.73</ele>
      </trkpt>
      <trkpt lat="-10.39311" lon="-36.464384">
        <ele>4.13</ele>
      </trkpt>
      <trkpt lat="-10.392702" lon="-36.465338">
        <ele>7.26</ele>
      </trkpt>
      <trkpt lat="-10.392172" lon="-36.46658">
        <ele>7.81</ele>
      </trkpt>
      <trkpt lat="-10.391377" lon="-36.468461">
        <ele>5.11</ele>
      </trkpt>
      <trkpt lat="-10.39092" lon="-36.469551">
        <ele>6</ele>
      </trkpt>
      <trkpt lat="-10.390107" lon="-36.47143">
        <ele>5</ele>
      </trkpt>
      <trkpt lat="-10.389723" lon="-36.472246">
        <ele>5</ele>
      </trkpt>
      <trkpt lat="-10.389296" lon="-36.473194">
        <ele>7.09</ele>
      </trkpt>
      <trkpt lat="-10.388975" lon="-36.473905">
        <ele>6</ele>
      </trkpt>
      <trkpt lat="-10.38618" lon="-36.480219">
        <ele>6</ele>
      </trkpt>
      <trkpt lat="-10.385952" lon="-36.480736">
        <ele>7.07</ele>
      </trkpt>
      <trkpt lat="-10.384793" lon="-36.483377">
        <ele>6</ele>
      </trkpt>
      <trkpt lat="-10.384453" lon="-36.484111">
        <ele>5</ele>
      </trkpt>
      <trkpt lat="-10.383885" lon="-36.485336">
        <ele>7</ele>
      </trkpt>
      <trkpt lat="-10.383544" lon="-36.48607">
        <ele>6.15</ele>
      </trkpt>
      <trkpt lat="-10.383294" lon="-36.486394">
        <ele>5.95</ele>
      </trkpt>
      <trkpt lat="-10.383054" lon="-36.486597">
        <ele>6.09</ele>
      </trkpt>
      <trkpt lat="-10.382753" lon="-36.486766">
        <ele>5.41</ele>
      </trkpt>
      <trkpt lat="-10.38235" lon="-36.486905">
        <ele>6.74</ele>
      </trkpt>
      <trkpt lat="-10.381547" lon="-36.487079">
        <ele>7</ele>
      </trkpt>
      <trkpt lat="-10.380954" lon="-36.48722">
        <ele>6.27</ele>
      </trkpt>
      <trkpt lat="-10.380353" lon="-36.48737">
        <ele>7.41</ele>
      </trkpt>
      <trkpt lat="-10.38001" lon="-36.487447">
        <ele>8.64</ele>
      </trkpt>
      <trkpt lat="-10.378672" lon="-36.487785">
        <ele>7.08</ele>
      </trkpt>
      <trkpt lat="-10.377492" lon="-36.488238">
        <ele>5.81</ele>
      </trkpt>
      <trkpt lat="-10.373096" lon="-36.489694">
        <ele>5.17</ele>
      </trkpt>
      <trkpt lat="-10.372525" lon="-36.489894">
        <ele>6.86</ele>
      </trkpt>
      <trkpt lat="-10.37194" lon="-36.490038">
        <ele>6</ele>
      </trkpt>
      <trkpt lat="-10.371589" lon="-36.490033">
        <ele>6.05</ele>
      </trkpt>
      <trkpt lat="-10.370799" lon="-36.489962">
        <ele>7.81</ele>
      </trkpt>
      <trkpt lat="-10.370272" lon="-36.489914">
        <ele>7.14</ele>
      </trkpt>
      <trkpt lat="-10.369011" lon="-36.489825">
        <ele>6.69</ele>
      </trkpt>
      <trkpt lat="-10.368227" lon="-36.489736">
        <ele>6.95</ele>
      </trkpt>
      <trkpt lat="-10.36794" lon="-36.48967">
        <ele>7.2</ele>
      </trkpt>
      <trkpt lat="-10.367664" lon="-36.489571">
        <ele>7</ele>
      </trkpt>
      <trkpt lat="-10.367183" lon="-36.489294">
        <ele>7.05</ele>
      </trkpt>
      <trkpt lat="-10.366956" lon="-36.489069">
        <ele>7.03</ele>
      </trkpt>
      <trkpt lat="-10.366365" lon="-36.488326">
        <ele>6.96</ele>
      </trkpt>
      <trkpt lat="-10.365283" lon="-36.487015">
        <ele>7</ele>
      </trkpt>
      <trkpt lat="-10.364908" lon="-36.486612">
        <ele>6.34</ele>
      </trkpt>
      <trkpt lat="-10.364233" lon="-36.486132">
        <ele>6.01</ele>
      </trkpt>
      <trkpt lat="-10.361666" lon="-36.484387">
        <ele>6</ele>
      </trkpt>
      <trkpt lat="-10.3589" lon="-36.483209">
        <ele>6</ele>
      </trkpt>
      <trkpt lat="-10.3583" lon="-36.483067">
        <ele>6</ele>
      </trkpt>
      <trkpt lat="-10.356613" lon="-36.482928">
        <ele>6.38</ele>
      </trkpt>
      <trkpt lat="-10.354471" lon="-36.48282">
        <ele>8.47</ele>
      </trkpt>
      <trkpt lat="-10.353132" lon="-36.482753">
        <ele>7.34</ele>
      </trkpt>
      <trkpt lat="-10.351258" lon="-36.482658">
        <ele>8.59</ele>
      </trkpt>
      <trkpt lat="-10.349919" lon="-36.482591">
        <ele>6</ele>
      </trkpt>
      <trkpt lat="-10.348848" lon="-36.482537">
        <ele>6.09</ele>
      </trkpt>
      <trkpt lat="-10.348401" lon="-36.482522">
        <ele>6.01</ele>
      </trkpt>
      <trkpt lat="-10.348012" lon="-36.482641">
        <ele>6.4</ele>
      </trkpt>
      <trkpt lat="-10.347592" lon="-36.482858">
        <ele>6.87</ele>
      </trkpt>
      <trkpt lat="-10.346548" lon="-36.483522">
        <ele>2.25</ele>
      </trkpt>
      <trkpt lat="-10.345833" lon="-36.484188">
        <ele>3</ele>
      </trkpt>
      <trkpt lat="-10.344594" lon="-36.485513">
        <ele>4.61</ele>
      </trkpt>
      <trkpt lat="-10.342996" lon="-36.487228">
        <ele>2.66</ele>
      </trkpt>
      <trkpt lat="-10.342312" lon="-36.487597">
        <ele>2</ele>
      </trkpt>
      <trkpt lat="-10.341731" lon="-36.487846">
        <ele>3</ele>
      </trkpt>
      <trkpt lat="-10.34142" lon="-36.48806">
        <ele>2.87</ele>
      </trkpt>
      <trkpt lat="-10.341174" lon="-36.488296">
        <ele>2.91</ele>
      </trkpt>
      <trkpt lat="-10.340717" lon="-36.488856">
        <ele>3</ele>
      </trkpt>
      <trkpt lat="-10.340277" lon="-36.489352">
        <ele>4</ele>
      </trkpt>
      <trkpt lat="-10.339854" lon="-36.489643">
        <ele>3.85</ele>
      </trkpt>
      <trkpt lat="-10.337955" lon="-36.490331">
        <ele>2.94</ele>
      </trkpt>
      <trkpt lat="-10.336954" lon="-36.490716">
        <ele>4.35</ele>
      </trkpt>
      <trkpt lat="-10.336543" lon="-36.490944">
        <ele>3</ele>
      </trkpt>
      <trkpt lat="-10.336149" lon="-36.491317">
        <ele>3.54</ele>
      </trkpt>
      <trkpt lat="-10.33296" lon="-36.495722">
        <ele>3.29</ele>
      </trkpt>
      <trkpt lat="-10.33231" lon="-36.496514">
        <ele>3.73</ele>
      </trkpt>
      <trkpt lat="-10.331919" lon="-36.496802">
        <ele>3.99</ele>
      </trkpt>
      <trkpt lat="-10.330438" lon="-36.497672">
        <ele>5.29</ele>
      </trkpt>
      <trkpt lat="-10.329987" lon="-36.497937">
        <ele>10.51</ele>
      </trkpt>
      <trkpt lat="-10.329659" lon="-36.498138">
        <ele>11.09</ele>
      </trkpt>
      <trkpt lat="-10.329345" lon="-36.498403">
        <ele>11</ele>
      </trkpt>
      <trkpt lat="-10.329102" lon="-36.49867">
        <ele>10.3</ele>
      </trkpt>
      <trkpt lat="-10.328874" lon="-36.498993">
        <ele>11</ele>
      </trkpt>
      <trkpt lat="-10.328572" lon="-36.499447">
        <ele>11</ele>
      </trkpt>
      <trkpt lat="-10.327998" lon="-36.500345">
        <ele>12</ele>
      </trkpt>
      <trkpt lat="-10.327711" lon="-36.500794">
        <ele>10</ele>
      </trkpt>
      <trkpt lat="-10.32707" lon="-36.50192">
        <ele>12</ele>
      </trkpt>
      <trkpt lat="-10.326672" lon="-36.50291">
        <ele>11</ele>
      </trkpt>
      <trkpt lat="-10.326325" lon="-36.504123">
        <ele>13.4</ele>
      </trkpt>
      <trkpt lat="-10.326124" lon="-36.505184">
        <ele>14.25</ele>
      </trkpt>
      <trkpt lat="-10.325974" lon="-36.505981">
        <ele>12.2</ele>
      </trkpt>
      <trkpt lat="-10.325931" lon="-36.506521">
        <ele>10.96</ele>
      </trkpt>
      <trkpt lat="-10.325759" lon="-36.508685">
        <ele>11.06</ele>
      </trkpt>
      <trkpt lat="-10.325609" lon="-36.510578">
        <ele>13.05</ele>
      </trkpt>
      <trkpt lat="-10.325415" lon="-36.513012">
        <ele>11.03</ele>
      </trkpt>
      <trkpt lat="-10.325004" lon="-36.518245">
        <ele>13</ele>
      </trkpt>
      <trkpt lat="-10.324873" lon="-36.519932">
        <ele>10.91</ele>
      </trkpt>
      <trkpt lat="-10.324758" lon="-36.52049">
        <ele>11.11</ele>
      </trkpt>
      <trkpt lat="-10.324533" lon="-36.520978">
        <ele>12.73</ele>
      </trkpt>
      <trkpt lat="-10.324217" lon="-36.521386">
        <ele>11</ele>
      </trkpt>
      <trkpt lat="-10.323804" lon="-36.521745">
        <ele>11</ele>
      </trkpt>
      <trkpt lat="-10.323253" lon="-36.521993">
        <ele>10</ele>
      </trkpt>
      <trkpt lat="-10.322743" lon="-36.522104">
        <ele>9.34</ele>
      </trkpt>
      <trkpt lat="-10.320859" lon="-36.522288">
        <ele>4.08</ele>
      </trkpt>
      <trkpt lat="-10.318706" lon="-36.522498">
        <ele>23.2</ele>
      </trkpt>
      <trkpt lat="-10.31736" lon="-36.522629">
        <ele>24</ele>
      </trkpt>
      <trkpt lat="-10.314669" lon="-36.522891">
        <ele>34.48</ele>
      </trkpt>
      <trkpt lat="-10.31206" lon="-36.523145">
        <ele>37.92</ele>
      </trkpt>
      <trkpt lat="-10.309855" lon="-36.523361">
        <ele>37.96</ele>
      </trkpt>
      <trkpt lat="-10.307656" lon="-36.523576">
        <ele>35</ele>
      </trkpt>
      <trkpt lat="-10.306011" lon="-36.523738">
        <ele>37.77</ele>
      </trkpt>
      <trkpt lat="-10.304909" lon="-36.523849">
        <ele>38</ele>
      </trkpt>
      <trkpt lat="-10.303532" lon="-36.523986">
        <ele>41.7</ele>
      </trkpt>
      <trkpt lat="-10.301879" lon="-36.524152">
        <ele>41.96</ele>
      </trkpt>
      <trkpt lat="-10.299835" lon="-36.524357">
        <ele>44.87</ele>
      </trkpt>
      <trkpt lat="-10.298999" lon="-36.524461">
        <ele>46.24</ele>
      </trkpt>
      <trkpt lat="-10.298442" lon="-36.524563">
        <ele>46.94</ele>
      </trkpt>
      <trkpt lat="-10.297603" lon="-36.524823">
        <ele>49.39</ele>
      </trkpt>
      <trkpt lat="-10.296768" lon="-36.525175">
        <ele>50.02</ele>
      </trkpt>
      <trkpt lat="-10.296502" lon="-36.525273">
        <ele>49.44</ele>
      </trkpt>
      <trkpt lat="-10.296343" lon="-36.525317">
        <ele>49.19</ele>
      </trkpt>
      <trkpt lat="-10.296298" lon="-36.525284">
        <ele>49.41</ele>
      </trkpt>
      <trkpt lat="-10.296247" lon="-36.525264">
        <ele>49.83</ele>
      </trkpt>
      <trkpt lat="-10.29617" lon="-36.525258">
        <ele>50.32</ele>
      </trkpt>
      <trkpt lat="-10.296096" lon="-36.525277">
        <ele>50.65</ele>
      </trkpt>
      <trkpt lat="-10.296032" lon="-36.525321">
        <ele>50.78</ele>
      </trkpt>
      <trkpt lat="-10.295985" lon="-36.525383">
        <ele>50.69</ele>
      </trkpt>
      <trkpt lat="-10.295961" lon="-36.525461">
        <ele>50.41</ele>
      </trkpt>
      <trkpt lat="-10.295827" lon="-36.525662">
        <ele>50.82</ele>
      </trkpt>
      <trkpt lat="-10.295659" lon="-36.525873">
        <ele>50.77</ele>
      </trkpt>
      <trkpt lat="-10.295282" lon="-36.526187">
        <ele>51.21</ele>
      </trkpt>
      <trkpt lat="-10.294736" lon="-36.526709">
        <ele>51.09</ele>
      </trkpt>
      <trkpt lat="-10.294392" lon="-36.52708">
        <ele>51.93</ele>
      </trkpt>
      <trkpt lat="-10.294074" lon="-36.52749">
        <ele>51.1</ele>
      </trkpt>
      <trkpt lat="-10.293882" lon="-36.527768">
        <ele>51.64</ele>
      </trkpt>
      <trkpt lat="-10.293422" lon="-36.528492">
        <ele>50.53</ele>
      </trkpt>
      <trkpt lat="-10.293104" lon="-36.528995">
        <ele>52.84</ele>
      </trkpt>
      <trkpt lat="-10.292478" lon="-36.529991">
        <ele>53.39</ele>
      </trkpt>
      <trkpt lat="-10.29218" lon="-36.530464">
        <ele>55.84</ele>
      </trkpt>
      <trkpt lat="-10.290691" lon="-36.532831">
        <ele>55.09</ele>
      </trkpt>
      <trkpt lat="-10.290244" lon="-36.533542">
        <ele>58.12</ele>
      </trkpt>
      <trkpt lat="-10.289628" lon="-36.534523">
        <ele>56.56</ele>
      </trkpt>
      <trkpt lat="-10.28914" lon="-36.535289">
        <ele>57.54</ele>
      </trkpt>
      <trkpt lat="-10.288814" lon="-36.53583">
        <ele>59</ele>
      </trkpt>
      <trkpt lat="-10.288549" lon="-36.536385">
        <ele>59</ele>
      </trkpt>
      <trkpt lat="-10.288347" lon="-36.537047">
        <ele>59.03</ele>
      </trkpt>
      <trkpt lat="-10.288248" lon="-36.537487">
        <ele>59.61</ele>
      </trkpt>
      <trkpt lat="-10.287901" lon="-36.539428">
        <ele>60</ele>
      </trkpt>
      <trkpt lat="-10.287755" lon="-36.540244">
        <ele>61.81</ele>
      </trkpt>
      <trkpt lat="-10.287574" lon="-36.541256">
        <ele>61</ele>
      </trkpt>
      <trkpt lat="-10.287179" lon="-36.54359">
        <ele>61</ele>
      </trkpt>
      <trkpt lat="-10.28707" lon="-36.544282">
        <ele>61.52</ele>
      </trkpt>
      <trkpt lat="-10.286888" lon="-36.545254">
        <ele>61.64</ele>
      </trkpt>
      <trkpt lat="-10.286631" lon="-36.546723">
        <ele>62.33</ele>
      </trkpt>
      <trkpt lat="-10.286436" lon="-36.547744">
        <ele>61</ele>
      </trkpt>
      <trkpt lat="-10.286355" lon="-36.548248">
        <ele>61.79</ele>
      </trkpt>
      <trkpt lat="-10.286193" lon="-36.549083">
        <ele>62</ele>
      </trkpt>
      <trkpt lat="-10.286013" lon="-36.550211">
        <ele>63</ele>
      </trkpt>
      <trkpt lat="-10.28588" lon="-36.550994">
        <ele>63</ele>
      </trkpt>
      <trkpt lat="-10.285791" lon="-36.551445">
        <ele>63</ele>
      </trkpt>
      <trkpt lat="-10.285679" lon="-36.552081">
        <ele>63.46</ele>
      </trkpt>
      <trkpt lat="-10.285556" lon="-36.552789">
        <ele>63</ele>
      </trkpt>
      <trkpt lat="-10.285374" lon="-36.553912">
        <ele>62</ele>
      </trkpt>
      <trkpt lat="-10.28532" lon="-36.554184">
        <ele>61.94</ele>
      </trkpt>
      <trkpt lat="-10.2853" lon="-36.554352">
        <ele>62</ele>
      </trkpt>
      <trkpt lat="-10.285193" lon="-36.554889">
        <ele>62</ele>
      </trkpt>
      <trkpt lat="-10.285164" lon="-36.555086">
        <ele>62</ele>
      </trkpt>
      <trkpt lat="-10.285076" lon="-36.55555">
        <ele>62</ele>
      </trkpt>
      <trkpt lat="-10.284804" lon="-36.557182">
        <ele>62.04</ele>
      </trkpt>
      <trkpt lat="-10.284761" lon="-36.557318">
        <ele>62</ele>
      </trkpt>
      <trkpt lat="-10.284674" lon="-36.55748">
        <ele>62.59</ele>
      </trkpt>
      <trkpt lat="-10.284558" lon="-36.557602">
        <ele>62.69</ele>
      </trkpt>
      <trkpt lat="-10.284512" lon="-36.557646">
        <ele>62.75</ele>
      </trkpt>
      <trkpt lat="-10.28448" lon="-36.557701">
        <ele>62.87</ele>
      </trkpt>
      <trkpt lat="-10.284292" lon="-36.557758">
        <ele>63</ele>
      </trkpt>
      <trkpt lat="-10.284117" lon="-36.557777">
        <ele>63</ele>
      </trkpt>
      <trkpt lat="-10.283959" lon="-36.55781">
        <ele>63</ele>
      </trkpt>
      <trkpt lat="-10.283638" lon="-36.557894">
        <ele>64</ele>
      </trkpt>
      <trkpt lat="-10.283304" lon="-36.557937">
        <ele>64.91</ele>
      </trkpt>
      <trkpt lat="-10.282947" lon="-36.560909">
        <ele>66</ele>
      </trkpt>
      <trkpt lat="-10.282121" lon="-36.56111">
        <ele>68.98</ele>
      </trkpt>
      <trkpt lat="-10.281338" lon="-36.561303">
        <ele>68.98</ele>
      </trkpt>
      <trkpt lat="-10.281374" lon="-36.56155">
        <ele>68.23</ele>
      </trkpt>
      <trkpt lat="-10.281404" lon="-36.562096">
        <ele>68.05</ele>
      </trkpt>
      <trkpt lat="-10.281495" lon="-36.562895">
        <ele>67.81</ele>
      </trkpt>
      <trkpt lat="-10.282058" lon="-36.56454">
        <ele>66.16</ele>
      </trkpt>
      <trkpt lat="-10.282233" lon="-36.565171">
        <ele>66</ele>
      </trkpt>
      <trkpt lat="-10.282436" lon="-36.565778">
        <ele>64.95</ele>
      </trkpt>
      <trkpt lat="-10.282884" lon="-36.567202">
        <ele>63.77</ele>
      </trkpt>
      <trkpt lat="-10.283006" lon="-36.567648">
        <ele>63</ele>
      </trkpt>
      <trkpt lat="-10.283043" lon="-36.567832">
        <ele>62.36</ele>
      </trkpt>
      <trkpt lat="-10.283071" lon="-36.568016">
        <ele>61.94</ele>
      </trkpt>
      <trkpt lat="-10.283086" lon="-36.568324">
        <ele>61.02</ele>
      </trkpt>
      <trkpt lat="-10.283094" lon="-36.568709">
        <ele>61</ele>
      </trkpt>
      <trkpt lat="-10.283066" lon="-36.569959">
        <ele>58.92</ele>
      </trkpt>
      <trkpt lat="-10.283189" lon="-36.5702">
        <ele>59.38</ele>
      </trkpt>
      <trkpt lat="-10.283341" lon="-36.570791">
        <ele>60.69</ele>
      </trkpt>
      <trkpt lat="-10.283636" lon="-36.571805">
        <ele>62</ele>
      </trkpt>
      <trkpt lat="-10.283735" lon="-36.57197">
        <ele>61.97</ele>
      </trkpt>
      <trkpt lat="-10.283957" lon="-36.572384">
        <ele>60.5</ele>
      </trkpt>
      <trkpt lat="-10.284458" lon="-36.573188">
        <ele>58</ele>
      </trkpt>
      <trkpt lat="-10.284617" lon="-36.573473">
        <ele>57.01</ele>
      </trkpt>
      <trkpt lat="-10.284804" lon="-36.573853">
        <ele>55</ele>
      </trkpt>
      <trkpt lat="-10.285466" lon="-36.5756">
        <ele>51.79</ele>
      </trkpt>
      <trkpt lat="-10.285656" lon="-36.576127">
        <ele>51.77</ele>
      </trkpt>
      <trkpt lat="-10.286036" lon="-36.577182">
        <ele>48.64</ele>
      </trkpt>
      <trkpt lat="-10.286231" lon="-36.577684">
        <ele>44.57</ele>
      </trkpt>
      <trkpt lat="-10.28672" lon="-36.578746">
        <ele>43</ele>
      </trkpt>
      <trkpt lat="-10.287252" lon="-36.579713">
        <ele>45.49</ele>
      </trkpt>
      <trkpt lat="-10.287255" lon="-36.579823">
        <ele>45.48</ele>
      </trkpt>
      <trkpt lat="-10.287219" lon="-36.579999">
        <ele>45.69</ele>
      </trkpt>
      <trkpt lat="-10.287197" lon="-36.580197">
        <ele>45.82</ele>
      </trkpt>
      <trkpt lat="-10.287224" lon="-36.58031">
        <ele>44.94</ele>
      </trkpt>
      <trkpt lat="-10.287503" lon="-36.580837">
        <ele>42.98</ele>
      </trkpt>
      <trkpt lat="-10.287997" lon="-36.581744">
        <ele>40.92</ele>
      </trkpt>
      <trkpt lat="-10.288155" lon="-36.582055">
        <ele>39.05</ele>
      </trkpt>
      <trkpt lat="-10.288318" lon="-36.582421">
        <ele>38</ele>
      </trkpt>
      <trkpt lat="-10.288481" lon="-36.582756">
        <ele>37.05</ele>
      </trkpt>
      <trkpt lat="-10.288522" lon="-36.582938">
        <ele>36.16</ele>
      </trkpt>
      <trkpt lat="-10.288624" lon="-36.58307">
        <ele>34.79</ele>
      </trkpt>
      <trkpt lat="-10.288845" lon="-36.5835">
        <ele>31.81</ele>
      </trkpt>
      <trkpt lat="-10.289112" lon="-36.583386">
        <ele>31.57</ele>
      </trkpt>
      <trkpt lat="-10.28906" lon="-36.583129">
        <ele>32.54</ele>
      </trkpt>
      <trkpt lat="-10.28906" lon="-36.583129">
        <ele>32.54</ele>
      </trkpt>
      <trkpt lat="-10.288982" lon="-36.582746">
        <ele>33.98</ele>
      </trkpt>
      <trkpt lat="-10.288919" lon="-36.582568">
        <ele>33.53</ele>
      </trkpt>
      <trkpt lat="-10.288858" lon="-36.582426">
        <ele>33.71</ele>
      </trkpt>
      <trkpt lat="-10.288834" lon="-36.582399">
        <ele>33.58</ele>
      </trkpt>
      <trkpt lat="-10.288623" lon="-36.582046">
        <ele>34.44</ele>
      </trkpt>
      <trkpt lat="-10.287824" lon="-36.580913">
        <ele>42.11</ele>
      </trkpt>
      <trkpt lat="-10.287711" lon="-36.580733">
        <ele>43.77</ele>
      </trkpt>
      <trkpt lat="-10.287407" lon="-36.580074">
        <ele>44.65</ele>
      </trkpt>
      <trkpt lat="-10.287252" lon="-36.579713">
        <ele>45.49</ele>
      </trkpt>
      <trkpt lat="-10.28672" lon="-36.578746">
        <ele>43</ele>
      </trkpt>
      <trkpt lat="-10.286231" lon="-36.577684">
        <ele>44.57</ele>
      </trkpt>
      <trkpt lat="-10.286036" lon="-36.577182">
        <ele>48.64</ele>
      </trkpt>
      <trkpt lat="-10.285656" lon="-36.576127">
        <ele>51.77</ele>
      </trkpt>
      <trkpt lat="-10.285466" lon="-36.5756">
        <ele>51.79</ele>
      </trkpt>
      <trkpt lat="-10.284804" lon="-36.573853">
        <ele>55</ele>
      </trkpt>
      <trkpt lat="-10.284617" lon="-36.573473">
        <ele>57.01</ele>
      </trkpt>
      <trkpt lat="-10.284458" lon="-36.573188">
        <ele>58</ele>
      </trkpt>
      <trkpt lat="-10.283957" lon="-36.572384">
        <ele>60.5</ele>
      </trkpt>
      <trkpt lat="-10.283735" lon="-36.57197">
        <ele>61.97</ele>
      </trkpt>
      <trkpt lat="-10.283574" lon="-36.571325">
        <ele>62</ele>
      </trkpt>
      <trkpt lat="-10.283364" lon="-36.570135">
        <ele>59.18</ele>
      </trkpt>
      <trkpt lat="-10.283272" lon="-36.569477">
        <ele>58.44</ele>
      </trkpt>
      <trkpt lat="-10.283078" lon="-36.569411">
        <ele>59</ele>
      </trkpt>
      <trkpt lat="-10.282808" lon="-36.569427">
        <ele>59.76</ele>
      </trkpt>
      <trkpt lat="-10.282627" lon="-36.568944">
        <ele>61</ele>
      </trkpt>
      <trkpt lat="-10.282387" lon="-36.568563">
        <ele>61.75</ele>
      </trkpt>
      <trkpt lat="-10.282083" lon="-36.568123">
        <ele>64</ele>
      </trkpt>
      <trkpt lat="-10.281747" lon="-36.567628">
        <ele>64</ele>
      </trkpt>
      <trkpt lat="-10.281354" lon="-36.567118">
        <ele>65.15</ele>
      </trkpt>
      <trkpt lat="-10.280708" lon="-36.566542">
        <ele>66.67</ele>
      </trkpt>
      <trkpt lat="-10.280063" lon="-36.56601">
        <ele>67.98</ele>
      </trkpt>
      <trkpt lat="-10.279652" lon="-36.565654">
        <ele>68.14</ele>
      </trkpt>
      <trkpt lat="-10.279332" lon="-36.565421">
        <ele>69.29</ele>
      </trkpt>
      <trkpt lat="-10.278817" lon="-36.56506">
        <ele>69.93</ele>
      </trkpt>
      <trkpt lat="-10.277631" lon="-36.564204">
        <ele>71</ele>
      </trkpt>
      <trkpt lat="-10.277023" lon="-36.563763">
        <ele>72.94</ele>
      </trkpt>
      <trkpt lat="-10.276531" lon="-36.563396">
        <ele>73</ele>
      </trkpt>
      <trkpt lat="-10.276258" lon="-36.563172">
        <ele>73.42</ele>
      </trkpt>
      <trkpt lat="-10.276065" lon="-36.563002">
        <ele>73.59</ele>
      </trkpt>
      <trkpt lat="-10.27561" lon="-36.56258">
        <ele>74</ele>
      </trkpt>
      <trkpt lat="-10.275366" lon="-36.562411">
        <ele>73</ele>
      </trkpt>
      <trkpt lat="-10.27482" lon="-36.562108">
        <ele>71.31</ele>
      </trkpt>
      <trkpt lat="-10.274531" lon="-36.56189">
        <ele>70.53</ele>
      </trkpt>
      <trkpt lat="-10.274305" lon="-36.561708">
        <ele>69.01</ele>
      </trkpt>
      <trkpt lat="-10.273981" lon="-36.561366">
        <ele>67.09</ele>
      </trkpt>
      <trkpt lat="-10.273766" lon="-36.561101">
        <ele>65.82</ele>
      </trkpt>
      <trkpt lat="-10.273583" lon="-36.560832">
        <ele>64.92</ele>
      </trkpt>
      <trkpt lat="-10.273438" lon="-36.560584">
        <ele>64.63</ele>
      </trkpt>
      <trkpt lat="-10.273339" lon="-36.560266">
        <ele>63.3</ele>
      </trkpt>
      <trkpt lat="-10.273209" lon="-36.55975">
        <ele>62.52</ele>
      </trkpt>
      <trkpt lat="-10.273111" lon="-36.559444">
        <ele>63.76</ele>
      </trkpt>
      <trkpt lat="-10.273069" lon="-36.559352">
        <ele>64</ele>
      </trkpt>
      <trkpt lat="-10.273001" lon="-36.559228">
        <ele>64.01</ele>
      </trkpt>
      <trkpt lat="-10.272979" lon="-36.559159">
        <ele>64.07</ele>
      </trkpt>
      <trkpt lat="-10.273032" lon="-36.558937">
        <ele>64.85</ele>
      </trkpt>
      <trkpt lat="-10.273114" lon="-36.558216">
        <ele>66</ele>
      </trkpt>
      <trkpt lat="-10.272575" lon="-36.558208">
        <ele>68.87</ele>
      </trkpt>
      <trkpt lat="-10.272036" lon="-36.558199">
        <ele>69.01</ele>
      </trkpt>
      <trkpt lat="-10.271228" lon="-36.558187">
        <ele>66.24</ele>
      </trkpt>
      <trkpt lat="-10.270087" lon="-36.558165">
        <ele>70.11</ele>
      </trkpt>
      <trkpt lat="-10.269597" lon="-36.558173">
        <ele>72.84</ele>
      </trkpt>
      <trkpt lat="-10.268466" lon="-36.558196">
        <ele>74</ele>
      </trkpt>
      <trkpt lat="-10.268196" lon="-36.55823">
        <ele>75.08</ele>
      </trkpt>
      <trkpt lat="-10.267383" lon="-36.558332">
        <ele>73.02</ele>
      </trkpt>
      <trkpt lat="-10.265774" lon="-36.558537">
        <ele>72.96</ele>
      </trkpt>
      <trkpt lat="-10.263845" lon="-36.55881">
        <ele>71</ele>
      </trkpt>
      <trkpt lat="-10.262728" lon="-36.558993">
        <ele>70.37</ele>
      </trkpt>
      <trkpt lat="-10.26147" lon="-36.559202">
        <ele>67.14</ele>
      </trkpt>
      <trkpt lat="-10.260507" lon="-36.559362">
        <ele>70.64</ele>
      </trkpt>
      <trkpt lat="-10.258567" lon="-36.559769">
        <ele>72.99</ele>
      </trkpt>
      <trkpt lat="-10.257916" lon="-36.559885">
        <ele>72</ele>
      </trkpt>
      <trkpt lat="-10.256026" lon="-36.560232">
        <ele>73</ele>
      </trkpt>
      <trkpt lat="-10.253554" lon="-36.560648">
        <ele>75</ele>
      </trkpt>
      <trkpt lat="-10.253433" lon="-36.560663">
        <ele>75</ele>
      </trkpt>
      <trkpt lat="-10.252866" lon="-36.560802">
        <ele>75</ele>
      </trkpt>
      <trkpt lat="-10.252232" lon="-36.560989">
        <ele>75</ele>
      </trkpt>
      <trkpt lat="-10.251015" lon="-36.561398">
        <ele>76.41</ele>
      </trkpt>
      <trkpt lat="-10.249578" lon="-36.56191">
        <ele>73</ele>
      </trkpt>
      <trkpt lat="-10.248049" lon="-36.562435">
        <ele>70.92</ele>
      </trkpt>
      <trkpt lat="-10.247029" lon="-36.562785">
        <ele>66.45</ele>
      </trkpt>
      <trkpt lat="-10.244784" lon="-36.563567">
        <ele>76.63</ele>
      </trkpt>
      <trkpt lat="-10.241967" lon="-36.564534">
        <ele>80.83</ele>
      </trkpt>
      <trkpt lat="-10.238349" lon="-36.565782">
        <ele>78.64</ele>
      </trkpt>
      <trkpt lat="-10.236899" lon="-36.566294">
        <ele>72.05</ele>
      </trkpt>
      <trkpt lat="-10.236151" lon="-36.566558">
        <ele>70.57</ele>
      </trkpt>
      <trkpt lat="-10.235385" lon="-36.566827">
        <ele>66.05</ele>
      </trkpt>
      <trkpt lat="-10.234875" lon="-36.567006">
        <ele>65.99</ele>
      </trkpt>
      <trkpt lat="-10.234664" lon="-36.567502">
        <ele>68.02</ele>
      </trkpt>
      <trkpt lat="-10.234576" lon="-36.567665">
        <ele>68.77</ele>
      </trkpt>
      <trkpt lat="-10.234469" lon="-36.567785">
        <ele>70</ele>
      </trkpt>
      <trkpt lat="-10.233902" lon="-36.56834">
        <ele>74.99</ele>
      </trkpt>
      <trkpt lat="-10.233862" lon="-36.56842">
        <ele>75.42</ele>
      </trkpt>
      <trkpt lat="-10.233785" lon="-36.568627">
        <ele>76.37</ele>
      </trkpt>
      <trkpt lat="-10.233491" lon="-36.569678">
        <ele>78</ele>
      </trkpt>
      <trkpt lat="-10.233454" lon="-36.569777">
        <ele>78.2</ele>
      </trkpt>
      <trkpt lat="-10.23339" lon="-36.569859">
        <ele>78.21</ele>
      </trkpt>
      <trkpt lat="-10.233217" lon="-36.570038">
        <ele>78</ele>
      </trkpt>
      <trkpt lat="-10.233169" lon="-36.570109">
        <ele>77.96</ele>
      </trkpt>
      <trkpt lat="-10.233104" lon="-36.570315">
        <ele>78</ele>
      </trkpt>
      <trkpt lat="-10.23308" lon="-36.570418">
        <ele>77.98</ele>
      </trkpt>
      <trkpt lat="-10.232935" lon="-36.571282">
        <ele>76.98</ele>
      </trkpt>
      <trkpt lat="-10.23267" lon="-36.572915">
        <ele>72.46</ele>
      </trkpt>
      <trkpt lat="-10.23251" lon="-36.574066">
        <ele>70.12</ele>
      </trkpt>
      <trkpt lat="-10.232502" lon="-36.574274">
        <ele>70.48</ele>
      </trkpt>
      <trkpt lat="-10.232484" lon="-36.574452">
        <ele>70.91</ele>
      </trkpt>
      <trkpt lat="-10.232404" lon="-36.574715">
        <ele>70.45</ele>
      </trkpt>
      <trkpt lat="-10.232283" lon="-36.575421">
        <ele>71.28</ele>
      </trkpt>
      <trkpt lat="-10.232017" lon="-36.576712">
        <ele>73.7</ele>
      </trkpt>
      <trkpt lat="-10.231668" lon="-36.578409">
        <ele>70.46</ele>
      </trkpt>
      <trkpt lat="-10.231557" lon="-36.579099">
        <ele>71</ele>
      </trkpt>
      <trkpt lat="-10.231533" lon="-36.579441">
        <ele>71.64</ele>
      </trkpt>
      <trkpt lat="-10.231543" lon="-36.579674">
        <ele>72.3</ele>
      </trkpt>
      <trkpt lat="-10.231598" lon="-36.580227">
        <ele>74</ele>
      </trkpt>
      <trkpt lat="-10.231657" lon="-36.580628">
        <ele>74.01</ele>
      </trkpt>
      <trkpt lat="-10.231731" lon="-36.581051">
        <ele>74.92</ele>
      </trkpt>
      <trkpt lat="-10.231937" lon="-36.582058">
        <ele>78.23</ele>
      </trkpt>
      <trkpt lat="-10.232196" lon="-36.583153">
        <ele>80.81</ele>
      </trkpt>
      <trkpt lat="-10.232377" lon="-36.583775">
        <ele>80.72</ele>
      </trkpt>
      <trkpt lat="-10.23244" lon="-36.584035">
        <ele>80.35</ele>
      </trkpt>
      <trkpt lat="-10.232616" lon="-36.584932">
        <ele>82.13</ele>
      </trkpt>
      <trkpt lat="-10.233114" lon="-36.58766">
        <ele>85</ele>
      </trkpt>
      <trkpt lat="-10.233743" lon="-36.590365">
        <ele>87</ele>
      </trkpt>
      <trkpt lat="-10.233744" lon="-36.590512">
        <ele>87</ele>
      </trkpt>
      <trkpt lat="-10.233719" lon="-36.59064">
        <ele>87</ele>
      </trkpt>
      <trkpt lat="-10.233596" lon="-36.590938">
        <ele>87</ele>
      </trkpt>
      <trkpt lat="-10.233471" lon="-36.59128">
        <ele>87</ele>
      </trkpt>
      <trkpt lat="-10.233349" lon="-36.591693">
        <ele>87</ele>
      </trkpt>
      <trkpt lat="-10.233138" lon="-36.592632">
        <ele>87.23</ele>
      </trkpt>
      <trkpt lat="-10.232852" lon="-36.594052">
        <ele>87.92</ele>
      </trkpt>
      <trkpt lat="-10.232845" lon="-36.594217">
        <ele>87.96</ele>
      </trkpt>
      <trkpt lat="-10.232868" lon="-36.594346">
        <ele>87.85</ele>
      </trkpt>
      <trkpt lat="-10.232953" lon="-36.59469">
        <ele>88.73</ele>
      </trkpt>
      <trkpt lat="-10.232982" lon="-36.594875">
        <ele>88.97</ele>
      </trkpt>
      <trkpt lat="-10.232982" lon="-36.594973">
        <ele>88.88</ele>
      </trkpt>
      <trkpt lat="-10.232971" lon="-36.595024">
        <ele>88.78</ele>
      </trkpt>
      <trkpt lat="-10.232884" lon="-36.595186">
        <ele>88.23</ele>
      </trkpt>
      <trkpt lat="-10.232697" lon="-36.595582">
        <ele>85.83</ele>
      </trkpt>
      <trkpt lat="-10.232664" lon="-36.595689">
        <ele>85.03</ele>
      </trkpt>
      <trkpt lat="-10.232664" lon="-36.595689">
        <ele>85.03</ele>
      </trkpt>
      <trkpt lat="-10.232682" lon="-36.596266">
        <ele>78.14</ele>
      </trkpt>
      <trkpt lat="-10.232711" lon="-36.59654">
        <ele>74.45</ele>
      </trkpt>
      <trkpt lat="-10.232777" lon="-36.596903">
        <ele>68.57</ele>
      </trkpt>
      <trkpt lat="-10.232775" lon="-36.59699">
        <ele>67.04</ele>
      </trkpt>
      <trkpt lat="-10.232753" lon="-36.597064">
        <ele>65.62</ele>
      </trkpt>
      <trkpt lat="-10.232705" lon="-36.597153">
        <ele>64.27</ele>
      </trkpt>
      <trkpt lat="-10.232288" lon="-36.597763">
        <ele>52.96</ele>
      </trkpt>
      <trkpt lat="-10.231935" lon="-36.598436">
        <ele>45.46</ele>
      </trkpt>
      <trkpt lat="-10.231673" lon="-36.598946">
        <ele>43.07</ele>
      </trkpt>
      <trkpt lat="-10.231549" lon="-36.599171">
        <ele>42.2</ele>
      </trkpt>
      <trkpt lat="-10.23126" lon="-36.599501">
        <ele>40.07</ele>
      </trkpt>
      <trkpt lat="-10.231145" lon="-36.599619">
        <ele>39.38</ele>
      </trkpt>
      <trkpt lat="-10.231099" lon="-36.59968">
        <ele>38.98</ele>
      </trkpt>
      <trkpt lat="-10.231033" lon="-36.599798">
        <ele>38.52</ele>
      </trkpt>
      <trkpt lat="-10.230981" lon="-36.599936">
        <ele>37.65</ele>
      </trkpt>
      <trkpt lat="-10.230858" lon="-36.600314">
        <ele>35.45</ele>
      </trkpt>
      <trkpt lat="-10.230714" lon="-36.600634">
        <ele>31.15</ele>
      </trkpt>
      <trkpt lat="-10.230546" lon="-36.600943">
        <ele>26.98</ele>
      </trkpt>
      <trkpt lat="-10.230464" lon="-36.601149">
        <ele>24.56</ele>
      </trkpt>
      <trkpt lat="-10.230422" lon="-36.601332">
        <ele>21.63</ele>
      </trkpt>
      <trkpt lat="-10.230423" lon="-36.601557">
        <ele>19.11</ele>
      </trkpt>
      <trkpt lat="-10.230445" lon="-36.601926">
        <ele>15.92</ele>
      </trkpt>
      <trkpt lat="-10.230429" lon="-36.60204">
        <ele>15.35</ele>
      </trkpt>
      <trkpt lat="-10.230393" lon="-36.602115">
        <ele>14.8</ele>
      </trkpt>
      <trkpt lat="-10.230336" lon="-36.602181">
        <ele>14.37</ele>
      </trkpt>
      <trkpt lat="-10.230259" lon="-36.602226">
        <ele>14.06</ele>
      </trkpt>
      <trkpt lat="-10.230075" lon="-36.602277">
        <ele>13.41</ele>
      </trkpt>
      <trkpt lat="-10.229874" lon="-36.602305">
        <ele>12.06</ele>
      </trkpt>
      <trkpt lat="-10.229662" lon="-36.6023">
        <ele>10.07</ele>
      </trkpt>
      <trkpt lat="-10.229382" lon="-36.602234">
        <ele>7.57</ele>
      </trkpt>
      <trkpt lat="-10.229168" lon="-36.602151">
        <ele>6.47</ele>
      </trkpt>
      <trkpt lat="-10.228729" lon="-36.601962">
        <ele>4.88</ele>
      </trkpt>
      <trkpt lat="-10.228383" lon="-36.6018">
        <ele>5.35</ele>
      </trkpt>
      <trkpt lat="-10.228151" lon="-36.601718">
        <ele>5.29</ele>
      </trkpt>
      <trkpt lat="-10.227945" lon="-36.601683">
        <ele>5.21</ele>
      </trkpt>
      <trkpt lat="-10.227791" lon="-36.601679">
        <ele>5.21</ele>
      </trkpt>
      <trkpt lat="-10.227593" lon="-36.601687">
        <ele>4.17</ele>
      </trkpt>
      <trkpt lat="-10.226112" lon="-36.601993">
        <ele>4</ele>
      </trkpt>
      <trkpt lat="-10.225689" lon="-36.602079">
        <ele>6.58</ele>
      </trkpt>
      <trkpt lat="-10.225641" lon="-36.602105">
        <ele>7.31</ele>
      </trkpt>
      <trkpt lat="-10.2256" lon="-36.602154">
        <ele>8.07</ele>
      </trkpt>
      <trkpt lat="-10.225581" lon="-36.602195">
        <ele>8.54</ele>
      </trkpt>
      <trkpt lat="-10.225576" lon="-36.602273">
        <ele>9.03</ele>
      </trkpt>
      <trkpt lat="-10.225597" lon="-36.602386">
        <ele>9.26</ele>
      </trkpt>
      <trkpt lat="-10.225803" lon="-36.602917">
        <ele>6.13</ele>
      </trkpt>
      <trkpt lat="-10.225846" lon="-36.603094">
        <ele>5.92</ele>
      </trkpt>
      <trkpt lat="-10.225864" lon="-36.603286">
        <ele>5.59</ele>
      </trkpt>
      <trkpt lat="-10.225866" lon="-36.603425">
        <ele>5.39</ele>
      </trkpt>
      <trkpt lat="-10.225751" lon="-36.603814">
        <ele>4.66</ele>
      </trkpt>
      <trkpt lat="-10.225584" lon="-36.60431">
        <ele>3</ele>
      </trkpt>
      <trkpt lat="-10.225448" lon="-36.604746">
        <ele>3.66</ele>
      </trkpt>
      <trkpt lat="-10.225415" lon="-36.604966">
        <ele>3.09</ele>
      </trkpt>
      <trkpt lat="-10.225412" lon="-36.605194">
        <ele>3</ele>
      </trkpt>
      <trkpt lat="-10.225454" lon="-36.605576">
        <ele>3.28</ele>
      </trkpt>
      <trkpt lat="-10.225532" lon="-36.605917">
        <ele>3.16</ele>
      </trkpt>
      <trkpt lat="-10.225827" lon="-36.607011">
        <ele>5.21</ele>
      </trkpt>
      <trkpt lat="-10.225922" lon="-36.607271">
        <ele>7.03</ele>
      </trkpt>
      <trkpt lat="-10.226584" lon="-36.608548">
        <ele>5.67</ele>
      </trkpt>
      <trkpt lat="-10.226723" lon="-36.608743">
        <ele>5.98</ele>
      </trkpt>
      <trkpt lat="-10.226814" lon="-36.608831">
        <ele>5.96</ele>
      </trkpt>
      <trkpt lat="-10.227664" lon="-36.609358">
        <ele>3.76</ele>
      </trkpt>
      <trkpt lat="-10.228252" lon="-36.609756">
        <ele>5.43</ele>
      </trkpt>
      <trkpt lat="-10.228638" lon="-36.610039">
        <ele>7.21</ele>
      </trkpt>
      <trkpt lat="-10.229306" lon="-36.610592">
        <ele>6.48</ele>
      </trkpt>
      <trkpt lat="-10.229757" lon="-36.610906">
        <ele>7.87</ele>
      </trkpt>
      <trkpt lat="-10.230088" lon="-36.611118">
        <ele>8.66</ele>
      </trkpt>
      <trkpt lat="-10.230332" lon="-36.611305">
        <ele>7.36</ele>
      </trkpt>
      <trkpt lat="-10.230421" lon="-36.611417">
        <ele>6.67</ele>
      </trkpt>
      <trkpt lat="-10.230479" lon="-36.611576">
        <ele>6.21</ele>
      </trkpt>
      <trkpt lat="-10.2305" lon="-36.611745">
        <ele>6.63</ele>
      </trkpt>
      <trkpt lat="-10.230483" lon="-36.612003">
        <ele>6.02</ele>
      </trkpt>
      <trkpt lat="-10.230445" lon="-36.612284">
        <ele>4.83</ele>
      </trkpt>
      <trkpt lat="-10.23039" lon="-36.61249">
        <ele>4.63</ele>
      </trkpt>
      <trkpt lat="-10.230266" lon="-36.612741">
        <ele>5.29</ele>
      </trkpt>
      <trkpt lat="-10.230208" lon="-36.612801">
        <ele>5.62</ele>
      </trkpt>
      <trkpt lat="-10.23014" lon="-36.612852">
        <ele>6.13</ele>
      </trkpt>
      <trkpt lat="-10.229988" lon="-36.612934">
        <ele>6.61</ele>
      </trkpt>
      <trkpt lat="-10.229952" lon="-36.612976">
        <ele>6.6</ele>
      </trkpt>
      <trkpt lat="-10.229932" lon="-36.613027">
        <ele>6.44</ele>
      </trkpt>
      <trkpt lat="-10.229929" lon="-36.613085">
        <ele>6.09</ele>
      </trkpt>
      <trkpt lat="-10.229938" lon="-36.613225">
        <ele>5.22</ele>
      </trkpt>
      <trkpt lat="-10.229911" lon="-36.613341">
        <ele>4.71</ele>
      </trkpt>
      <trkpt lat="-10.229835" lon="-36.613503">
        <ele>4.21</ele>
      </trkpt>
      <trkpt lat="-10.229717" lon="-36.613659">
        <ele>3.99</ele>
      </trkpt>
      <trkpt lat="-10.229593" lon="-36.613795">
        <ele>4.07</ele>
      </trkpt>
      <trkpt lat="-10.229451" lon="-36.613977">
        <ele>4.02</ele>
      </trkpt>
      <trkpt lat="-10.229411" lon="-36.614083">
        <ele>4.27</ele>
      </trkpt>
      <trkpt lat="-10.229402" lon="-36.61421">
        <ele>4.3</ele>
      </trkpt>
      <trkpt lat="-10.22942" lon="-36.614434">
        <ele>4.01</ele>
      </trkpt>
      <trkpt lat="-10.229457" lon="-36.614656">
        <ele>3.97</ele>
      </trkpt>
      <trkpt lat="-10.229529" lon="-36.614858">
        <ele>3.74</ele>
      </trkpt>
      <trkpt lat="-10.229686" lon="-36.615121">
        <ele>3.98</ele>
      </trkpt>
      <trkpt lat="-10.229856" lon="-36.615362">
        <ele>4.56</ele>
      </trkpt>
      <trkpt lat="-10.229977" lon="-36.615494">
        <ele>5.1</ele>
      </trkpt>
      <trkpt lat="-10.230099" lon="-36.615641">
        <ele>5.33</ele>
      </trkpt>
      <trkpt lat="-10.230187" lon="-36.615782">
        <ele>4.32</ele>
      </trkpt>
      <trkpt lat="-10.230204" lon="-36.615895">
        <ele>4.12</ele>
      </trkpt>
      <trkpt lat="-10.230185" lon="-36.616054">
        <ele>4.35</ele>
      </trkpt>
      <trkpt lat="-10.230137" lon="-36.616171">
        <ele>4.87</ele>
      </trkpt>
      <trkpt lat="-10.230045" lon="-36.616301">
        <ele>5.3</ele>
      </trkpt>
      <trkpt lat="-10.229893" lon="-36.616479">
        <ele>5.12</ele>
      </trkpt>
      <trkpt lat="-10.22963" lon="-36.616719">
        <ele>5.67</ele>
      </trkpt>
      <trkpt lat="-10.229504" lon="-36.616872">
        <ele>5.58</ele>
      </trkpt>
      <trkpt lat="-10.229347" lon="-36.6171">
        <ele>5.52</ele>
      </trkpt>
      <trkpt lat="-10.228815" lon="-36.617732">
        <ele>3.68</ele>
      </trkpt>
      <trkpt lat="-10.228019" lon="-36.618682">
        <ele>4.83</ele>
      </trkpt>
      <trkpt lat="-10.227763" lon="-36.619021">
        <ele>5.36</ele>
      </trkpt>
      <trkpt lat="-10.227389" lon="-36.619403">
        <ele>5.35</ele>
      </trkpt>
      <trkpt lat="-10.22714" lon="-36.61969">
        <ele>5.16</ele>
      </trkpt>
      <trkpt lat="-10.226855" lon="-36.620047">
        <ele>4.15</ele>
      </trkpt>
      <trkpt lat="-10.226579" lon="-36.620436">
        <ele>5.82</ele>
      </trkpt>
      <trkpt lat="-10.226422" lon="-36.620716">
        <ele>9.75</ele>
      </trkpt>
      <trkpt lat="-10.226257" lon="-36.62103">
        <ele>14.09</ele>
      </trkpt>
      <trkpt lat="-10.226162" lon="-36.621307">
        <ele>15.44</ele>
      </trkpt>
      <trkpt lat="-10.2261" lon="-36.621639">
        <ele>12.46</ele>
      </trkpt>
      <trkpt lat="-10.226057" lon="-36.62216">
        <ele>7.19</ele>
      </trkpt>
      <trkpt lat="-10.226042" lon="-36.622508">
        <ele>6.15</ele>
      </trkpt>
      <trkpt lat="-10.226042" lon="-36.622781">
        <ele>6.3</ele>
      </trkpt>
      <trkpt lat="-10.226052" lon="-36.622988">
        <ele>6.86</ele>
      </trkpt>
      <trkpt lat="-10.22618" lon="-36.62375">
        <ele>7</ele>
      </trkpt>
      <trkpt lat="-10.22625" lon="-36.624089">
        <ele>5.92</ele>
      </trkpt>
      <trkpt lat="-10.226413" lon="-36.624727">
        <ele>6.71</ele>
      </trkpt>
      <trkpt lat="-10.226419" lon="-36.624832">
        <ele>7.24</ele>
      </trkpt>
      <trkpt lat="-10.226394" lon="-36.624944">
        <ele>8.27</ele>
      </trkpt>
      <trkpt lat="-10.226335" lon="-36.62506">
        <ele>9.99</ele>
      </trkpt>
      <trkpt lat="-10.22608" lon="-36.625414">
        <ele>13.85</ele>
      </trkpt>
      <trkpt lat="-10.225767" lon="-36.625952">
        <ele>14.86</ele>
      </trkpt>
      <trkpt lat="-10.225282" lon="-36.626826">
        <ele>9.01</ele>
      </trkpt>
      <trkpt lat="-10.225151" lon="-36.627147">
        <ele>7.14</ele>
      </trkpt>
      <trkpt lat="-10.224945" lon="-36.627672">
        <ele>6.97</ele>
      </trkpt>
      <trkpt lat="-10.224638" lon="-36.628445">
        <ele>13.31</ele>
      </trkpt>
      <trkpt lat="-10.224446" lon="-36.628969">
        <ele>16.74</ele>
      </trkpt>
      <trkpt lat="-10.22443" lon="-36.629075">
        <ele>16.97</ele>
      </trkpt>
      <trkpt lat="-10.224428" lon="-36.629434">
        <ele>16.06</ele>
      </trkpt>
      <trkpt lat="-10.224447" lon="-36.630067">
        <ele>14.23</ele>
      </trkpt>
      <trkpt lat="-10.224441" lon="-36.630236">
        <ele>15.04</ele>
      </trkpt>
      <trkpt lat="-10.224418" lon="-36.630336">
        <ele>15.48</ele>
      </trkpt>
      <trkpt lat="-10.224229" lon="-36.630753">
        <ele>15.86</ele>
      </trkpt>
      <trkpt lat="-10.224207" lon="-36.630868">
        <ele>15.49</ele>
      </trkpt>
      <trkpt lat="-10.224216" lon="-36.630998">
        <ele>14.7</ele>
      </trkpt>
      <trkpt lat="-10.224399" lon="-36.631704">
        <ele>12.56</ele>
      </trkpt>
      <trkpt lat="-10.224565" lon="-36.632683">
        <ele>10.83</ele>
      </trkpt>
      <trkpt lat="-10.224652" lon="-36.63321">
        <ele>8</ele>
      </trkpt>
      <trkpt lat="-10.22489" lon="-36.634639">
        <ele>10.96</ele>
      </trkpt>
      <trkpt lat="-10.224991" lon="-36.635038">
        <ele>11.36</ele>
      </trkpt>
      <trkpt lat="-10.225051" lon="-36.635156">
        <ele>11.01</ele>
      </trkpt>
      <trkpt lat="-10.225136" lon="-36.635236">
        <ele>10.5</ele>
      </trkpt>
      <trkpt lat="-10.22528" lon="-36.635295">
        <ele>9.5</ele>
      </trkpt>
      <trkpt lat="-10.225374" lon="-36.635302">
        <ele>9.07</ele>
      </trkpt>
      <trkpt lat="-10.225454" lon="-36.635297">
        <ele>8.91</ele>
      </trkpt>
      <trkpt lat="-10.225784" lon="-36.63525">
        <ele>7.97</ele>
      </trkpt>
      <trkpt lat="-10.226727" lon="-36.635008">
        <ele>5.57</ele>
      </trkpt>
      <trkpt lat="-10.227936" lon="-36.634694">
        <ele>4.74</ele>
      </trkpt>
      <trkpt lat="-10.230507" lon="-36.634048">
        <ele>4.99</ele>
      </trkpt>
      <trkpt lat="-10.231292" lon="-36.633837">
        <ele>5.76</ele>
      </trkpt>
      <trkpt lat="-10.231688" lon="-36.63375">
        <ele>5.41</ele>
      </trkpt>
      <trkpt lat="-10.23194" lon="-36.633739">
        <ele>6</ele>
      </trkpt>
      <trkpt lat="-10.232148" lon="-36.633777">
        <ele>6</ele>
      </trkpt>
      <trkpt lat="-10.232331" lon="-36.633849">
        <ele>5.83</ele>
      </trkpt>
      <trkpt lat="-10.232513" lon="-36.633994">
        <ele>5.62</ele>
      </trkpt>
      <trkpt lat="-10.232766" lon="-36.634228">
        <ele>5.44</ele>
      </trkpt>
      <trkpt lat="-10.233281" lon="-36.634788">
        <ele>5.56</ele>
      </trkpt>
      <trkpt lat="-10.234635" lon="-36.636229">
        <ele>5.66</ele>
      </trkpt>
      <trkpt lat="-10.235955" lon="-36.637586">
        <ele>6</ele>
      </trkpt>
      <trkpt lat="-10.236741" lon="-36.638428">
        <ele>5.39</ele>
      </trkpt>
      <trkpt lat="-10.237753" lon="-36.639466">
        <ele>5.44</ele>
      </trkpt>
      <trkpt lat="-10.238007" lon="-36.639741">
        <ele>5.54</ele>
      </trkpt>
      <trkpt lat="-10.238368" lon="-36.640157">
        <ele>6.5</ele>
      </trkpt>
      <trkpt lat="-10.238471" lon="-36.640291">
        <ele>7.08</ele>
      </trkpt>
      <trkpt lat="-10.238573" lon="-36.640404">
        <ele>7.83</ele>
      </trkpt>
      <trkpt lat="-10.238716" lon="-36.640513">
        <ele>7.12</ele>
      </trkpt>
      <trkpt lat="-10.238832" lon="-36.640582">
        <ele>7</ele>
      </trkpt>
      <trkpt lat="-10.238803" lon="-36.640741">
        <ele>7</ele>
      </trkpt>
      <trkpt lat="-10.238787" lon="-36.640922">
        <ele>6.05</ele>
      </trkpt>
      <trkpt lat="-10.238792" lon="-36.641124">
        <ele>6</ele>
      </trkpt>
      <trkpt lat="-10.238885" lon="-36.641569">
        <ele>6</ele>
      </trkpt>
      <trkpt lat="-10.239126" lon="-36.642447">
        <ele>5</ele>
      </trkpt>
      <trkpt lat="-10.23927" lon="-36.642996">
        <ele>6</ele>
      </trkpt>
      <trkpt lat="-10.239782" lon="-36.644999">
        <ele>6</ele>
      </trkpt>
      <trkpt lat="-10.239865" lon="-36.645268">
        <ele>6</ele>
      </trkpt>
      <trkpt lat="-10.240385" lon="-36.64725">
        <ele>5.41</ele>
      </trkpt>
      <trkpt lat="-10.240463" lon="-36.647456">
        <ele>5</ele>
      </trkpt>
      <trkpt lat="-10.240505" lon="-36.647548">
        <ele>5.33</ele>
      </trkpt>
      <trkpt lat="-10.240764" lon="-36.648022">
        <ele>5.36</ele>
      </trkpt>
      <trkpt lat="-10.24102" lon="-36.64853">
        <ele>5.66</ele>
      </trkpt>
      <trkpt lat="-10.241627" lon="-36.649642">
        <ele>5.05</ele>
      </trkpt>
      <trkpt lat="-10.242292" lon="-36.650839">
        <ele>6</ele>
      </trkpt>
      <trkpt lat="-10.242353" lon="-36.650977">
        <ele>6</ele>
      </trkpt>
      <trkpt lat="-10.242419" lon="-36.651169">
        <ele>6</ele>
      </trkpt>
      <trkpt lat="-10.242462" lon="-36.651335">
        <ele>6</ele>
      </trkpt>
      <trkpt lat="-10.242545" lon="-36.65173">
        <ele>6</ele>
      </trkpt>
      <trkpt lat="-10.243009" lon="-36.653987">
        <ele>6.01</ele>
      </trkpt>
      <trkpt lat="-10.243422" lon="-36.655927">
        <ele>6.53</ele>
      </trkpt>
      <trkpt lat="-10.243588" lon="-36.656739">
        <ele>6</ele>
      </trkpt>
      <trkpt lat="-10.243781" lon="-36.656719">
        <ele>6</ele>
      </trkpt>
      <trkpt lat="-10.244003" lon="-36.656715">
        <ele>6</ele>
      </trkpt>
      <trkpt lat="-10.244443" lon="-36.656736">
        <ele>5.94</ele>
      </trkpt>
      <trkpt lat="-10.244683" lon="-36.65677">
        <ele>5.11</ele>
      </trkpt>
      <trkpt lat="-10.245003" lon="-36.657144">
        <ele>5.35</ele>
      </trkpt>
      <trkpt lat="-10.245105" lon="-36.657242">
        <ele>5.44</ele>
      </trkpt>
      <trkpt lat="-10.245496" lon="-36.657588">
        <ele>5.21</ele>
      </trkpt>
      <trkpt lat="-10.245599" lon="-36.657712">
        <ele>5.34</ele>
      </trkpt>
      <trkpt lat="-10.245849" lon="-36.658043">
        <ele>5.56</ele>
      </trkpt>
      <trkpt lat="-10.246206" lon="-36.658464">
        <ele>5.94</ele>
      </trkpt>
      <trkpt lat="-10.246342" lon="-36.65864">
        <ele>5.97</ele>
      </trkpt>
      <trkpt lat="-10.24653" lon="-36.658813">
        <ele>5.97</ele>
      </trkpt>
      <trkpt lat="-10.246644" lon="-36.658903">
        <ele>6.21</ele>
      </trkpt>
      <trkpt lat="-10.246759" lon="-36.658988">
        <ele>6</ele>
      </trkpt>
      <trkpt lat="-10.246943" lon="-36.659107">
        <ele>5.89</ele>
      </trkpt>
      <trkpt lat="-10.247041" lon="-36.659188">
        <ele>6</ele>
      </trkpt>
      <trkpt lat="-10.247096" lon="-36.659252">
        <ele>5.77</ele>
      </trkpt>
      <trkpt lat="-10.247172" lon="-36.659423">
        <ele>5.67</ele>
      </trkpt>
      <trkpt lat="-10.247199" lon="-36.659466">
        <ele>5.8</ele>
      </trkpt>
      <trkpt lat="-10.247251" lon="-36.659528">
        <ele>6</ele>
      </trkpt>
      <trkpt lat="-10.247569" lon="-36.659774">
        <ele>6</ele>
      </trkpt>
      <trkpt lat="-10.247963" lon="-36.660096">
        <ele>6.43</ele>
      </trkpt>
      <trkpt lat="-10.248443" lon="-36.660553">
        <ele>6.82</ele>
      </trkpt>
      <trkpt lat="-10.248619" lon="-36.660702">
        <ele>6.95</ele>
      </trkpt>
      <trkpt lat="-10.248804" lon="-36.660842">
        <ele>7</ele>
      </trkpt>
      <trkpt lat="-10.249044" lon="-36.661004">
        <ele>7</ele>
      </trkpt>
      <trkpt lat="-10.249127" lon="-36.661087">
        <ele>7</ele>
      </trkpt>
      <trkpt lat="-10.249228" lon="-36.661245">
        <ele>7</ele>
      </trkpt>
      <trkpt lat="-10.249316" lon="-36.661355">
        <ele>7</ele>
      </trkpt>
      <trkpt lat="-10.249338" lon="-36.661394">
        <ele>7</ele>
      </trkpt>
      <trkpt lat="-10.249359" lon="-36.661459">
        <ele>7</ele>
      </trkpt>
      <trkpt lat="-10.249395" lon="-36.661701">
        <ele>7.76</ele>
      </trkpt>
      <trkpt lat="-10.249452" lon="-36.661925">
        <ele>7.84</ele>
      </trkpt>
      <trkpt lat="-10.249469" lon="-36.662049">
        <ele>7.74</ele>
      </trkpt>
      <trkpt lat="-10.249469" lon="-36.662395">
        <ele>7.74</ele>
      </trkpt>
      <trkpt lat="-10.249477" lon="-36.662589">
        <ele>7.69</ele>
      </trkpt>
      <trkpt lat="-10.249503" lon="-36.66275">
        <ele>7.54</ele>
      </trkpt>
      <trkpt lat="-10.249545" lon="-36.662882">
        <ele>7.29</ele>
      </trkpt>
      <trkpt lat="-10.249593" lon="-36.662996">
        <ele>7.3</ele>
      </trkpt>
      <trkpt lat="-10.249642" lon="-36.663076">
        <ele>7.75</ele>
      </trkpt>
      <trkpt lat="-10.249795" lon="-36.663277">
        <ele>7.99</ele>
      </trkpt>
      <trkpt lat="-10.249853" lon="-36.663367">
        <ele>8</ele>
      </trkpt>
      <trkpt lat="-10.249919" lon="-36.663502">
        <ele>8</ele>
      </trkpt>
      <trkpt lat="-10.24995" lon="-36.663583">
        <ele>8</ele>
      </trkpt>
      <trkpt lat="-10.249975" lon="-36.663678">
        <ele>8</ele>
      </trkpt>
      <trkpt lat="-10.250063" lon="-36.664095">
        <ele>8</ele>
      </trkpt>
      <trkpt lat="-10.250224" lon="-36.664742">
        <ele>8</ele>
      </trkpt>
      <trkpt lat="-10.250277" lon="-36.664927">
        <ele>8</ele>
      </trkpt>
      <trkpt lat="-10.250346" lon="-36.665043">
        <ele>8.11</ele>
      </trkpt>
      <trkpt lat="-10.250479" lon="-36.665217">
        <ele>8</ele>
      </trkpt>
      <trkpt lat="-10.250544" lon="-36.665324">
        <ele>8</ele>
      </trkpt>
      <trkpt lat="-10.250777" lon="-36.665884">
        <ele>8.09</ele>
      </trkpt>
      <trkpt lat="-10.250839" lon="-36.665978">
        <ele>8.4</ele>
      </trkpt>
      <trkpt lat="-10.2511" lon="-36.666261">
        <ele>8</ele>
      </trkpt>
      <trkpt lat="-10.251178" lon="-36.666408">
        <ele>7.65</ele>
      </trkpt>
      <trkpt lat="-10.251415" lon="-36.667039">
        <ele>8</ele>
      </trkpt>
      <trkpt lat="-10.251606" lon="-36.667484">
        <ele>8.54</ele>
      </trkpt>
      <trkpt lat="-10.251862" lon="-36.667931">
        <ele>8</ele>
      </trkpt>
      <trkpt lat="-10.252101" lon="-36.668457">
        <ele>7</ele>
      </trkpt>
      <trkpt lat="-10.252517" lon="-36.66934">
        <ele>7</ele>
      </trkpt>
      <trkpt lat="-10.252611" lon="-36.669568">
        <ele>7.5</ele>
      </trkpt>
      <trkpt lat="-10.25269" lon="-36.669803">
        <ele>8</ele>
      </trkpt>
      <trkpt lat="-10.252777" lon="-36.670018">
        <ele>8</ele>
      </trkpt>
      <trkpt lat="-10.253766" lon="-36.67214">
        <ele>8</ele>
      </trkpt>
      <trkpt lat="-10.253963" lon="-36.672608">
        <ele>8</ele>
      </trkpt>
      <trkpt lat="-10.254112" lon="-36.673523">
        <ele>8.31</ele>
      </trkpt>
      <trkpt lat="-10.254147" lon="-36.673986">
        <ele>8.09</ele>
      </trkpt>
      <trkpt lat="-10.254138" lon="-36.67465">
        <ele>9</ele>
      </trkpt>
      <trkpt lat="-10.254205" lon="-36.674677">
        <ele>8.57</ele>
      </trkpt>
      <trkpt lat="-10.25467" lon="-36.674702">
        <ele>5.01</ele>
      </trkpt>
      <trkpt lat="-10.255262" lon="-36.674673">
        <ele>5.49</ele>
      </trkpt>
      <trkpt lat="-10.255279" lon="-36.675495">
        <ele>7.59</ele>
      </trkpt>
      <trkpt lat="-10.255296" lon="-36.676317">
        <ele>6.69</ele>
      </trkpt>
      <trkpt lat="-10.255418" lon="-36.676505">
        <ele>6.51</ele>
      </trkpt>
      <trkpt lat="-10.255539" lon="-36.67673">
        <ele>7</ele>
      </trkpt>
      <trkpt lat="-10.255486" lon="-36.67688">
        <ele>6.8</ele>
      </trkpt>
      <trkpt lat="-10.255349" lon="-36.677062">
        <ele>6</ele>
      </trkpt>
      <trkpt lat="-10.255286" lon="-36.677127">
        <ele>5.79</ele>
      </trkpt>
      <trkpt lat="-10.255935" lon="-36.67835">
        <ele>6</ele>
      </trkpt>
      <trkpt lat="-10.256014" lon="-36.678699">
        <ele>6</ele>
      </trkpt>
      <trkpt lat="-10.256094" lon="-36.678886">
        <ele>6</ele>
      </trkpt>
      <trkpt lat="-10.256257" lon="-36.679053">
        <ele>6</ele>
      </trkpt>
      <trkpt lat="-10.257053" lon="-36.679226">
        <ele>8</ele>
      </trkpt>
      <trkpt lat="-10.257849" lon="-36.679399">
        <ele>7</ele>
      </trkpt>
      <trkpt lat="-10.25924" lon="-36.679696">
        <ele>9</ele>
      </trkpt>
      <trkpt lat="-10.259989" lon="-36.679895">
        <ele>8</ele>
      </trkpt>
      <trkpt lat="-10.260575" lon="-36.68019">
        <ele>8</ele>
      </trkpt>
      <trkpt lat="-10.260929" lon="-36.680431">
        <ele>9</ele>
      </trkpt>
      <trkpt lat="-10.261063" lon="-36.680619">
        <ele>8.24</ele>
      </trkpt>
      <trkpt lat="-10.26114" lon="-36.681064">
        <ele>7.86</ele>
      </trkpt>
      <trkpt lat="-10.261282" lon="-36.681445">
        <ele>7.45</ele>
      </trkpt>
      <trkpt lat="-10.261847" lon="-36.682196">
        <ele>8</ele>
      </trkpt>
      <trkpt lat="-10.261948" lon="-36.682438">
        <ele>8</ele>
      </trkpt>
      <trkpt lat="-10.261989" lon="-36.682696">
        <ele>7.77</ele>
      </trkpt>
      <trkpt lat="-10.26163" lon="-36.684545">
        <ele>7.93</ele>
      </trkpt>
      <trkpt lat="-10.261324" lon="-36.686589">
        <ele>7.16</ele>
      </trkpt>
      <trkpt lat="-10.26112" lon="-36.688693">
        <ele>7.9</ele>
      </trkpt>
      <trkpt lat="-10.260987" lon="-36.689041">
        <ele>7.8</ele>
      </trkpt>
      <trkpt lat="-10.259247" lon="-36.691487">
        <ele>7.03</ele>
      </trkpt>
      <trkpt lat="-10.258772" lon="-36.692154">
        <ele>8</ele>
      </trkpt>
      <trkpt lat="-10.258353" lon="-36.692748">
        <ele>12.78</ele>
      </trkpt>
      <trkpt lat="-10.257658" lon="-36.693607">
        <ele>23.61</ele>
      </trkpt>
      <trkpt lat="-10.256964" lon="-36.694465">
        <ele>27</ele>
      </trkpt>
      <trkpt lat="-10.256785" lon="-36.694716">
        <ele>27</ele>
      </trkpt>
      <trkpt lat="-10.256563" lon="-36.695076">
        <ele>26.03</ele>
      </trkpt>
      <trkpt lat="-10.256304" lon="-36.695553">
        <ele>24.64</ele>
      </trkpt>
      <trkpt lat="-10.255465" lon="-36.697173">
        <ele>26.31</ele>
      </trkpt>
      <trkpt lat="-10.255291" lon="-36.697446">
        <ele>28.2</ele>
      </trkpt>
      <trkpt lat="-10.255075" lon="-36.697743">
        <ele>29.31</ele>
      </trkpt>
      <trkpt lat="-10.25423" lon="-36.698773">
        <ele>33.18</ele>
      </trkpt>
      <trkpt lat="-10.253906" lon="-36.69915">
        <ele>35</ele>
      </trkpt>
      <trkpt lat="-10.253644" lon="-36.699424">
        <ele>36</ele>
      </trkpt>
      <trkpt lat="-10.25351" lon="-36.699542">
        <ele>36</ele>
      </trkpt>
      <trkpt lat="-10.253322" lon="-36.699722">
        <ele>36.81</ele>
      </trkpt>
      <trkpt lat="-10.252971" lon="-36.699958">
        <ele>37</ele>
      </trkpt>
      <trkpt lat="-10.252522" lon="-36.700243">
        <ele>37.85</ele>
      </trkpt>
      <trkpt lat="-10.251704" lon="-36.700687">
        <ele>38.43</ele>
      </trkpt>
      <trkpt lat="-10.250311" lon="-36.701564">
        <ele>41.53</ele>
      </trkpt>
      <trkpt lat="-10.249889" lon="-36.701844">
        <ele>42.34</ele>
      </trkpt>
      <trkpt lat="-10.249748" lon="-36.701937">
        <ele>42.6</ele>
      </trkpt>
      <trkpt lat="-10.248841" lon="-36.702611">
        <ele>44.61</ele>
      </trkpt>
      <trkpt lat="-10.24846" lon="-36.702855">
        <ele>46</ele>
      </trkpt>
      <trkpt lat="-10.24808" lon="-36.703088">
        <ele>47</ele>
      </trkpt>
      <trkpt lat="-10.24764" lon="-36.703305">
        <ele>47.9</ele>
      </trkpt>
      <trkpt lat="-10.24739" lon="-36.703412">
        <ele>49.03</ele>
      </trkpt>
      <trkpt lat="-10.246674" lon="-36.703691">
        <ele>51.89</ele>
      </trkpt>
      <trkpt lat="-10.246412" lon="-36.703823">
        <ele>51.73</ele>
      </trkpt>
      <trkpt lat="-10.246257" lon="-36.703922">
        <ele>51.45</ele>
      </trkpt>
      <trkpt lat="-10.246132" lon="-36.704054">
        <ele>51.54</ele>
      </trkpt>
      <trkpt lat="-10.246066" lon="-36.704153">
        <ele>51.64</ele>
      </trkpt>
      <trkpt lat="-10.245979" lon="-36.704349">
        <ele>51.54</ele>
      </trkpt>
      <trkpt lat="-10.245884" lon="-36.704703">
        <ele>51.87</ele>
      </trkpt>
      <trkpt lat="-10.245784" lon="-36.705153">
        <ele>51.98</ele>
      </trkpt>
      <trkpt lat="-10.245643" lon="-36.705868">
        <ele>52.36</ele>
      </trkpt>
      <trkpt lat="-10.245628" lon="-36.706044">
        <ele>52.81</ele>
      </trkpt>
      <trkpt lat="-10.24562" lon="-36.70647">
        <ele>55</ele>
      </trkpt>
      <trkpt lat="-10.245604" lon="-36.707211">
        <ele>55.35</ele>
      </trkpt>
      <trkpt lat="-10.245586" lon="-36.708375">
        <ele>58.32</ele>
      </trkpt>
      <trkpt lat="-10.245549" lon="-36.708802">
        <ele>58.65</ele>
      </trkpt>
      <trkpt lat="-10.245478" lon="-36.709152">
        <ele>59</ele>
      </trkpt>
      <trkpt lat="-10.245206" lon="-36.710062">
        <ele>60.93</ele>
      </trkpt>
      <trkpt lat="-10.245136" lon="-36.710212">
        <ele>61</ele>
      </trkpt>
      <trkpt lat="-10.245064" lon="-36.710338">
        <ele>61.54</ele>
      </trkpt>
      <trkpt lat="-10.24491" lon="-36.710494">
        <ele>62</ele>
      </trkpt>
      <trkpt lat="-10.244533" lon="-36.710767">
        <ele>63</ele>
      </trkpt>
      <trkpt lat="-10.244227" lon="-36.710974">
        <ele>64</ele>
      </trkpt>
      <trkpt lat="-10.243577" lon="-36.711462">
        <ele>65</ele>
      </trkpt>
      <trkpt lat="-10.243261" lon="-36.711735">
        <ele>65</ele>
      </trkpt>
      <trkpt lat="-10.24311" lon="-36.711899">
        <ele>65</ele>
      </trkpt>
      <trkpt lat="-10.242957" lon="-36.712081">
        <ele>65</ele>
      </trkpt>
      <trkpt lat="-10.242828" lon="-36.712258">
        <ele>65</ele>
      </trkpt>
      <trkpt lat="-10.242453" lon="-36.712824">
        <ele>64.61</ele>
      </trkpt>
      <trkpt lat="-10.242292" lon="-36.713051">
        <ele>64.48</ele>
      </trkpt>
      <trkpt lat="-10.241487" lon="-36.714187">
        <ele>71.1</ele>
      </trkpt>
      <trkpt lat="-10.240986" lon="-36.714833">
        <ele>71.95</ele>
      </trkpt>
      <trkpt lat="-10.24088" lon="-36.715016">
        <ele>72.13</ele>
      </trkpt>
      <trkpt lat="-10.24083" lon="-36.715131">
        <ele>72.05</ele>
      </trkpt>
      <trkpt lat="-10.240766" lon="-36.715303">
        <ele>71.93</ele>
      </trkpt>
      <trkpt lat="-10.240489" lon="-36.716172">
        <ele>72.07</ele>
      </trkpt>
      <trkpt lat="-10.240357" lon="-36.71648">
        <ele>72.52</ele>
      </trkpt>
      <trkpt lat="-10.240236" lon="-36.716647">
        <ele>71.19</ele>
      </trkpt>
      <trkpt lat="-10.240062" lon="-36.716794">
        <ele>69.68</ele>
      </trkpt>
      <trkpt lat="-10.239903" lon="-36.716866">
        <ele>68.74</ele>
      </trkpt>
      <trkpt lat="-10.239655" lon="-36.716952">
        <ele>67.99</ele>
      </trkpt>
      <trkpt lat="-10.238916" lon="-36.717178">
        <ele>66.94</ele>
      </trkpt>
      <trkpt lat="-10.237636" lon="-36.717555">
        <ele>62</ele>
      </trkpt>
      <trkpt lat="-10.237124" lon="-36.717706">
        <ele>62.38</ele>
      </trkpt>
      <trkpt lat="-10.236723" lon="-36.717829">
        <ele>62.04</ele>
      </trkpt>
      <trkpt lat="-10.23652" lon="-36.717907">
        <ele>61.54</ele>
      </trkpt>
      <trkpt lat="-10.236171" lon="-36.718111">
        <ele>61</ele>
      </trkpt>
      <trkpt lat="-10.235612" lon="-36.718562">
        <ele>63.96</ele>
      </trkpt>
      <trkpt lat="-10.235007" lon="-36.719022">
        <ele>67</ele>
      </trkpt>
      <trkpt lat="-10.234403" lon="-36.719482">
        <ele>67.77</ele>
      </trkpt>
      <trkpt lat="-10.23308" lon="-36.720458">
        <ele>69.84</ele>
      </trkpt>
      <trkpt lat="-10.232901" lon="-36.720616">
        <ele>70.63</ele>
      </trkpt>
      <trkpt lat="-10.232687" lon="-36.720791">
        <ele>71.93</ele>
      </trkpt>
      <trkpt lat="-10.232492" lon="-36.721024">
        <ele>73.05</ele>
      </trkpt>
      <trkpt lat="-10.232304" lon="-36.721351">
        <ele>74.15</ele>
      </trkpt>
      <trkpt lat="-10.231985" lon="-36.721952">
        <ele>76.04</ele>
      </trkpt>
      <trkpt lat="-10.231731" lon="-36.722569">
        <ele>77.73</ele>
      </trkpt>
      <trkpt lat="-10.231557" lon="-36.7231">
        <ele>77.25</ele>
      </trkpt>
      <trkpt lat="-10.231399" lon="-36.723789">
        <ele>76.13</ele>
      </trkpt>
      <trkpt lat="-10.231335" lon="-36.72415">
        <ele>75</ele>
      </trkpt>
      <trkpt lat="-10.231092" lon="-36.726537">
        <ele>67.69</ele>
      </trkpt>
      <trkpt lat="-10.231029" lon="-36.726897">
        <ele>66.62</ele>
      </trkpt>
      <trkpt lat="-10.230907" lon="-36.727358">
        <ele>64.78</ele>
      </trkpt>
      <trkpt lat="-10.23066" lon="-36.728465">
        <ele>57.2</ele>
      </trkpt>
      <trkpt lat="-10.230448" lon="-36.729263">
        <ele>51.2</ele>
      </trkpt>
      <trkpt lat="-10.230411" lon="-36.729525">
        <ele>49.26</ele>
      </trkpt>
      <trkpt lat="-10.230401" lon="-36.729736">
        <ele>48.28</ele>
      </trkpt>
      <trkpt lat="-10.230459" lon="-36.729977">
        <ele>47.22</ele>
      </trkpt>
      <trkpt lat="-10.23057" lon="-36.730309">
        <ele>45.69</ele>
      </trkpt>
      <trkpt lat="-10.231177" lon="-36.732273">
        <ele>40.81</ele>
      </trkpt>
      <trkpt lat="-10.231214" lon="-36.732492">
        <ele>40.39</ele>
      </trkpt>
      <trkpt lat="-10.231198" lon="-36.732702">
        <ele>39.82</ele>
      </trkpt>
      <trkpt lat="-10.230892" lon="-36.734371">
        <ele>35.24</ele>
      </trkpt>
      <trkpt lat="-10.230863" lon="-36.734851">
        <ele>34.28</ele>
      </trkpt>
      <trkpt lat="-10.230768" lon="-36.735336">
        <ele>32.57</ele>
      </trkpt>
      <trkpt lat="-10.230668" lon="-36.73554">
        <ele>30.28</ele>
      </trkpt>
      <trkpt lat="-10.230549" lon="-36.735757">
        <ele>27.63</ele>
      </trkpt>
      <trkpt lat="-10.23034" lon="-36.735964">
        <ele>24.85</ele>
      </trkpt>
      <trkpt lat="-10.230259" lon="-36.73602">
        <ele>23.87</ele>
      </trkpt>
      <trkpt lat="-10.230063" lon="-36.736127">
        <ele>23.08</ele>
      </trkpt>
      <trkpt lat="-10.229562" lon="-36.736227">
        <ele>20.7</ele>
      </trkpt>
      <trkpt lat="-10.228232" lon="-36.736416">
        <ele>9</ele>
      </trkpt>
      <trkpt lat="-10.227701" lon="-36.736492">
        <ele>8.35</ele>
      </trkpt>
      <trkpt lat="-10.227458" lon="-36.736575">
        <ele>8.98</ele>
      </trkpt>
      <trkpt lat="-10.227265" lon="-36.736707">
        <ele>9.14</ele>
      </trkpt>
      <trkpt lat="-10.227101" lon="-36.736876">
        <ele>9.15</ele>
      </trkpt>
      <trkpt lat="-10.22698" lon="-36.737069">
        <ele>9.61</ele>
      </trkpt>
      <trkpt lat="-10.226328" lon="-36.738029">
        <ele>9.93</ele>
      </trkpt>
      <trkpt lat="-10.22618" lon="-36.73822">
        <ele>9.69</ele>
      </trkpt>
      <trkpt lat="-10.226035" lon="-36.738346">
        <ele>9.7</ele>
      </trkpt>
      <trkpt lat="-10.225911" lon="-36.738431">
        <ele>9.93</ele>
      </trkpt>
      <trkpt lat="-10.225737" lon="-36.738525">
        <ele>9.58</ele>
      </trkpt>
      <trkpt lat="-10.225623" lon="-36.73856">
        <ele>10</ele>
      </trkpt>
      <trkpt lat="-10.225428" lon="-36.738597">
        <ele>10.17</ele>
      </trkpt>
      <trkpt lat="-10.22418" lon="-36.738724">
        <ele>9.43</ele>
      </trkpt>
      <trkpt lat="-10.223963" lon="-36.738769">
        <ele>8.73</ele>
      </trkpt>
      <trkpt lat="-10.223786" lon="-36.738818">
        <ele>7.88</ele>
      </trkpt>
      <trkpt lat="-10.223691" lon="-36.738853">
        <ele>7.68</ele>
      </trkpt>
      <trkpt lat="-10.22358" lon="-36.738941">
        <ele>7.16</ele>
      </trkpt>
      <trkpt lat="-10.223086" lon="-36.739551">
        <ele>7.61</ele>
      </trkpt>
      <trkpt lat="-10.222757" lon="-36.739958">
        <ele>12.72</ele>
      </trkpt>
      <trkpt lat="-10.22267" lon="-36.740094">
        <ele>14.62</ele>
      </trkpt>
      <trkpt lat="-10.222598" lon="-36.740255">
        <ele>15.97</ele>
      </trkpt>
      <trkpt lat="-10.222538" lon="-36.740416">
        <ele>17.27</ele>
      </trkpt>
      <trkpt lat="-10.222514" lon="-36.740583">
        <ele>18</ele>
      </trkpt>
      <trkpt lat="-10.222491" lon="-36.741405">
        <ele>17.97</ele>
      </trkpt>
      <trkpt lat="-10.222445" lon="-36.743049">
        <ele>8.57</ele>
      </trkpt>
      <trkpt lat="-10.222408" lon="-36.743264">
        <ele>8.02</ele>
      </trkpt>
      <trkpt lat="-10.222329" lon="-36.743473">
        <ele>8.09</ele>
      </trkpt>
      <trkpt lat="-10.222237" lon="-36.743654">
        <ele>8.63</ele>
      </trkpt>
      <trkpt lat="-10.22204" lon="-36.743976">
        <ele>10.59</ele>
      </trkpt>
      <trkpt lat="-10.221887" lon="-36.744285">
        <ele>11.7</ele>
      </trkpt>
      <trkpt lat="-10.22183" lon="-36.744446">
        <ele>11.16</ele>
      </trkpt>
      <trkpt lat="-10.221804" lon="-36.744572">
        <ele>10.53</ele>
      </trkpt>
      <trkpt lat="-10.221796" lon="-36.744713">
        <ele>10.14</ele>
      </trkpt>
      <trkpt lat="-10.221797" lon="-36.74493">
        <ele>10</ele>
      </trkpt>
      <trkpt lat="-10.221785" lon="-36.745217">
        <ele>10.63</ele>
      </trkpt>
      <trkpt lat="-10.221756" lon="-36.745571">
        <ele>13.39</ele>
      </trkpt>
      <trkpt lat="-10.221698" lon="-36.745901">
        <ele>15.3</ele>
      </trkpt>
      <trkpt lat="-10.221581" lon="-36.746403">
        <ele>17.22</ele>
      </trkpt>
      <trkpt lat="-10.221477" lon="-36.746799">
        <ele>19.52</ele>
      </trkpt>
      <trkpt lat="-10.221333" lon="-36.747212">
        <ele>21.92</ele>
      </trkpt>
      <trkpt lat="-10.221205" lon="-36.747434">
        <ele>22.22</ele>
      </trkpt>
      <trkpt lat="-10.221355" lon="-36.747613">
        <ele>23</ele>
      </trkpt>
      <trkpt lat="-10.221492" lon="-36.74778">
        <ele>23.22</ele>
      </trkpt>
      <trkpt lat="-10.221861" lon="-36.748168">
        <ele>23.85</ele>
      </trkpt>
      <trkpt lat="-10.221624" lon="-36.748408">
        <ele>22.78</ele>
      </trkpt>
      <trkpt lat="-10.221583" lon="-36.748488">
        <ele>22.16</ele>
      </trkpt>
      <trkpt lat="-10.221554" lon="-36.748568">
        <ele>21.53</ele>
      </trkpt>
      <trkpt lat="-10.221533" lon="-36.748671">
        <ele>20.81</ele>
      </trkpt>
      <trkpt lat="-10.221532" lon="-36.748775">
        <ele>20.21</ele>
      </trkpt>
      <trkpt lat="-10.221515" lon="-36.748935">
        <ele>20.1</ele>
      </trkpt>
      <trkpt lat="-10.221444" lon="-36.749317">
        <ele>18.09</ele>
      </trkpt>
      <trkpt lat="-10.22144" lon="-36.749396">
        <ele>17.28</ele>
      </trkpt>
      <trkpt lat="-10.221598" lon="-36.749761">
        <ele>16.74</ele>
      </trkpt>
      <trkpt lat="-10.221557" lon="-36.749961">
        <ele>15.45</ele>
      </trkpt>
      <trkpt lat="-10.221553" lon="-36.750088">
        <ele>15.12</ele>
      </trkpt>
      <trkpt lat="-10.221568" lon="-36.750316">
        <ele>15</ele>
      </trkpt>
      <trkpt lat="-10.221583" lon="-36.750421">
        <ele>14.71</ele>
      </trkpt>
      <trkpt lat="-10.221729" lon="-36.750819">
        <ele>10.84</ele>
      </trkpt>
      <trkpt lat="-10.221747" lon="-36.75099">
        <ele>9.64</ele>
      </trkpt>
      <trkpt lat="-10.221731" lon="-36.751195">
        <ele>7.92</ele>
      </trkpt>
      <trkpt lat="-10.221678" lon="-36.751447">
        <ele>7</ele>
      </trkpt>
      <trkpt lat="-10.221396" lon="-36.751927">
        <ele>6</ele>
      </trkpt>
      <trkpt lat="-10.221264" lon="-36.752064">
        <ele>6</ele>
      </trkpt>
      <trkpt lat="-10.220581" lon="-36.752491">
        <ele>6.22</ele>
      </trkpt>
      <trkpt lat="-10.220022" lon="-36.752873">
        <ele>6</ele>
      </trkpt>
      <trkpt lat="-10.219299" lon="-36.753457">
        <ele>6.99</ele>
      </trkpt>
      <trkpt lat="-10.218992" lon="-36.753806">
        <ele>6.95</ele>
      </trkpt>
      <trkpt lat="-10.218618" lon="-36.754343">
        <ele>6.99</ele>
      </trkpt>
      <trkpt lat="-10.218269" lon="-36.75499">
        <ele>7</ele>
      </trkpt>
      <trkpt lat="-10.217912" lon="-36.755764">
        <ele>6.82</ele>
      </trkpt>
      <trkpt lat="-10.217567" lon="-36.756654">
        <ele>6.96</ele>
      </trkpt>
      <trkpt lat="-10.217522" lon="-36.756786">
        <ele>7</ele>
      </trkpt>
      <trkpt lat="-10.217472" lon="-36.756968">
        <ele>7</ele>
      </trkpt>
      <trkpt lat="-10.217206" lon="-36.758395">
        <ele>7.65</ele>
      </trkpt>
      <trkpt lat="-10.217002" lon="-36.759607">
        <ele>8</ele>
      </trkpt>
      <trkpt lat="-10.216786" lon="-36.761032">
        <ele>8.44</ele>
      </trkpt>
      <trkpt lat="-10.216726" lon="-36.761296">
        <ele>8.81</ele>
      </trkpt>
      <trkpt lat="-10.216594" lon="-36.761783">
        <ele>8.06</ele>
      </trkpt>
      <trkpt lat="-10.216573" lon="-36.761896">
        <ele>7.91</ele>
      </trkpt>
      <trkpt lat="-10.216532" lon="-36.762373">
        <ele>7.67</ele>
      </trkpt>
      <trkpt lat="-10.216503" lon="-36.762907">
        <ele>8</ele>
      </trkpt>
      <trkpt lat="-10.216457" lon="-36.764304">
        <ele>9</ele>
      </trkpt>
      <trkpt lat="-10.216428" lon="-36.765451">
        <ele>7</ele>
      </trkpt>
      <trkpt lat="-10.21641" lon="-36.766206">
        <ele>10.02</ele>
      </trkpt>
      <trkpt lat="-10.216381" lon="-36.766664">
        <ele>10.99</ele>
      </trkpt>
      <trkpt lat="-10.216377" lon="-36.767169">
        <ele>10</ele>
      </trkpt>
      <trkpt lat="-10.216362" lon="-36.767321">
        <ele>9.16</ele>
      </trkpt>
      <trkpt lat="-10.216337" lon="-36.767465">
        <ele>9</ele>
      </trkpt>
      <trkpt lat="-10.216277" lon="-36.767671">
        <ele>9</ele>
      </trkpt>
      <trkpt lat="-10.21624" lon="-36.767777">
        <ele>9</ele>
      </trkpt>
      <trkpt lat="-10.216205" lon="-36.767845">
        <ele>9</ele>
      </trkpt>
      <trkpt lat="-10.216157" lon="-36.76792">
        <ele>9</ele>
      </trkpt>
      <trkpt lat="-10.215733" lon="-36.76847">
        <ele>7.52</ele>
      </trkpt>
      <trkpt lat="-10.215106" lon="-36.769247">
        <ele>8</ele>
      </trkpt>
      <trkpt lat="-10.214461" lon="-36.770179">
        <ele>8.57</ele>
      </trkpt>
      <trkpt lat="-10.214305" lon="-36.770335">
        <ele>9</ele>
      </trkpt>
      <trkpt lat="-10.214125" lon="-36.770574">
        <ele>10.3</ele>
      </trkpt>
      <trkpt lat="-10.214079" lon="-36.770617">
        <ele>10.83</ele>
      </trkpt>
      <trkpt lat="-10.213979" lon="-36.770655">
        <ele>11.64</ele>
      </trkpt>
      <trkpt lat="-10.213924" lon="-36.7707">
        <ele>12.22</ele>
      </trkpt>
      <trkpt lat="-10.213025" lon="-36.771609">
        <ele>23.05</ele>
      </trkpt>
      <trkpt lat="-10.212387" lon="-36.772334">
        <ele>27</ele>
      </trkpt>
      <trkpt lat="-10.212313" lon="-36.77242">
        <ele>26.13</ele>
      </trkpt>
      <trkpt lat="-10.212171" lon="-36.772602">
        <ele>22.82</ele>
      </trkpt>
      <trkpt lat="-10.212107" lon="-36.772703">
        <ele>21.33</ele>
      </trkpt>
      <trkpt lat="-10.212063" lon="-36.7728">
        <ele>20.06</ele>
      </trkpt>
      <trkpt lat="-10.212051" lon="-36.772982">
        <ele>17.89</ele>
      </trkpt>
      <trkpt lat="-10.212058" lon="-36.773288">
        <ele>15.29</ele>
      </trkpt>
      <trkpt lat="-10.212003" lon="-36.77344">
        <ele>12.6</ele>
      </trkpt>
      <trkpt lat="-10.211932" lon="-36.773544">
        <ele>10.45</ele>
      </trkpt>
      <trkpt lat="-10.211844" lon="-36.773632">
        <ele>8.93</ele>
      </trkpt>
      <trkpt lat="-10.211486" lon="-36.773859">
        <ele>7.13</ele>
      </trkpt>
      <trkpt lat="-10.210444" lon="-36.774508">
        <ele>7.33</ele>
      </trkpt>
      <trkpt lat="-10.210048" lon="-36.774789">
        <ele>7.53</ele>
      </trkpt>
      <trkpt lat="-10.209663" lon="-36.775095">
        <ele>7.12</ele>
      </trkpt>
      <trkpt lat="-10.209264" lon="-36.775469">
        <ele>7</ele>
      </trkpt>
      <trkpt lat="-10.20908" lon="-36.775621">
        <ele>7</ele>
      </trkpt>
      <trkpt lat="-10.208928" lon="-36.775784">
        <ele>6.76</ele>
      </trkpt>
      <trkpt lat="-10.208748" lon="-36.775999">
        <ele>6.78</ele>
      </trkpt>
      <trkpt lat="-10.208471" lon="-36.776406">
        <ele>7</ele>
      </trkpt>
      <trkpt lat="-10.208366" lon="-36.776578">
        <ele>7</ele>
      </trkpt>
      <trkpt lat="-10.207883" lon="-36.777277">
        <ele>7.72</ele>
      </trkpt>
      <trkpt lat="-10.207747" lon="-36.777485">
        <ele>7.77</ele>
      </trkpt>
      <trkpt lat="-10.207475" lon="-36.777949">
        <ele>8.06</ele>
      </trkpt>
      <trkpt lat="-10.207191" lon="-36.778477">
        <ele>7.48</ele>
      </trkpt>
      <trkpt lat="-10.206647" lon="-36.779559">
        <ele>7.99</ele>
      </trkpt>
      <trkpt lat="-10.206563" lon="-36.779752">
        <ele>8</ele>
      </trkpt>
      <trkpt lat="-10.206509" lon="-36.780042">
        <ele>8</ele>
      </trkpt>
      <trkpt lat="-10.206458" lon="-36.78022">
        <ele>8</ele>
      </trkpt>
      <trkpt lat="-10.206189" lon="-36.780745">
        <ele>7.95</ele>
      </trkpt>
      <trkpt lat="-10.206041" lon="-36.780955">
        <ele>8</ele>
      </trkpt>
      <trkpt lat="-10.20596" lon="-36.781117">
        <ele>8</ele>
      </trkpt>
      <trkpt lat="-10.205915" lon="-36.781338">
        <ele>8</ele>
      </trkpt>
      <trkpt lat="-10.205908" lon="-36.781449">
        <ele>8</ele>
      </trkpt>
      <trkpt lat="-10.205912" lon="-36.781606">
        <ele>8</ele>
      </trkpt>
      <trkpt lat="-10.20588" lon="-36.781877">
        <ele>7.53</ele>
      </trkpt>
      <trkpt lat="-10.205852" lon="-36.782026">
        <ele>7</ele>
      </trkpt>
      <trkpt lat="-10.20542" lon="-36.782942">
        <ele>5.99</ele>
      </trkpt>
      <trkpt lat="-10.205132" lon="-36.783502">
        <ele>6</ele>
      </trkpt>
      <trkpt lat="-10.20468" lon="-36.784494">
        <ele>6</ele>
      </trkpt>
      <trkpt lat="-10.20456" lon="-36.784724">
        <ele>6</ele>
      </trkpt>
      <trkpt lat="-10.204403" lon="-36.785068">
        <ele>6.97</ele>
      </trkpt>
      <trkpt lat="-10.204236" lon="-36.785336">
        <ele>6.97</ele>
      </trkpt>
      <trkpt lat="-10.204151" lon="-36.78544">
        <ele>6.9</ele>
      </trkpt>
      <trkpt lat="-10.204071" lon="-36.785489">
        <ele>6.98</ele>
      </trkpt>
      <trkpt lat="-10.203982" lon="-36.785514">
        <ele>7</ele>
      </trkpt>
      <trkpt lat="-10.203889" lon="-36.785519">
        <ele>7.03</ele>
      </trkpt>
      <trkpt lat="-10.203818" lon="-36.785505">
        <ele>7.44</ele>
      </trkpt>
      <trkpt lat="-10.203749" lon="-36.785472">
        <ele>7.85</ele>
      </trkpt>
      <trkpt lat="-10.20358" lon="-36.785357">
        <ele>9.15</ele>
      </trkpt>
      <trkpt lat="-10.203276" lon="-36.785125">
        <ele>11.41</ele>
      </trkpt>
      <trkpt lat="-10.20314" lon="-36.785039">
        <ele>12.07</ele>
      </trkpt>
      <trkpt lat="-10.20304" lon="-36.784993">
        <ele>12.47</ele>
      </trkpt>
      <trkpt lat="-10.202961" lon="-36.785106">
        <ele>11.9</ele>
      </trkpt>
      <trkpt lat="-10.202805" lon="-36.785424">
        <ele>5.34</ele>
      </trkpt>
      <trkpt lat="-10.202725" lon="-36.785602">
        <ele>3.11</ele>
      </trkpt>
      <trkpt lat="-10.202497" lon="-36.786165">
        <ele>7.1</ele>
      </trkpt>
      <trkpt lat="-10.202306" lon="-36.786516">
        <ele>8</ele>
      </trkpt>
      <trkpt lat="-10.202183" lon="-36.786806">
        <ele>7.9</ele>
      </trkpt>
      <trkpt lat="-10.202097" lon="-36.787085">
        <ele>7.1</ele>
      </trkpt>
      <trkpt lat="-10.202057" lon="-36.78733">
        <ele>7.15</ele>
      </trkpt>
      <trkpt lat="-10.202041" lon="-36.787497">
        <ele>7.94</ele>
      </trkpt>
      <trkpt lat="-10.202024" lon="-36.787567">
        <ele>7.96</ele>
      </trkpt>
      <trkpt lat="-10.201986" lon="-36.787636">
        <ele>7.73</ele>
      </trkpt>
      <trkpt lat="-10.20257" lon="-36.788455">
        <ele>6.95</ele>
      </trkpt>
      <trkpt lat="-10.20287" lon="-36.788824">
        <ele>7</ele>
      </trkpt>
      <trkpt lat="-10.203017" lon="-36.789066">
        <ele>7</ele>
      </trkpt>
      <trkpt lat="-10.203173" lon="-36.789234">
        <ele>7</ele>
      </trkpt>
      <trkpt lat="-10.203312" lon="-36.78936">
        <ele>7</ele>
      </trkpt>
      <trkpt lat="-10.203428" lon="-36.789525">
        <ele>7.68</ele>
      </trkpt>
      <trkpt lat="-10.20346" lon="-36.789582">
        <ele>7.68</ele>
      </trkpt>
      <trkpt lat="-10.203502" lon="-36.789675">
        <ele>7.87</ele>
      </trkpt>
      <trkpt lat="-10.203529" lon="-36.789754">
        <ele>8</ele>
      </trkpt>
      <trkpt lat="-10.203563" lon="-36.789891">
        <ele>7.95</ele>
      </trkpt>
      <trkpt lat="-10.203589" lon="-36.790057">
        <ele>7.78</ele>
      </trkpt>
      <trkpt lat="-10.203682" lon="-36.791083">
        <ele>7.75</ele>
      </trkpt>
      <trkpt lat="-10.20374" lon="-36.791411">
        <ele>8</ele>
      </trkpt>
      <trkpt lat="-10.203782" lon="-36.791742">
        <ele>8</ele>
      </trkpt>
      <trkpt lat="-10.203809" lon="-36.792257">
        <ele>8.5</ele>
      </trkpt>
      <trkpt lat="-10.203841" lon="-36.792382">
        <ele>8.69</ele>
      </trkpt>
      <trkpt lat="-10.203911" lon="-36.792555">
        <ele>8.51</ele>
      </trkpt>
      <trkpt lat="-10.203941" lon="-36.792648">
        <ele>8.26</ele>
      </trkpt>
      <trkpt lat="-10.20399" lon="-36.79288">
        <ele>8</ele>
      </trkpt>
      <trkpt lat="-10.204049" lon="-36.793043">
        <ele>8</ele>
      </trkpt>
      <trkpt lat="-10.204175" lon="-36.79329">
        <ele>8</ele>
      </trkpt>
      <trkpt lat="-10.204427" lon="-36.793595">
        <ele>7.85</ele>
      </trkpt>
      <trkpt lat="-10.204477" lon="-36.793669">
        <ele>7.56</ele>
      </trkpt>
      <trkpt lat="-10.204553" lon="-36.793818">
        <ele>7.91</ele>
      </trkpt>
      <trkpt lat="-10.20543" lon="-36.7962">
        <ele>7.92</ele>
      </trkpt>
      <trkpt lat="-10.205467" lon="-36.796322">
        <ele>7.84</ele>
      </trkpt>
      <trkpt lat="-10.20552" lon="-36.796628">
        <ele>8</ele>
      </trkpt>
      <trkpt lat="-10.205646" lon="-36.797702">
        <ele>8</ele>
      </trkpt>
      <trkpt lat="-10.205867" lon="-36.799336">
        <ele>8.98</ele>
      </trkpt>
      <trkpt lat="-10.205869" lon="-36.799409">
        <ele>9</ele>
      </trkpt>
      <trkpt lat="-10.20586" lon="-36.799481">
        <ele>9</ele>
      </trkpt>
      <trkpt lat="-10.205825" lon="-36.799542">
        <ele>9</ele>
      </trkpt>
      <trkpt lat="-10.205784" lon="-36.799585">
        <ele>9</ele>
      </trkpt>
      <trkpt lat="-10.205712" lon="-36.799629">
        <ele>8.74</ele>
      </trkpt>
      <trkpt lat="-10.205675" lon="-36.799661">
        <ele>8.53</ele>
      </trkpt>
      <trkpt lat="-10.205615" lon="-36.799731">
        <ele>8.4</ele>
      </trkpt>
      <trkpt lat="-10.205564" lon="-36.799861">
        <ele>8.87</ele>
      </trkpt>
      <trkpt lat="-10.205545" lon="-36.799963">
        <ele>8.76</ele>
      </trkpt>
      <trkpt lat="-10.205545" lon="-36.800059">
        <ele>8.76</ele>
      </trkpt>
      <trkpt lat="-10.205573" lon="-36.800301">
        <ele>8.92</ele>
      </trkpt>
      <trkpt lat="-10.205638" lon="-36.8006">
        <ele>8.1</ele>
      </trkpt>
      <trkpt lat="-10.205658" lon="-36.800783">
        <ele>8.65</ele>
      </trkpt>
      <trkpt lat="-10.205652" lon="-36.80125">
        <ele>9.39</ele>
      </trkpt>
      <trkpt lat="-10.205578" lon="-36.801788">
        <ele>9.96</ele>
      </trkpt>
      <trkpt lat="-10.205514" lon="-36.802308">
        <ele>11.89</ele>
      </trkpt>
      <trkpt lat="-10.205388" lon="-36.80327">
        <ele>10.83</ele>
      </trkpt>
      <trkpt lat="-10.205277" lon="-36.803579">
        <ele>9.06</ele>
      </trkpt>
      <trkpt lat="-10.205225" lon="-36.803829">
        <ele>9</ele>
      </trkpt>
      <trkpt lat="-10.205001" lon="-36.804728">
        <ele>9.69</ele>
      </trkpt>
      <trkpt lat="-10.204622" lon="-36.80614">
        <ele>10.3</ele>
      </trkpt>
      <trkpt lat="-10.204384" lon="-36.807235">
        <ele>12</ele>
      </trkpt>
      <trkpt lat="-10.203983" lon="-36.808834">
        <ele>10.63</ele>
      </trkpt>
      <trkpt lat="-10.203773" lon="-36.809582">
        <ele>11.87</ele>
      </trkpt>
      <trkpt lat="-10.203431" lon="-36.810792">
        <ele>10.11</ele>
      </trkpt>
      <trkpt lat="-10.203358" lon="-36.811082">
        <ele>10</ele>
      </trkpt>
      <trkpt lat="-10.203276" lon="-36.811337">
        <ele>10</ele>
      </trkpt>
      <trkpt lat="-10.203175" lon="-36.811581">
        <ele>9.87</ele>
      </trkpt>
      <trkpt lat="-10.202515" lon="-36.813067">
        <ele>11.14</ele>
      </trkpt>
      <trkpt lat="-10.202185" lon="-36.81381">
        <ele>10.13</ele>
      </trkpt>
      <trkpt lat="-10.200939" lon="-36.816557">
        <ele>13</ele>
      </trkpt>
      <trkpt lat="-10.200475" lon="-36.817641">
        <ele>10.19</ele>
      </trkpt>
      <trkpt lat="-10.200438" lon="-36.817696">
        <ele>10.41</ele>
      </trkpt>
      <trkpt lat="-10.20037" lon="-36.817769">
        <ele>10.81</ele>
      </trkpt>
      <trkpt lat="-10.200247" lon="-36.817878">
        <ele>11</ele>
      </trkpt>
      <trkpt lat="-10.199949" lon="-36.818103">
        <ele>12</ele>
      </trkpt>
      <trkpt lat="-10.199547" lon="-36.818387">
        <ele>11.76</ele>
      </trkpt>
      <trkpt lat="-10.199475" lon="-36.81845">
        <ele>11.9</ele>
      </trkpt>
      <trkpt lat="-10.199381" lon="-36.818568">
        <ele>11.21</ele>
      </trkpt>
      <trkpt lat="-10.199243" lon="-36.81882">
        <ele>10.86</ele>
      </trkpt>
      <trkpt lat="-10.198839" lon="-36.819645">
        <ele>9.19</ele>
      </trkpt>
      <trkpt lat="-10.198649" lon="-36.820108">
        <ele>9.75</ele>
      </trkpt>
      <trkpt lat="-10.198558" lon="-36.820459">
        <ele>10.38</ele>
      </trkpt>
      <trkpt lat="-10.198565" lon="-36.82052">
        <ele>10.6</ele>
      </trkpt>
      <trkpt lat="-10.198586" lon="-36.820595">
        <ele>11.03</ele>
      </trkpt>
      <trkpt lat="-10.198606" lon="-36.820891">
        <ele>12</ele>
      </trkpt>
      <trkpt lat="-10.198666" lon="-36.82099">
        <ele>12.87</ele>
      </trkpt>
      <trkpt lat="-10.199493" lon="-36.820481">
        <ele>11.83</ele>
      </trkpt>
      <trkpt lat="-10.199517" lon="-36.820568">
        <ele>12</ele>
      </trkpt>
      <trkpt lat="-10.199501" lon="-36.820659">
        <ele>12</ele>
      </trkpt>
      <trkpt lat="-10.199474" lon="-36.820698">
        <ele>12</ele>
      </trkpt>
      <trkpt lat="-10.199288" lon="-36.82086">
        <ele>12</ele>
      </trkpt>
      <trkpt lat="-10.199204" lon="-36.820959">
        <ele>12</ele>
      </trkpt>
      <trkpt lat="-10.19902" lon="-36.821052">
        <ele>12.55</ele>
      </trkpt>
      <trkpt lat="-10.197986" lon="-36.821774">
        <ele>11.47</ele>
      </trkpt>
      <trkpt lat="-10.197455" lon="-36.822856">
        <ele>10.03</ele>
      </trkpt>
      <trkpt lat="-10.196492" lon="-36.82428">
        <ele>12</ele>
      </trkpt>
      <trkpt lat="-10.196173" lon="-36.824709">
        <ele>11</ele>
      </trkpt>
      <trkpt lat="-10.195975" lon="-36.825061">
        <ele>10.35</ele>
      </trkpt>
      <trkpt lat="-10.195449" lon="-36.82621">
        <ele>10</ele>
      </trkpt>
      <trkpt lat="-10.194966" lon="-36.826914">
        <ele>10.08</ele>
      </trkpt>
      <trkpt lat="-10.19385" lon="-36.828474">
        <ele>10</ele>
      </trkpt>
      <trkpt lat="-10.193701" lon="-36.828737">
        <ele>10</ele>
      </trkpt>
      <trkpt lat="-10.193419" lon="-36.829267">
        <ele>10</ele>
      </trkpt>
      <trkpt lat="-10.193194" lon="-36.82975">
        <ele>10.64</ele>
      </trkpt>
      <trkpt lat="-10.19271" lon="-36.830994">
        <ele>10</ele>
      </trkpt>
      <trkpt lat="-10.192522" lon="-36.831372">
        <ele>10</ele>
      </trkpt>
      <trkpt lat="-10.192441" lon="-36.831491">
        <ele>10</ele>
      </trkpt>
      <trkpt lat="-10.191722" lon="-36.832409">
        <ele>10.03</ele>
      </trkpt>
      <trkpt lat="-10.191239" lon="-36.832979">
        <ele>10</ele>
      </trkpt>
      <trkpt lat="-10.190598" lon="-36.833706">
        <ele>11.27</ele>
      </trkpt>
      <trkpt lat="-10.190257" lon="-36.834193">
        <ele>10.8</ele>
      </trkpt>
      <trkpt lat="-10.189547" lon="-36.835436">
        <ele>12.97</ele>
      </trkpt>
      <trkpt lat="-10.189493" lon="-36.835585">
        <ele>13.06</ele>
      </trkpt>
      <trkpt lat="-10.189461" lon="-36.835707">
        <ele>13.26</ele>
      </trkpt>
      <trkpt lat="-10.188826" lon="-36.83685">
        <ele>13.92</ele>
      </trkpt>
      <trkpt lat="-10.188584" lon="-36.837271">
        <ele>12.38</ele>
      </trkpt>
      <trkpt lat="-10.188536" lon="-36.837339">
        <ele>11.87</ele>
      </trkpt>
      <trkpt lat="-10.188485" lon="-36.837388">
        <ele>11.81</ele>
      </trkpt>
      <trkpt lat="-10.188293" lon="-36.837532">
        <ele>11.95</ele>
      </trkpt>
      <trkpt lat="-10.18842" lon="-36.837748">
        <ele>11</ele>
      </trkpt>
      <trkpt lat="-10.188807" lon="-36.838374">
        <ele>12</ele>
      </trkpt>
      <trkpt lat="-10.188978" lon="-36.83861">
        <ele>10.79</ele>
      </trkpt>
      <trkpt lat="-10.18848" lon="-36.839015">
        <ele>10.39</ele>
      </trkpt>
      <trkpt lat="-10.18848" lon="-36.839015">
        <ele>10.39</ele>
      </trkpt>
      <trkpt lat="-10.188363" lon="-36.839111">
        <ele>10.29</ele>
      </trkpt>
      <trkpt lat="-10.188234" lon="-36.839176">
        <ele>10.09</ele>
      </trkpt>
      <trkpt lat="-10.187978" lon="-36.839227">
        <ele>11.02</ele>
      </trkpt>
      <trkpt lat="-10.187458" lon="-36.839398">
        <ele>14</ele>
      </trkpt>
      <trkpt lat="-10.187198" lon="-36.839483">
        <ele>13.61</ele>
      </trkpt>
      <trkpt lat="-10.186821" lon="-36.839625">
        <ele>12.56</ele>
      </trkpt>
      <trkpt lat="-10.186697" lon="-36.83932">
        <ele>13.23</ele>
      </trkpt>
      <trkpt lat="-10.185739" lon="-36.839287">
        <ele>12.57</ele>
      </trkpt>
      <trkpt lat="-10.185493" lon="-36.839302">
        <ele>11.53</ele>
      </trkpt>
      <trkpt lat="-10.185422" lon="-36.839256">
        <ele>11.74</ele>
      </trkpt>
      <trkpt lat="-10.184818" lon="-36.839053">
        <ele>11.11</ele>
      </trkpt>
      <trkpt lat="-10.184617" lon="-36.839029">
        <ele>11.25</ele>
      </trkpt>
      <trkpt lat="-10.184434" lon="-36.839026">
        <ele>10.56</ele>
      </trkpt>
      <trkpt lat="-10.184221" lon="-36.839034">
        <ele>10.39</ele>
      </trkpt>
      <trkpt lat="-10.182357" lon="-36.839208">
        <ele>9.57</ele>
      </trkpt>
      <trkpt lat="-10.181988" lon="-36.839278">
        <ele>8.48</ele>
      </trkpt>
      <trkpt lat="-10.181102" lon="-36.839532">
        <ele>8.49</ele>
      </trkpt>
      <trkpt lat="-10.179949" lon="-36.839801">
        <ele>8.57</ele>
      </trkpt>
      <trkpt lat="-10.179646" lon="-36.839819">
        <ele>8.76</ele>
      </trkpt>
      <trkpt lat="-10.179364" lon="-36.839819">
        <ele>8.94</ele>
      </trkpt>
      <trkpt lat="-10.17836" lon="-36.839751">
        <ele>9.56</ele>
      </trkpt>
      <trkpt lat="-10.178021" lon="-36.839741">
        <ele>9.77</ele>
      </trkpt>
      <trkpt lat="-10.17763" lon="-36.839751">
        <ele>10.01</ele>
      </trkpt>
      <trkpt lat="-10.175097" lon="-36.840115">
        <ele>10.86</ele>
      </trkpt>
      <trkpt lat="-10.174561" lon="-36.840255">
        <ele>10.36</ele>
      </trkpt>
      <trkpt lat="-10.172844" lon="-36.840977">
        <ele>10.8</ele>
      </trkpt>
      <trkpt lat="-10.171754" lon="-36.841464">
        <ele>9.16</ele>
      </trkpt>
      <trkpt lat="-10.17165" lon="-36.841499">
        <ele>9.24</ele>
      </trkpt>
      <trkpt lat="-10.171395" lon="-36.841559">
        <ele>9.53</ele>
      </trkpt>
      <trkpt lat="-10.171253" lon="-36.841578">
        <ele>10.24</ele>
      </trkpt>
      <trkpt lat="-10.169873" lon="-36.841705">
        <ele>9.31</ele>
      </trkpt>
      <trkpt lat="-10.169509" lon="-36.841766">
        <ele>9.36</ele>
      </trkpt>
      <trkpt lat="-10.169253" lon="-36.841842">
        <ele>10.11</ele>
      </trkpt>
      <trkpt lat="-10.169089" lon="-36.8419">
        <ele>10.18</ele>
      </trkpt>
      <trkpt lat="-10.168815" lon="-36.842014">
        <ele>10</ele>
      </trkpt>
      <trkpt lat="-10.168355" lon="-36.842247">
        <ele>10</ele>
      </trkpt>
      <trkpt lat="-10.167728" lon="-36.842582">
        <ele>14.78</ele>
      </trkpt>
      <trkpt lat="-10.16753" lon="-36.842674">
        <ele>15.04</ele>
      </trkpt>
      <trkpt lat="-10.166765" lon="-36.843051">
        <ele>10.86</ele>
      </trkpt>
      <trkpt lat="-10.166381" lon="-36.843233">
        <ele>10.79</ele>
      </trkpt>
      <trkpt lat="-10.165732" lon="-36.843494">
        <ele>8.88</ele>
      </trkpt>
      <trkpt lat="-10.165617" lon="-36.843533">
        <ele>8.94</ele>
      </trkpt>
      <trkpt lat="-10.165431" lon="-36.843573">
        <ele>9.17</ele>
      </trkpt>
      <trkpt lat="-10.165349" lon="-36.843581">
        <ele>9.22</ele>
      </trkpt>
      <trkpt lat="-10.165168" lon="-36.843581">
        <ele>9.97</ele>
      </trkpt>
      <trkpt lat="-10.165042" lon="-36.843573">
        <ele>10.17</ele>
      </trkpt>
      <trkpt lat="-10.164879" lon="-36.843547">
        <ele>10.02</ele>
      </trkpt>
      <trkpt lat="-10.163078" lon="-36.843052">
        <ele>10.14</ele>
      </trkpt>
      <trkpt lat="-10.162822" lon="-36.843005">
        <ele>9.87</ele>
      </trkpt>
      <trkpt lat="-10.162594" lon="-36.842993">
        <ele>9.8</ele>
      </trkpt>
      <trkpt lat="-10.162223" lon="-36.842997">
        <ele>9.82</ele>
      </trkpt>
      <trkpt lat="-10.161365" lon="-36.843038">
        <ele>10</ele>
      </trkpt>
      <trkpt lat="-10.161132" lon="-36.843056">
        <ele>10</ele>
      </trkpt>
      <trkpt lat="-10.160812" lon="-36.843113">
        <ele>9.5</ele>
      </trkpt>
      <trkpt lat="-10.160512" lon="-36.843212">
        <ele>10</ele>
      </trkpt>
      <trkpt lat="-10.159957" lon="-36.843476">
        <ele>9.61</ele>
      </trkpt>
      <trkpt lat="-10.159669" lon="-36.843629">
        <ele>10</ele>
      </trkpt>
      <trkpt lat="-10.159483" lon="-36.843739">
        <ele>9.86</ele>
      </trkpt>
      <trkpt lat="-10.159172" lon="-36.843968">
        <ele>9.52</ele>
      </trkpt>
      <trkpt lat="-10.158941" lon="-36.844179">
        <ele>10</ele>
      </trkpt>
      <trkpt lat="-10.15882" lon="-36.844315">
        <ele>10.48</ele>
      </trkpt>
      <trkpt lat="-10.158034" lon="-36.845343">
        <ele>10.43</ele>
      </trkpt>
      <trkpt lat="-10.157945" lon="-36.845439">
        <ele>10.4</ele>
      </trkpt>
      <trkpt lat="-10.157788" lon="-36.84559">
        <ele>10.45</ele>
      </trkpt>
      <trkpt lat="-10.157697" lon="-36.845669">
        <ele>10.53</ele>
      </trkpt>
      <trkpt lat="-10.157533" lon="-36.84579">
        <ele>10.78</ele>
      </trkpt>
      <trkpt lat="-10.157223" lon="-36.845973">
        <ele>10.83</ele>
      </trkpt>
      <trkpt lat="-10.156033" lon="-36.84663">
        <ele>9</ele>
      </trkpt>
      <trkpt lat="-10.155549" lon="-36.846899">
        <ele>10.73</ele>
      </trkpt>
      <trkpt lat="-10.154825" lon="-36.847297">
        <ele>8.85</ele>
      </trkpt>
      <trkpt lat="-10.154104" lon="-36.847686">
        <ele>10.1</ele>
      </trkpt>
      <trkpt lat="-10.153656" lon="-36.847934">
        <ele>12.29</ele>
      </trkpt>
      <trkpt lat="-10.152885" lon="-36.84836">
        <ele>9.69</ele>
      </trkpt>
      <trkpt lat="-10.152576" lon="-36.848561">
        <ele>9.83</ele>
      </trkpt>
      <trkpt lat="-10.152198" lon="-36.848845">
        <ele>10</ele>
      </trkpt>
      <trkpt lat="-10.151961" lon="-36.849047">
        <ele>10</ele>
      </trkpt>
      <trkpt lat="-10.151769" lon="-36.849223">
        <ele>9.12</ele>
      </trkpt>
      <trkpt lat="-10.151361" lon="-36.849656">
        <ele>9.86</ele>
      </trkpt>
      <trkpt lat="-10.151103" lon="-36.84997">
        <ele>9.47</ele>
      </trkpt>
      <trkpt lat="-10.150844" lon="-36.850319">
        <ele>10.92</ele>
      </trkpt>
      <trkpt lat="-10.150431" lon="-36.8509">
        <ele>9.35</ele>
      </trkpt>
      <trkpt lat="-10.149816" lon="-36.851875">
        <ele>11.25</ele>
      </trkpt>
      <trkpt lat="-10.149126" lon="-36.85298">
        <ele>11.85</ele>
      </trkpt>
      <trkpt lat="-10.148988" lon="-36.853173">
        <ele>10.67</ele>
      </trkpt>
      <trkpt lat="-10.148859" lon="-36.853316">
        <ele>9.92</ele>
      </trkpt>
      <trkpt lat="-10.148788" lon="-36.853375">
        <ele>9.42</ele>
      </trkpt>
      <trkpt lat="-10.148595" lon="-36.853494">
        <ele>9</ele>
      </trkpt>
      <trkpt lat="-10.148397" lon="-36.853574">
        <ele>9</ele>
      </trkpt>
      <trkpt lat="-10.14793" lon="-36.853711">
        <ele>9.12</ele>
      </trkpt>
      <trkpt lat="-10.147062" lon="-36.853944">
        <ele>10.47</ele>
      </trkpt>
      <trkpt lat="-10.146798" lon="-36.854052">
        <ele>11.1</ele>
      </trkpt>
      <trkpt lat="-10.146627" lon="-36.85416">
        <ele>11.46</ele>
      </trkpt>
      <trkpt lat="-10.146479" lon="-36.854297">
        <ele>11.38</ele>
      </trkpt>
      <trkpt lat="-10.146379" lon="-36.854404">
        <ele>11.37</ele>
      </trkpt>
      <trkpt lat="-10.146249" lon="-36.854576">
        <ele>11.5</ele>
      </trkpt>
      <trkpt lat="-10.145828" lon="-36.855189">
        <ele>10.01</ele>
      </trkpt>
      <trkpt lat="-10.14509" lon="-36.856302">
        <ele>10.84</ele>
      </trkpt>
      <trkpt lat="-10.144911" lon="-36.856548">
        <ele>11.01</ele>
      </trkpt>
      <trkpt lat="-10.144487" lon="-36.857767">
        <ele>11</ele>
      </trkpt>
      <trkpt lat="-10.14373" lon="-36.859203">
        <ele>9</ele>
      </trkpt>
      <trkpt lat="-10.142721" lon="-36.861118">
        <ele>9.06</ele>
      </trkpt>
      <trkpt lat="-10.142468" lon="-36.861597">
        <ele>10.8</ele>
      </trkpt>
      <trkpt lat="-10.142342" lon="-36.861836">
        <ele>13.28</ele>
      </trkpt>
      <trkpt lat="-10.142144" lon="-36.862139">
        <ele>16.46</ele>
      </trkpt>
      <trkpt lat="-10.14199" lon="-36.862309">
        <ele>17.48</ele>
      </trkpt>
      <trkpt lat="-10.141817" lon="-36.862459">
        <ele>16.31</ele>
      </trkpt>
      <trkpt lat="-10.141588" lon="-36.862624">
        <ele>14.82</ele>
      </trkpt>
      <trkpt lat="-10.141359" lon="-36.862788">
        <ele>15.66</ele>
      </trkpt>
      <trkpt lat="-10.140899" lon="-36.863114">
        <ele>21.66</ele>
      </trkpt>
      <trkpt lat="-10.140725" lon="-36.86328">
        <ele>23.84</ele>
      </trkpt>
      <trkpt lat="-10.140582" lon="-36.86348">
        <ele>24.97</ele>
      </trkpt>
      <trkpt lat="-10.140466" lon="-36.863697">
        <ele>26.31</ele>
      </trkpt>
      <trkpt lat="-10.140396" lon="-36.863955">
        <ele>26.98</ele>
      </trkpt>
      <trkpt lat="-10.140362" lon="-36.864179">
        <ele>27.71</ele>
      </trkpt>
      <trkpt lat="-10.140325" lon="-36.864552">
        <ele>30.24</ele>
      </trkpt>
      <trkpt lat="-10.14027" lon="-36.864851">
        <ele>32.15</ele>
      </trkpt>
      <trkpt lat="-10.140208" lon="-36.865044">
        <ele>33.65</ele>
      </trkpt>
      <trkpt lat="-10.140145" lon="-36.86517">
        <ele>34.05</ele>
      </trkpt>
      <trkpt lat="-10.140036" lon="-36.865328">
        <ele>34.59</ele>
      </trkpt>
      <trkpt lat="-10.139889" lon="-36.865478">
        <ele>35.59</ele>
      </trkpt>
      <trkpt lat="-10.139739" lon="-36.865602">
        <ele>37.19</ele>
      </trkpt>
      <trkpt lat="-10.139533" lon="-36.865749">
        <ele>39.09</ele>
      </trkpt>
      <trkpt lat="-10.13902" lon="-36.86607">
        <ele>37.6</ele>
      </trkpt>
      <trkpt lat="-10.138135" lon="-36.86662">
        <ele>24.97</ele>
      </trkpt>
      <trkpt lat="-10.137716" lon="-36.86688">
        <ele>22.28</ele>
      </trkpt>
      <trkpt lat="-10.137458" lon="-36.867049">
        <ele>21.91</ele>
      </trkpt>
      <trkpt lat="-10.137275" lon="-36.867203">
        <ele>22.56</ele>
      </trkpt>
      <trkpt lat="-10.13712" lon="-36.867357">
        <ele>24.3</ele>
      </trkpt>
      <trkpt lat="-10.136952" lon="-36.867586">
        <ele>28.81</ele>
      </trkpt>
      <trkpt lat="-10.136693" lon="-36.868037">
        <ele>34.82</ele>
      </trkpt>
      <trkpt lat="-10.13652" lon="-36.868326">
        <ele>35.68</ele>
      </trkpt>
      <trkpt lat="-10.136346" lon="-36.868615">
        <ele>31.71</ele>
      </trkpt>
      <trkpt lat="-10.136244" lon="-36.868847">
        <ele>28.27</ele>
      </trkpt>
      <trkpt lat="-10.136197" lon="-36.869086">
        <ele>26.32</ele>
      </trkpt>
      <trkpt lat="-10.136192" lon="-36.869314">
        <ele>25.36</ele>
      </trkpt>
      <trkpt lat="-10.136227" lon="-36.869589">
        <ele>24.87</ele>
      </trkpt>
      <trkpt lat="-10.136429" lon="-36.870293">
        <ele>20.76</ele>
      </trkpt>
      <trkpt lat="-10.136607" lon="-36.870943">
        <ele>19.43</ele>
      </trkpt>
      <trkpt lat="-10.136617" lon="-36.871131">
        <ele>19.59</ele>
      </trkpt>
      <trkpt lat="-10.136596" lon="-36.871313">
        <ele>19.41</ele>
      </trkpt>
      <trkpt lat="-10.136518" lon="-36.871509">
        <ele>19.71</ele>
      </trkpt>
      <trkpt lat="-10.136347" lon="-36.871806">
        <ele>18</ele>
      </trkpt>
      <trkpt lat="-10.136015" lon="-36.872394">
        <ele>10.52</ele>
      </trkpt>
      <trkpt lat="-10.135681" lon="-36.872927">
        <ele>10</ele>
      </trkpt>
      <trkpt lat="-10.135514" lon="-36.873317">
        <ele>9.99</ele>
      </trkpt>
      <trkpt lat="-10.135399" lon="-36.873752">
        <ele>10</ele>
      </trkpt>
      <trkpt lat="-10.135336" lon="-36.874118">
        <ele>9.97</ele>
      </trkpt>
      <trkpt lat="-10.13526" lon="-36.87469">
        <ele>10.44</ele>
      </trkpt>
      <trkpt lat="-10.135183" lon="-36.875262">
        <ele>13.44</ele>
      </trkpt>
      <trkpt lat="-10.13511" lon="-36.875586">
        <ele>13.56</ele>
      </trkpt>
      <trkpt lat="-10.13501" lon="-36.875869">
        <ele>11.92</ele>
      </trkpt>
      <trkpt lat="-10.134884" lon="-36.87612">
        <ele>10.83</ele>
      </trkpt>
      <trkpt lat="-10.134691" lon="-36.876478">
        <ele>9</ele>
      </trkpt>
      <trkpt lat="-10.134424" lon="-36.876961">
        <ele>9</ele>
      </trkpt>
      <trkpt lat="-10.134292" lon="-36.877241">
        <ele>9</ele>
      </trkpt>
      <trkpt lat="-10.134197" lon="-36.877567">
        <ele>9.26</ele>
      </trkpt>
      <trkpt lat="-10.134165" lon="-36.877795">
        <ele>9.13</ele>
      </trkpt>
      <trkpt lat="-10.134115" lon="-36.878565">
        <ele>9.83</ele>
      </trkpt>
      <trkpt lat="-10.134001" lon="-36.879272">
        <ele>10</ele>
      </trkpt>
      <trkpt lat="-10.13365" lon="-36.880579">
        <ele>9.91</ele>
      </trkpt>
      <trkpt lat="-10.133455" lon="-36.881172">
        <ele>9.93</ele>
      </trkpt>
      <trkpt lat="-10.133273" lon="-36.881673">
        <ele>9.27</ele>
      </trkpt>
      <trkpt lat="-10.132639" lon="-36.883084">
        <ele>9</ele>
      </trkpt>
      <trkpt lat="-10.13218" lon="-36.884238">
        <ele>10</ele>
      </trkpt>
      <trkpt lat="-10.131921" lon="-36.884926">
        <ele>10.87</ele>
      </trkpt>
      <trkpt lat="-10.131725" lon="-36.885529">
        <ele>11</ele>
      </trkpt>
      <trkpt lat="-10.131564" lon="-36.886126">
        <ele>11.1</ele>
      </trkpt>
      <trkpt lat="-10.131262" lon="-36.887482">
        <ele>10</ele>
      </trkpt>
      <trkpt lat="-10.131131" lon="-36.887971">
        <ele>9.79</ele>
      </trkpt>
      <trkpt lat="-10.130921" lon="-36.888545">
        <ele>10</ele>
      </trkpt>
      <trkpt lat="-10.130746" lon="-36.888949">
        <ele>9.01</ele>
      </trkpt>
      <trkpt lat="-10.130599" lon="-36.889162">
        <ele>8.98</ele>
      </trkpt>
      <trkpt lat="-10.130465" lon="-36.889322">
        <ele>9</ele>
      </trkpt>
      <trkpt lat="-10.130193" lon="-36.889601">
        <ele>9.78</ele>
      </trkpt>
      <trkpt lat="-10.129931" lon="-36.88996">
        <ele>9.89</ele>
      </trkpt>
      <trkpt lat="-10.12907" lon="-36.891402">
        <ele>9.96</ele>
      </trkpt>
      <trkpt lat="-10.128784" lon="-36.891976">
        <ele>12.45</ele>
      </trkpt>
      <trkpt lat="-10.128247" lon="-36.893098">
        <ele>10</ele>
      </trkpt>
      <trkpt lat="-10.127816" lon="-36.894129">
        <ele>10.67</ele>
      </trkpt>
      <trkpt lat="-10.127635" lon="-36.894584">
        <ele>11.75</ele>
      </trkpt>
      <trkpt lat="-10.127449" lon="-36.895408">
        <ele>11.21</ele>
      </trkpt>
      <trkpt lat="-10.127418" lon="-36.895708">
        <ele>10</ele>
      </trkpt>
      <trkpt lat="-10.127341" lon="-36.896236">
        <ele>9.83</ele>
      </trkpt>
      <trkpt lat="-10.127316" lon="-36.896353">
        <ele>9.7</ele>
      </trkpt>
      <trkpt lat="-10.127109" lon="-36.896938">
        <ele>11.34</ele>
      </trkpt>
      <trkpt lat="-10.126864" lon="-36.897536">
        <ele>12.92</ele>
      </trkpt>
      <trkpt lat="-10.126828" lon="-36.897639">
        <ele>13.82</ele>
      </trkpt>
      <trkpt lat="-10.126809" lon="-36.897722">
        <ele>14.67</ele>
      </trkpt>
      <trkpt lat="-10.12676" lon="-36.898078">
        <ele>14.37</ele>
      </trkpt>
      <trkpt lat="-10.126716" lon="-36.898237">
        <ele>14.25</ele>
      </trkpt>
      <trkpt lat="-10.126478" lon="-36.899069">
        <ele>13.4</ele>
      </trkpt>
      <trkpt lat="-10.125921" lon="-36.900501">
        <ele>10.49</ele>
      </trkpt>
      <trkpt lat="-10.125852" lon="-36.900702">
        <ele>10.62</ele>
      </trkpt>
      <trkpt lat="-10.125538" lon="-36.901707">
        <ele>11.51</ele>
      </trkpt>
      <trkpt lat="-10.125419" lon="-36.902387">
        <ele>10.94</ele>
      </trkpt>
      <trkpt lat="-10.125428" lon="-36.902978">
        <ele>9.74</ele>
      </trkpt>
      <trkpt lat="-10.125454" lon="-36.903206">
        <ele>9.64</ele>
      </trkpt>
      <trkpt lat="-10.125465" lon="-36.903501">
        <ele>10.26</ele>
      </trkpt>
      <trkpt lat="-10.125447" lon="-36.904486">
        <ele>10.41</ele>
      </trkpt>
      <trkpt lat="-10.125457" lon="-36.904636">
        <ele>9.6</ele>
      </trkpt>
      <trkpt lat="-10.125505" lon="-36.904998">
        <ele>9.36</ele>
      </trkpt>
      <trkpt lat="-10.125514" lon="-36.905357">
        <ele>10.9</ele>
      </trkpt>
      <trkpt lat="-10.125485" lon="-36.905835">
        <ele>10.37</ele>
      </trkpt>
      <trkpt lat="-10.125427" lon="-36.906161">
        <ele>9.48</ele>
      </trkpt>
      <trkpt lat="-10.125304" lon="-36.906505">
        <ele>10.47</ele>
      </trkpt>
      <trkpt lat="-10.125045" lon="-36.907149">
        <ele>16.72</ele>
      </trkpt>
      <trkpt lat="-10.124969" lon="-36.907265">
        <ele>17.38</ele>
      </trkpt>
      <trkpt lat="-10.12485" lon="-36.907401">
        <ele>18.4</ele>
      </trkpt>
      <trkpt lat="-10.12461" lon="-36.907598">
        <ele>18.94</ele>
      </trkpt>
      <trkpt lat="-10.124384" lon="-36.907743">
        <ele>17.51</ele>
      </trkpt>
      <trkpt lat="-10.124177" lon="-36.907886">
        <ele>14.72</ele>
      </trkpt>
      <trkpt lat="-10.12403" lon="-36.908111">
        <ele>11.5</ele>
      </trkpt>
      <trkpt lat="-10.123965" lon="-36.908261">
        <ele>10.76</ele>
      </trkpt>
      <trkpt lat="-10.123892" lon="-36.908454">
        <ele>10.37</ele>
      </trkpt>
      <trkpt lat="-10.123863" lon="-36.908508">
        <ele>10.52</ele>
      </trkpt>
      <trkpt lat="-10.123695" lon="-36.908713">
        <ele>10.74</ele>
      </trkpt>
      <trkpt lat="-10.123617" lon="-36.908829">
        <ele>10.53</ele>
      </trkpt>
      <trkpt lat="-10.123384" lon="-36.909293">
        <ele>11</ele>
      </trkpt>
      <trkpt lat="-10.12332" lon="-36.909453">
        <ele>10.98</ele>
      </trkpt>
      <trkpt lat="-10.123096" lon="-36.909874">
        <ele>9.91</ele>
      </trkpt>
      <trkpt lat="-10.122978" lon="-36.910098">
        <ele>10.9</ele>
      </trkpt>
      <trkpt lat="-10.122778" lon="-36.910379">
        <ele>10.83</ele>
      </trkpt>
      <trkpt lat="-10.122696" lon="-36.910517">
        <ele>10.63</ele>
      </trkpt>
      <trkpt lat="-10.122633" lon="-36.910648">
        <ele>11.15</ele>
      </trkpt>
      <trkpt lat="-10.122574" lon="-36.910838">
        <ele>12.67</ele>
      </trkpt>
      <trkpt lat="-10.12258" lon="-36.910889">
        <ele>13.01</ele>
      </trkpt>
      <trkpt lat="-10.122621" lon="-36.910995">
        <ele>13.6</ele>
      </trkpt>
      <trkpt lat="-10.122628" lon="-36.911083">
        <ele>15.05</ele>
      </trkpt>
      <trkpt lat="-10.122626" lon="-36.91117">
        <ele>16.23</ele>
      </trkpt>
      <trkpt lat="-10.122599" lon="-36.911258">
        <ele>17.18</ele>
      </trkpt>
      <trkpt lat="-10.122521" lon="-36.911404">
        <ele>19.28</ele>
      </trkpt>
      <trkpt lat="-10.122457" lon="-36.911498">
        <ele>20.84</ele>
      </trkpt>
      <trkpt lat="-10.122366" lon="-36.9116">
        <ele>20.57</ele>
      </trkpt>
      <trkpt lat="-10.122256" lon="-36.911709">
        <ele>20.26</ele>
      </trkpt>
      <trkpt lat="-10.122139" lon="-36.911801">
        <ele>19.35</ele>
      </trkpt>
      <trkpt lat="-10.122022" lon="-36.911862">
        <ele>18.18</ele>
      </trkpt>
      <trkpt lat="-10.121927" lon="-36.911899">
        <ele>17.39</ele>
      </trkpt>
      <trkpt lat="-10.121732" lon="-36.911942">
        <ele>17.28</ele>
      </trkpt>
      <trkpt lat="-10.121696" lon="-36.911961">
        <ele>17.17</ele>
      </trkpt>
      <trkpt lat="-10.121664" lon="-36.911994">
        <ele>16.79</ele>
      </trkpt>
      <trkpt lat="-10.121483" lon="-36.91229">
        <ele>15.23</ele>
      </trkpt>
      <trkpt lat="-10.121222" lon="-36.912635">
        <ele>13.53</ele>
      </trkpt>
      <trkpt lat="-10.121081" lon="-36.912774">
        <ele>12.62</ele>
      </trkpt>
      <trkpt lat="-10.120847" lon="-36.912965">
        <ele>11.49</ele>
      </trkpt>
      <trkpt lat="-10.120652" lon="-36.913136">
        <ele>10.46</ele>
      </trkpt>
      <trkpt lat="-10.120514" lon="-36.913284">
        <ele>9.53</ele>
      </trkpt>
      <trkpt lat="-10.120286" lon="-36.913584">
        <ele>8</ele>
      </trkpt>
      <trkpt lat="-10.120152" lon="-36.913819">
        <ele>8.37</ele>
      </trkpt>
      <trkpt lat="-10.119947" lon="-36.914077">
        <ele>8.99</ele>
      </trkpt>
      <trkpt lat="-10.119845" lon="-36.914192">
        <ele>9.11</ele>
      </trkpt>
      <trkpt lat="-10.119768" lon="-36.9143">
        <ele>8.96</ele>
      </trkpt>
      <trkpt lat="-10.119505" lon="-36.914826">
        <ele>9</ele>
      </trkpt>
      <trkpt lat="-10.119126" lon="-36.915715">
        <ele>9</ele>
      </trkpt>
      <trkpt lat="-10.118972" lon="-36.91601">
        <ele>9.2</ele>
      </trkpt>
      <trkpt lat="-10.118657" lon="-36.916568">
        <ele>10</ele>
      </trkpt>
      <trkpt lat="-10.11842" lon="-36.917044">
        <ele>10</ele>
      </trkpt>
      <trkpt lat="-10.118121" lon="-36.917567">
        <ele>10.14</ele>
      </trkpt>
      <trkpt lat="-10.117919" lon="-36.917988">
        <ele>9.18</ele>
      </trkpt>
      <trkpt lat="-10.117718" lon="-36.918404">
        <ele>10.23</ele>
      </trkpt>
      <trkpt lat="-10.11767" lon="-36.91851">
        <ele>10.57</ele>
      </trkpt>
      <trkpt lat="-10.117642" lon="-36.91863">
        <ele>10.54</ele>
      </trkpt>
      <trkpt lat="-10.117631" lon="-36.918733">
        <ele>10.49</ele>
      </trkpt>
      <trkpt lat="-10.1176" lon="-36.918876">
        <ele>10.7</ele>
      </trkpt>
      <trkpt lat="-10.117558" lon="-36.918956">
        <ele>10.95</ele>
      </trkpt>
      <trkpt lat="-10.117515" lon="-36.919016">
        <ele>11.16</ele>
      </trkpt>
      <trkpt lat="-10.117443" lon="-36.919092">
        <ele>11.64</ele>
      </trkpt>
      <trkpt lat="-10.117374" lon="-36.919149">
        <ele>12.02</ele>
      </trkpt>
      <trkpt lat="-10.117225" lon="-36.919239">
        <ele>12.92</ele>
      </trkpt>
      <trkpt lat="-10.117035" lon="-36.919335">
        <ele>12.66</ele>
      </trkpt>
      <trkpt lat="-10.116742" lon="-36.919531">
        <ele>13.79</ele>
      </trkpt>
      <trkpt lat="-10.116659" lon="-36.919557">
        <ele>13.95</ele>
      </trkpt>
      <trkpt lat="-10.116522" lon="-36.919577">
        <ele>14.07</ele>
      </trkpt>
      <trkpt lat="-10.116124" lon="-36.919605">
        <ele>14.13</ele>
      </trkpt>
      <trkpt lat="-10.115501" lon="-36.919666">
        <ele>14.31</ele>
      </trkpt>
      <trkpt lat="-10.115278" lon="-36.919725">
        <ele>15.29</ele>
      </trkpt>
      <trkpt lat="-10.115133" lon="-36.919816">
        <ele>16.35</ele>
      </trkpt>
      <trkpt lat="-10.115018" lon="-36.919922">
        <ele>18.14</ele>
      </trkpt>
      <trkpt lat="-10.114961" lon="-36.920055">
        <ele>19.38</ele>
      </trkpt>
      <trkpt lat="-10.114854" lon="-36.920466">
        <ele>22.92</ele>
      </trkpt>
      <trkpt lat="-10.114817" lon="-36.920563">
        <ele>23.08</ele>
      </trkpt>
      <trkpt lat="-10.114768" lon="-36.920631">
        <ele>23.32</ele>
      </trkpt>
      <trkpt lat="-10.114606" lon="-36.920784">
        <ele>24.37</ele>
      </trkpt>
      <trkpt lat="-10.114462" lon="-36.920844">
        <ele>25.39</ele>
      </trkpt>
      <trkpt lat="-10.114118" lon="-36.920924">
        <ele>25.64</ele>
      </trkpt>
      <trkpt lat="-10.113979" lon="-36.920941">
        <ele>25.97</ele>
      </trkpt>
      <trkpt lat="-10.1139" lon="-36.920924">
        <ele>25.62</ele>
      </trkpt>
      <trkpt lat="-10.113708" lon="-36.920792">
        <ele>24.07</ele>
      </trkpt>
      <trkpt lat="-10.113626" lon="-36.920721">
        <ele>23.19</ele>
      </trkpt>
      <trkpt lat="-10.113439" lon="-36.920612">
        <ele>22.16</ele>
      </trkpt>
      <trkpt lat="-10.113179" lon="-36.920564">
        <ele>20.59</ele>
      </trkpt>
      <trkpt lat="-10.112891" lon="-36.920549">
        <ele>18.2</ele>
      </trkpt>
      <trkpt lat="-10.112593" lon="-36.920519">
        <ele>15.98</ele>
      </trkpt>
      <trkpt lat="-10.112441" lon="-36.920519">
        <ele>16.01</ele>
      </trkpt>
      <trkpt lat="-10.112343" lon="-36.920551">
        <ele>15.76</ele>
      </trkpt>
      <trkpt lat="-10.112108" lon="-36.92072">
        <ele>15.02</ele>
      </trkpt>
      <trkpt lat="-10.111831" lon="-36.920858">
        <ele>14.76</ele>
      </trkpt>
      <trkpt lat="-10.111699" lon="-36.92085">
        <ele>15.33</ele>
      </trkpt>
      <trkpt lat="-10.111593" lon="-36.920793">
        <ele>15.84</ele>
      </trkpt>
      <trkpt lat="-10.111485" lon="-36.920688">
        <ele>16.96</ele>
      </trkpt>
      <trkpt lat="-10.111407" lon="-36.920541">
        <ele>18.05</ele>
      </trkpt>
      <trkpt lat="-10.111395" lon="-36.920262">
        <ele>19.6</ele>
      </trkpt>
      <trkpt lat="-10.11137" lon="-36.920138">
        <ele>19.84</ele>
      </trkpt>
      <trkpt lat="-10.11133" lon="-36.920059">
        <ele>19.78</ele>
      </trkpt>
      <trkpt lat="-10.111216" lon="-36.919941">
        <ele>19.49</ele>
      </trkpt>
      <trkpt lat="-10.110924" lon="-36.919789">
        <ele>17.14</ele>
      </trkpt>
      <trkpt lat="-10.110829" lon="-36.919733">
        <ele>16.69</ele>
      </trkpt>
      <trkpt lat="-10.110734" lon="-36.919629">
        <ele>16.75</ele>
      </trkpt>
      <trkpt lat="-10.110438" lon="-36.919227">
        <ele>17</ele>
      </trkpt>
      <trkpt lat="-10.110285" lon="-36.919114">
        <ele>18.59</ele>
      </trkpt>
      <trkpt lat="-10.110037" lon="-36.919015">
        <ele>20.78</ele>
      </trkpt>
      <trkpt lat="-10.109547" lon="-36.918905">
        <ele>25.11</ele>
      </trkpt>
      <trkpt lat="-10.109391" lon="-36.918884">
        <ele>25.97</ele>
      </trkpt>
      <trkpt lat="-10.109302" lon="-36.918894">
        <ele>25.97</ele>
      </trkpt>
      <trkpt lat="-10.109225" lon="-36.918927">
        <ele>26.17</ele>
      </trkpt>
      <trkpt lat="-10.109139" lon="-36.919002">
        <ele>26.67</ele>
      </trkpt>
      <trkpt lat="-10.108764" lon="-36.919397">
        <ele>28.76</ele>
      </trkpt>
      <trkpt lat="-10.108634" lon="-36.919487">
        <ele>28.82</ele>
      </trkpt>
      <trkpt lat="-10.108506" lon="-36.919539">
        <ele>29.07</ele>
      </trkpt>
      <trkpt lat="-10.108392" lon="-36.919596">
        <ele>28.91</ele>
      </trkpt>
      <trkpt lat="-10.10826" lon="-36.919706">
        <ele>29.05</ele>
      </trkpt>
      <trkpt lat="-10.108164" lon="-36.91976">
        <ele>29.18</ele>
      </trkpt>
      <trkpt lat="-10.108065" lon="-36.919779">
        <ele>29.55</ele>
      </trkpt>
      <trkpt lat="-10.107944" lon="-36.919773">
        <ele>30.48</ele>
      </trkpt>
      <trkpt lat="-10.107825" lon="-36.919743">
        <ele>31.41</ele>
      </trkpt>
      <trkpt lat="-10.107716" lon="-36.919699">
        <ele>32.08</ele>
      </trkpt>
      <trkpt lat="-10.107622" lon="-36.919639">
        <ele>32.64</ele>
      </trkpt>
      <trkpt lat="-10.107441" lon="-36.919506">
        <ele>32.65</ele>
      </trkpt>
      <trkpt lat="-10.106988" lon="-36.919084">
        <ele>28.62</ele>
      </trkpt>
      <trkpt lat="-10.106688" lon="-36.918845">
        <ele>28</ele>
      </trkpt>
      <trkpt lat="-10.106444" lon="-36.918614">
        <ele>27.19</ele>
      </trkpt>
      <trkpt lat="-10.10618" lon="-36.918413">
        <ele>27.44</ele>
      </trkpt>
      <trkpt lat="-10.106074" lon="-36.918562">
        <ele>28.78</ele>
      </trkpt>
      <trkpt lat="-10.105919" lon="-36.918758">
        <ele>30.18</ele>
      </trkpt>
      <trkpt lat="-10.105609" lon="-36.919151">
        <ele>29.94</ele>
      </trkpt>
      <trkpt lat="-10.105322" lon="-36.919568">
        <ele>29</ele>
      </trkpt>
      <trkpt lat="-10.105035" lon="-36.919986">
        <ele>31.44</ele>
      </trkpt>
      <trkpt lat="-10.10477" lon="-36.920402">
        <ele>30.52</ele>
      </trkpt>
      <trkpt lat="-10.104372" lon="-36.921026">
        <ele>24.69</ele>
      </trkpt>
      <trkpt lat="-10.104033" lon="-36.921511">
        <ele>17.61</ele>
      </trkpt>
      <trkpt lat="-10.103879" lon="-36.92169">
        <ele>14.92</ele>
      </trkpt>
      <trkpt lat="-10.103794" lon="-36.921922">
        <ele>12.99</ele>
      </trkpt>
      <trkpt lat="-10.103503" lon="-36.92258">
        <ele>15</ele>
      </trkpt>
      <trkpt lat="-10.103442" lon="-36.922658">
        <ele>14.68</ele>
      </trkpt>
      <trkpt lat="-10.103206" lon="-36.922836">
        <ele>13.28</ele>
      </trkpt>
      <trkpt lat="-10.103101" lon="-36.922933">
        <ele>12.28</ele>
      </trkpt>
      <trkpt lat="-10.10298" lon="-36.923011">
        <ele>11.94</ele>
      </trkpt>
      <trkpt lat="-10.102742" lon="-36.923084">
        <ele>11.75</ele>
      </trkpt>
      <trkpt lat="-10.101404" lon="-36.923429">
        <ele>11.62</ele>
      </trkpt>
      <trkpt lat="-10.101065" lon="-36.923431">
        <ele>11.24</ele>
      </trkpt>
      <trkpt lat="-10.100933" lon="-36.923401">
        <ele>10.5</ele>
      </trkpt>
      <trkpt lat="-10.100848" lon="-36.923403">
        <ele>10.18</ele>
      </trkpt>
      <trkpt lat="-10.100487" lon="-36.923515">
        <ele>9.18</ele>
      </trkpt>
      <trkpt lat="-10.100068" lon="-36.923523">
        <ele>10.24</ele>
      </trkpt>
      <trkpt lat="-10.099904" lon="-36.923553">
        <ele>11.21</ele>
      </trkpt>
      <trkpt lat="-10.09975" lon="-36.923656">
        <ele>12.15</ele>
      </trkpt>
      <trkpt lat="-10.099332" lon="-36.924192">
        <ele>11</ele>
      </trkpt>
      <trkpt lat="-10.098981" lon="-36.924736">
        <ele>11</ele>
      </trkpt>
      <trkpt lat="-10.098926" lon="-36.924979">
        <ele>11</ele>
      </trkpt>
      <trkpt lat="-10.09872" lon="-36.925201">
        <ele>11</ele>
      </trkpt>
      <trkpt lat="-10.098632" lon="-36.925276">
        <ele>11</ele>
      </trkpt>
      <trkpt lat="-10.098455" lon="-36.925491">
        <ele>11</ele>
      </trkpt>
      <trkpt lat="-10.098149" lon="-36.9258">
        <ele>10.9</ele>
      </trkpt>
      <trkpt lat="-10.097659" lon="-36.926332">
        <ele>11</ele>
      </trkpt>
      <trkpt lat="-10.097607" lon="-36.926416">
        <ele>11</ele>
      </trkpt>
      <trkpt lat="-10.097555" lon="-36.926574">
        <ele>11</ele>
      </trkpt>
      <trkpt lat="-10.097482" lon="-36.926658">
        <ele>10.66</ele>
      </trkpt>
      <trkpt lat="-10.096739" lon="-36.927376">
        <ele>10.37</ele>
      </trkpt>
      <trkpt lat="-10.09579" lon="-36.92834">
        <ele>10.51</ele>
      </trkpt>
      <trkpt lat="-10.094792" lon="-36.929465">
        <ele>12.22</ele>
      </trkpt>
      <trkpt lat="-10.094648" lon="-36.929763">
        <ele>13.04</ele>
      </trkpt>
      <trkpt lat="-10.094465" lon="-36.930073">
        <ele>13.98</ele>
      </trkpt>
      <trkpt lat="-10.094259" lon="-36.930287">
        <ele>14.89</ele>
      </trkpt>
      <trkpt lat="-10.093852" lon="-36.930543">
        <ele>11.54</ele>
      </trkpt>
      <trkpt lat="-10.093575" lon="-36.930634">
        <ele>10.89</ele>
      </trkpt>
      <trkpt lat="-10.09332" lon="-36.930842">
        <ele>9.98</ele>
      </trkpt>
      <trkpt lat="-10.093059" lon="-36.931001">
        <ele>10.48</ele>
      </trkpt>
      <trkpt lat="-10.092766" lon="-36.931202">
        <ele>10.07</ele>
      </trkpt>
      <trkpt lat="-10.091944" lon="-36.931973">
        <ele>10.29</ele>
      </trkpt>
      <trkpt lat="-10.09154" lon="-36.932333">
        <ele>9.16</ele>
      </trkpt>
      <trkpt lat="-10.091136" lon="-36.932693">
        <ele>10.03</ele>
      </trkpt>
      <trkpt lat="-10.090056" lon="-36.933825">
        <ele>10.9</ele>
      </trkpt>
      <trkpt lat="-10.089972" lon="-36.934061">
        <ele>9.06</ele>
      </trkpt>
      <trkpt lat="-10.089581" lon="-36.934442">
        <ele>7.81</ele>
      </trkpt>
      <trkpt lat="-10.08929" lon="-36.934431">
        <ele>11.09</ele>
      </trkpt>
      <trkpt lat="-10.088984" lon="-36.934614">
        <ele>9.46</ele>
      </trkpt>
      <trkpt lat="-10.088635" lon="-36.934496">
        <ele>13.45</ele>
      </trkpt>
      <trkpt lat="-10.087991" lon="-36.934463">
        <ele>13</ele>
      </trkpt>
      <trkpt lat="-10.0874" lon="-36.934689">
        <ele>12.14</ele>
      </trkpt>
      <trkpt lat="-10.086264" lon="-36.935268">
        <ele>13.37</ele>
      </trkpt>
      <trkpt lat="-10.086028" lon="-36.935234">
        <ele>14.56</ele>
      </trkpt>
      <trkpt lat="-10.085319" lon="-36.935134">
        <ele>9.12</ele>
      </trkpt>
      <trkpt lat="-10.08385" lon="-36.934941">
        <ele>10.61</ele>
      </trkpt>
      <trkpt lat="-10.082886" lon="-36.935255">
        <ele>9.72</ele>
      </trkpt>
      <trkpt lat="-10.082403" lon="-36.935413">
        <ele>11.16</ele>
      </trkpt>
      <trkpt lat="-10.081886" lon="-36.935703">
        <ele>9.59</ele>
      </trkpt>
      <trkpt lat="-10.081368" lon="-36.935992">
        <ele>5.5</ele>
      </trkpt>
      <trkpt lat="-10.080814" lon="-36.936188">
        <ele>4.7</ele>
      </trkpt>
      <trkpt lat="-10.080312" lon="-36.936368">
        <ele>7.46</ele>
      </trkpt>
      <trkpt lat="-10.080079" lon="-36.936378">
        <ele>9.08</ele>
      </trkpt>
      <trkpt lat="-10.079541" lon="-36.936641">
        <ele>9.03</ele>
      </trkpt>
      <trkpt lat="-10.079139" lon="-36.936577">
        <ele>10.22</ele>
      </trkpt>
      <trkpt lat="-10.078859" lon="-36.936432">
        <ele>10.88</ele>
      </trkpt>
      <trkpt lat="-10.07875" lon="-36.936564">
        <ele>9.47</ele>
      </trkpt>
      <trkpt lat="-10.078599" lon="-36.936649">
        <ele>9.04</ele>
      </trkpt>
      <trkpt lat="-10.078484" lon="-36.936663">
        <ele>8.8</ele>
      </trkpt>
      <trkpt lat="-10.078212" lon="-36.936604">
        <ele>9.83</ele>
      </trkpt>
      <trkpt lat="-10.077959" lon="-36.936598">
        <ele>9.93</ele>
      </trkpt>
      <trkpt lat="-10.07771" lon="-36.936643">
        <ele>8.71</ele>
      </trkpt>
      <trkpt lat="-10.077211" lon="-36.936732">
        <ele>11</ele>
      </trkpt>
      <trkpt lat="-10.076319" lon="-36.937205">
        <ele>10.78</ele>
      </trkpt>
      <trkpt lat="-10.075363" lon="-36.937875">
        <ele>10</ele>
      </trkpt>
      <trkpt lat="-10.075049" lon="-36.938084">
        <ele>10</ele>
      </trkpt>
      <trkpt lat="-10.074594" lon="-36.938264">
        <ele>9.71</ele>
      </trkpt>
      <trkpt lat="-10.073953" lon="-36.938567">
        <ele>9.25</ele>
      </trkpt>
      <trkpt lat="-10.073349" lon="-36.938995">
        <ele>9.93</ele>
      </trkpt>
      <trkpt lat="-10.072911" lon="-36.939348">
        <ele>10.02</ele>
      </trkpt>
      <trkpt lat="-10.07266" lon="-36.939537">
        <ele>11.9</ele>
      </trkpt>
      <trkpt lat="-10.072542" lon="-36.939682">
        <ele>11.2</ele>
      </trkpt>
      <trkpt lat="-10.072486" lon="-36.940133">
        <ele>10</ele>
      </trkpt>
      <trkpt lat="-10.072441" lon="-36.940403">
        <ele>10.61</ele>
      </trkpt>
      <trkpt lat="-10.072404" lon="-36.940558">
        <ele>10.42</ele>
      </trkpt>
      <trkpt lat="-10.072278" lon="-36.940766">
        <ele>10.65</ele>
      </trkpt>
      <trkpt lat="-10.071073" lon="-36.942325">
        <ele>10.53</ele>
      </trkpt>
      <trkpt lat="-10.070634" lon="-36.942873">
        <ele>10.97</ele>
      </trkpt>
      <trkpt lat="-10.07024" lon="-36.943327">
        <ele>12.14</ele>
      </trkpt>
      <trkpt lat="-10.069729" lon="-36.943788">
        <ele>12.42</ele>
      </trkpt>
      <trkpt lat="-10.069405" lon="-36.944056">
        <ele>11.68</ele>
      </trkpt>
      <trkpt lat="-10.069144" lon="-36.944341">
        <ele>12.04</ele>
      </trkpt>
      <trkpt lat="-10.069043" lon="-36.944476">
        <ele>12.37</ele>
      </trkpt>
      <trkpt lat="-10.068915" lon="-36.944704">
        <ele>13.03</ele>
      </trkpt>
      <trkpt lat="-10.06861" lon="-36.94511">
        <ele>14.51</ele>
      </trkpt>
      <trkpt lat="-10.068306" lon="-36.945364">
        <ele>14.19</ele>
      </trkpt>
      <trkpt lat="-10.068171" lon="-36.94546">
        <ele>14</ele>
      </trkpt>
      <trkpt lat="-10.068094" lon="-36.945537">
        <ele>14</ele>
      </trkpt>
      <trkpt lat="-10.067986" lon="-36.945624">
        <ele>14.15</ele>
      </trkpt>
      <trkpt lat="-10.06781" lon="-36.945699">
        <ele>14</ele>
      </trkpt>
      <trkpt lat="-10.067637" lon="-36.945784">
        <ele>14.43</ele>
      </trkpt>
      <trkpt lat="-10.067412" lon="-36.945912">
        <ele>14.16</ele>
      </trkpt>
      <trkpt lat="-10.067147" lon="-36.946088">
        <ele>14.07</ele>
      </trkpt>
      <trkpt lat="-10.066809" lon="-36.946362">
        <ele>13.35</ele>
      </trkpt>
      <trkpt lat="-10.066397" lon="-36.946587">
        <ele>14.1</ele>
      </trkpt>
      <trkpt lat="-10.066081" lon="-36.946708">
        <ele>14.04</ele>
      </trkpt>
      <trkpt lat="-10.065856" lon="-36.946834">
        <ele>14</ele>
      </trkpt>
      <trkpt lat="-10.065565" lon="-36.946976">
        <ele>13.01</ele>
      </trkpt>
      <trkpt lat="-10.065177" lon="-36.94711">
        <ele>13.18</ele>
      </trkpt>
      <trkpt lat="-10.06504" lon="-36.947142">
        <ele>14.03</ele>
      </trkpt>
      <trkpt lat="-10.06484" lon="-36.947217">
        <ele>14.76</ele>
      </trkpt>
      <trkpt lat="-10.064435" lon="-36.947346">
        <ele>15</ele>
      </trkpt>
      <trkpt lat="-10.064183" lon="-36.947461">
        <ele>14.51</ele>
      </trkpt>
      <trkpt lat="-10.063998" lon="-36.947522">
        <ele>13.47</ele>
      </trkpt>
      <trkpt lat="-10.063735" lon="-36.947664">
        <ele>12.93</ele>
      </trkpt>
      <trkpt lat="-10.063532" lon="-36.947764">
        <ele>13.05</ele>
      </trkpt>
      <trkpt lat="-10.063415" lon="-36.94779">
        <ele>12.82</ele>
      </trkpt>
      <trkpt lat="-10.063219" lon="-36.947846">
        <ele>12.52</ele>
      </trkpt>
      <trkpt lat="-10.063065" lon="-36.947874">
        <ele>12.73</ele>
      </trkpt>
      <trkpt lat="-10.0629" lon="-36.947932">
        <ele>12.83</ele>
      </trkpt>
      <trkpt lat="-10.062632" lon="-36.947996">
        <ele>12.5</ele>
      </trkpt>
      <trkpt lat="-10.062346" lon="-36.948086">
        <ele>12.19</ele>
      </trkpt>
      <trkpt lat="-10.06221" lon="-36.948137">
        <ele>12.6</ele>
      </trkpt>
      <trkpt lat="-10.061983" lon="-36.948198">
        <ele>12.54</ele>
      </trkpt>
      <trkpt lat="-10.06121" lon="-36.948464">
        <ele>11.98</ele>
      </trkpt>
      <trkpt lat="-10.061002" lon="-36.948513">
        <ele>11.7</ele>
      </trkpt>
      <trkpt lat="-10.060852" lon="-36.948596">
        <ele>12.68</ele>
      </trkpt>
      <trkpt lat="-10.06074" lon="-36.948627">
        <ele>13.02</ele>
      </trkpt>
      <trkpt lat="-10.060583" lon="-36.948687">
        <ele>12.56</ele>
      </trkpt>
      <trkpt lat="-10.060436" lon="-36.948733">
        <ele>12.13</ele>
      </trkpt>
      <trkpt lat="-10.06032" lon="-36.948754">
        <ele>12.57</ele>
      </trkpt>
      <trkpt lat="-10.060163" lon="-36.948802">
        <ele>12.04</ele>
      </trkpt>
      <trkpt lat="-10.05995" lon="-36.948825">
        <ele>12.02</ele>
      </trkpt>
      <trkpt lat="-10.059653" lon="-36.948949">
        <ele>12.09</ele>
      </trkpt>
      <trkpt lat="-10.059381" lon="-36.949083">
        <ele>12.9</ele>
      </trkpt>
      <trkpt lat="-10.059202" lon="-36.949159">
        <ele>12.84</ele>
      </trkpt>
      <trkpt lat="-10.058771" lon="-36.949276">
        <ele>12.72</ele>
      </trkpt>
      <trkpt lat="-10.058204" lon="-36.949463">
        <ele>14.18</ele>
      </trkpt>
      <trkpt lat="-10.057968" lon="-36.949543">
        <ele>13.15</ele>
      </trkpt>
      <trkpt lat="-10.057373" lon="-36.949783">
        <ele>11.21</ele>
      </trkpt>
      <trkpt lat="-10.05711" lon="-36.949887">
        <ele>11.97</ele>
      </trkpt>
      <trkpt lat="-10.056758" lon="-36.949989">
        <ele>12.12</ele>
      </trkpt>
      <trkpt lat="-10.056328" lon="-36.950135">
        <ele>12.93</ele>
      </trkpt>
      <trkpt lat="-10.056083" lon="-36.950251">
        <ele>13.18</ele>
      </trkpt>
      <trkpt lat="-10.055685" lon="-36.950401">
        <ele>13.18</ele>
      </trkpt>
      <trkpt lat="-10.055283" lon="-36.950571">
        <ele>8.92</ele>
      </trkpt>
      <trkpt lat="-10.054941" lon="-36.950727">
        <ele>8.95</ele>
      </trkpt>
      <trkpt lat="-10.05475" lon="-36.950831">
        <ele>9.39</ele>
      </trkpt>
      <trkpt lat="-10.054545" lon="-36.950934">
        <ele>11.36</ele>
      </trkpt>
      <trkpt lat="-10.054292" lon="-36.95105">
        <ele>13.49</ele>
      </trkpt>
      <trkpt lat="-10.05404" lon="-36.951165">
        <ele>13.33</ele>
      </trkpt>
      <trkpt lat="-10.053765" lon="-36.951329">
        <ele>13.33</ele>
      </trkpt>
      <trkpt lat="-10.053611" lon="-36.95143">
        <ele>12.49</ele>
      </trkpt>
      <trkpt lat="-10.053186" lon="-36.951608">
        <ele>10.42</ele>
      </trkpt>
      <trkpt lat="-10.052619" lon="-36.951825">
        <ele>10.88</ele>
      </trkpt>
      <trkpt lat="-10.052325" lon="-36.951972">
        <ele>11.59</ele>
      </trkpt>
      <trkpt lat="-10.052146" lon="-36.952049">
        <ele>11.34</ele>
      </trkpt>
      <trkpt lat="-10.051781" lon="-36.952224">
        <ele>11.08</ele>
      </trkpt>
      <trkpt lat="-10.051672" lon="-36.952331">
        <ele>11</ele>
      </trkpt>
      <trkpt lat="-10.051494" lon="-36.952469">
        <ele>10.73</ele>
      </trkpt>
      <trkpt lat="-10.05127" lon="-36.952608">
        <ele>10.83</ele>
      </trkpt>
      <trkpt lat="-10.051141" lon="-36.952668">
        <ele>10.62</ele>
      </trkpt>
      <trkpt lat="-10.05034" lon="-36.952971">
        <ele>11.47</ele>
      </trkpt>
      <trkpt lat="-10.049777" lon="-36.953144">
        <ele>11.34</ele>
      </trkpt>
      <trkpt lat="-10.04943" lon="-36.95328">
        <ele>9.22</ele>
      </trkpt>
      <trkpt lat="-10.048957" lon="-36.953427">
        <ele>9.65</ele>
      </trkpt>
      <trkpt lat="-10.048709" lon="-36.953495">
        <ele>10.47</ele>
      </trkpt>
      <trkpt lat="-10.048454" lon="-36.953445">
        <ele>12.03</ele>
      </trkpt>
      <trkpt lat="-10.048125" lon="-36.953553">
        <ele>7.64</ele>
      </trkpt>
      <trkpt lat="-10.047882" lon="-36.953638">
        <ele>6.21</ele>
      </trkpt>
      <trkpt lat="-10.047491" lon="-36.953685">
        <ele>9.95</ele>
      </trkpt>
      <trkpt lat="-10.047209" lon="-36.953715">
        <ele>11.01</ele>
      </trkpt>
      <trkpt lat="-10.046782" lon="-36.95377">
        <ele>10.7</ele>
      </trkpt>
      <trkpt lat="-10.046298" lon="-36.953722">
        <ele>10.44</ele>
      </trkpt>
      <trkpt lat="-10.046199" lon="-36.953675">
        <ele>10.53</ele>
      </trkpt>
      <trkpt lat="-10.045869" lon="-36.953574">
        <ele>7.72</ele>
      </trkpt>
      <trkpt lat="-10.045509" lon="-36.95351">
        <ele>7.52</ele>
      </trkpt>
      <trkpt lat="-10.045369" lon="-36.953554">
        <ele>8.03</ele>
      </trkpt>
      <trkpt lat="-10.045204" lon="-36.953547">
        <ele>9.09</ele>
      </trkpt>
      <trkpt lat="-10.04513" lon="-36.95351">
        <ele>9.96</ele>
      </trkpt>
      <trkpt lat="-10.044994" lon="-36.953471">
        <ele>11.67</ele>
      </trkpt>
      <trkpt lat="-10.044893" lon="-36.953507">
        <ele>12.41</ele>
      </trkpt>
      <trkpt lat="-10.044767" lon="-36.953526">
        <ele>13.01</ele>
      </trkpt>
      <trkpt lat="-10.044644" lon="-36.953519">
        <ele>13.7</ele>
      </trkpt>
      <trkpt lat="-10.044475" lon="-36.953436">
        <ele>15.89</ele>
      </trkpt>
      <trkpt lat="-10.044294" lon="-36.953412">
        <ele>16</ele>
      </trkpt>
      <trkpt lat="-10.043817" lon="-36.953328">
        <ele>20.38</ele>
      </trkpt>
      <trkpt lat="-10.043457" lon="-36.95326">
        <ele>20.92</ele>
      </trkpt>
      <trkpt lat="-10.043322" lon="-36.953307">
        <ele>18.66</ele>
      </trkpt>
      <trkpt lat="-10.043231" lon="-36.953291">
        <ele>17.96</ele>
      </trkpt>
      <trkpt lat="-10.043021" lon="-36.953094">
        <ele>18.95</ele>
      </trkpt>
      <trkpt lat="-10.042564" lon="-36.952915">
        <ele>14.71</ele>
      </trkpt>
      <trkpt lat="-10.042335" lon="-36.952826">
        <ele>15.52</ele>
      </trkpt>
      <trkpt lat="-10.041954" lon="-36.953126">
        <ele>12.84</ele>
      </trkpt>
      <trkpt lat="-10.041664" lon="-36.953083">
        <ele>14.66</ele>
      </trkpt>
      <trkpt lat="-10.041373" lon="-36.95304">
        <ele>13.09</ele>
      </trkpt>
      <trkpt lat="-10.041035" lon="-36.952928">
        <ele>11.82</ele>
      </trkpt>
      <trkpt lat="-10.040827" lon="-36.952834">
        <ele>13.9</ele>
      </trkpt>
      <trkpt lat="-10.040618" lon="-36.95274">
        <ele>13.79</ele>
      </trkpt>
      <trkpt lat="-10.040333" lon="-36.9526">
        <ele>12.7</ele>
      </trkpt>
      <trkpt lat="-10.040137" lon="-36.952397">
        <ele>15.94</ele>
      </trkpt>
      <trkpt lat="-10.03982" lon="-36.95212">
        <ele>13.88</ele>
      </trkpt>
      <trkpt lat="-10.039435" lon="-36.951721">
        <ele>13.02</ele>
      </trkpt>
      <trkpt lat="-10.039134" lon="-36.951628">
        <ele>9.67</ele>
      </trkpt>
      <trkpt lat="-10.038534" lon="-36.951442">
        <ele>6.74</ele>
      </trkpt>
      <trkpt lat="-10.038009" lon="-36.951299">
        <ele>4.15</ele>
      </trkpt>
      <trkpt lat="-10.036961" lon="-36.951013">
        <ele>4</ele>
      </trkpt>
      <trkpt lat="-10.036968" lon="-36.950796">
        <ele>4.86</ele>
      </trkpt>
      <trkpt lat="-10.036975" lon="-36.950579">
        <ele>8.07</ele>
      </trkpt>
      <trkpt lat="-10.03682" lon="-36.950559">
        <ele>8.42</ele>
      </trkpt>
      <trkpt lat="-10.036463" lon="-36.95053">
        <ele>9.12</ele>
      </trkpt>
      <trkpt lat="-10.036147" lon="-36.950476">
        <ele>6.18</ele>
      </trkpt>
      <trkpt lat="-10.036042" lon="-36.950451">
        <ele>5.88</ele>
      </trkpt>
      <trkpt lat="-10.035893" lon="-36.95044">
        <ele>6.29</ele>
      </trkpt>
      <trkpt lat="-10.035606" lon="-36.950443">
        <ele>9.26</ele>
      </trkpt>
      <trkpt lat="-10.03532" lon="-36.950447">
        <ele>10</ele>
      </trkpt>
      <trkpt lat="-10.034786" lon="-36.950404">
        <ele>11</ele>
      </trkpt>
      <trkpt lat="-10.033862" lon="-36.950288">
        <ele>11.88</ele>
      </trkpt>
      <trkpt lat="-10.033762" lon="-36.950243">
        <ele>12.64</ele>
      </trkpt>
      <trkpt lat="-10.03369" lon="-36.950168">
        <ele>13.69</ele>
      </trkpt>
      <trkpt lat="-10.033412" lon="-36.949712">
        <ele>22.28</ele>
      </trkpt>
      <trkpt lat="-10.033276" lon="-36.949525">
        <ele>26.3</ele>
      </trkpt>
      <trkpt lat="-10.033252" lon="-36.949796">
        <ele>24.02</ele>
      </trkpt>
      <trkpt lat="-10.033195" lon="-36.950066">
        <ele>21.43</ele>
      </trkpt>
      <trkpt lat="-10.033161" lon="-36.950157">
        <ele>20.34</ele>
      </trkpt>
      <trkpt lat="-10.032998" lon="-36.950327">
        <ele>17.47</ele>
      </trkpt>
      <trkpt lat="-10.032861" lon="-36.950457">
        <ele>15.7</ele>
      </trkpt>
      <trkpt lat="-10.032782" lon="-36.950516">
        <ele>14.54</ele>
      </trkpt>
      <trkpt lat="-10.032471" lon="-36.950618">
        <ele>11.74</ele>
      </trkpt>
      <trkpt lat="-10.03238" lon="-36.950628">
        <ele>11.43</ele>
      </trkpt>
      <trkpt lat="-10.032267" lon="-36.950605">
        <ele>10.93</ele>
      </trkpt>
      <trkpt lat="-10.032133" lon="-36.950553">
        <ele>10.39</ele>
      </trkpt>
      <trkpt lat="-10.032062" lon="-36.950557">
        <ele>9.86</ele>
      </trkpt>
      <trkpt lat="-10.031962" lon="-36.950598">
        <ele>8.99</ele>
      </trkpt>
      <trkpt lat="-10.031819" lon="-36.950689">
        <ele>7.15</ele>
      </trkpt>
      <trkpt lat="-10.031742" lon="-36.950727">
        <ele>6.54</ele>
      </trkpt>
      <trkpt lat="-10.031618" lon="-36.950744">
        <ele>6.19</ele>
      </trkpt>
      <trkpt lat="-10.03149" lon="-36.950746">
        <ele>6.36</ele>
      </trkpt>
      <trkpt lat="-10.031242" lon="-36.950785">
        <ele>7.14</ele>
      </trkpt>
      <trkpt lat="-10.030996" lon="-36.950882">
        <ele>8.1</ele>
      </trkpt>
      <trkpt lat="-10.030714" lon="-36.95095">
        <ele>9.88</ele>
      </trkpt>
      <trkpt lat="-10.030537" lon="-36.951011">
        <ele>9.71</ele>
      </trkpt>
      <trkpt lat="-10.030393" lon="-36.951046">
        <ele>10.25</ele>
      </trkpt>
      <trkpt lat="-10.029946" lon="-36.951069">
        <ele>12.37</ele>
      </trkpt>
      <trkpt lat="-10.029738" lon="-36.951102">
        <ele>11.59</ele>
      </trkpt>
      <trkpt lat="-10.029511" lon="-36.951116">
        <ele>10.78</ele>
      </trkpt>
      <trkpt lat="-10.029307" lon="-36.951147">
        <ele>10.56</ele>
      </trkpt>
      <trkpt lat="-10.029097" lon="-36.951198">
        <ele>9.67</ele>
      </trkpt>
      <trkpt lat="-10.028752" lon="-36.951265">
        <ele>10.28</ele>
      </trkpt>
      <trkpt lat="-10.028729" lon="-36.951264">
        <ele>10.47</ele>
      </trkpt>
      <trkpt lat="-10.028714" lon="-36.951253">
        <ele>10.81</ele>
      </trkpt>
      <trkpt lat="-10.028696" lon="-36.95122">
        <ele>11.57</ele>
      </trkpt>
      <trkpt lat="-10.028626" lon="-36.951136">
        <ele>12.46</ele>
      </trkpt>
      <trkpt lat="-10.028557" lon="-36.951066">
        <ele>12.49</ele>
      </trkpt>
      <trkpt lat="-10.028475" lon="-36.951034">
        <ele>11.96</ele>
      </trkpt>
      <trkpt lat="-10.028233" lon="-36.951018">
        <ele>11.86</ele>
      </trkpt>
      <trkpt lat="-10.028059" lon="-36.951037">
        <ele>11.97</ele>
      </trkpt>
      <trkpt lat="-10.027861" lon="-36.951072">
        <ele>12.07</ele>
      </trkpt>
      <trkpt lat="-10.027024" lon="-36.951136">
        <ele>13.83</ele>
      </trkpt>
      <trkpt lat="-10.026757" lon="-36.951101">
        <ele>15.53</ele>
      </trkpt>
      <trkpt lat="-10.026535" lon="-36.951064">
        <ele>15.23</ele>
      </trkpt>
      <trkpt lat="-10.026279" lon="-36.951002">
        <ele>15.7</ele>
      </trkpt>
      <trkpt lat="-10.026187" lon="-36.951">
        <ele>15.84</ele>
      </trkpt>
      <trkpt lat="-10.02604" lon="-36.951029">
        <ele>15.68</ele>
      </trkpt>
      <trkpt lat="-10.02587" lon="-36.951092">
        <ele>15.51</ele>
      </trkpt>
      <trkpt lat="-10.025604" lon="-36.951211">
        <ele>14.99</ele>
      </trkpt>
      <trkpt lat="-10.025329" lon="-36.951277">
        <ele>13.7</ele>
      </trkpt>
      <trkpt lat="-10.024785" lon="-36.951321">
        <ele>10.13</ele>
      </trkpt>
      <trkpt lat="-10.024641" lon="-36.95136">
        <ele>9.45</ele>
      </trkpt>
      <trkpt lat="-10.024533" lon="-36.951379">
        <ele>9.14</ele>
      </trkpt>
      <trkpt lat="-10.024285" lon="-36.951391">
        <ele>9.65</ele>
      </trkpt>
      <trkpt lat="-10.024211" lon="-36.951385">
        <ele>10.01</ele>
      </trkpt>
      <trkpt lat="-10.024136" lon="-36.951365">
        <ele>10.36</ele>
      </trkpt>
      <trkpt lat="-10.02384" lon="-36.95122">
        <ele>11.52</ele>
      </trkpt>
      <trkpt lat="-10.023672" lon="-36.951172">
        <ele>11.46</ele>
      </trkpt>
      <trkpt lat="-10.023606" lon="-36.951163">
        <ele>11.37</ele>
      </trkpt>
      <trkpt lat="-10.023411" lon="-36.951171">
        <ele>10.33</ele>
      </trkpt>
      <trkpt lat="-10.023318" lon="-36.951136">
        <ele>10.62</ele>
      </trkpt>
      <trkpt lat="-10.022967" lon="-36.951029">
        <ele>10.39</ele>
      </trkpt>
      <trkpt lat="-10.022664" lon="-36.950921">
        <ele>11.69</ele>
      </trkpt>
      <trkpt lat="-10.022489" lon="-36.95083">
        <ele>12.63</ele>
      </trkpt>
      <trkpt lat="-10.0224" lon="-36.950775">
        <ele>13.11</ele>
      </trkpt>
      <trkpt lat="-10.02235" lon="-36.950726">
        <ele>13.88</ele>
      </trkpt>
      <trkpt lat="-10.022287" lon="-36.950638">
        <ele>15.48</ele>
      </trkpt>
      <trkpt lat="-10.022219" lon="-36.950569">
        <ele>16.2</ele>
      </trkpt>
      <trkpt lat="-10.022027" lon="-36.950421">
        <ele>16.62</ele>
      </trkpt>
      <trkpt lat="-10.021855" lon="-36.950231">
        <ele>17.7</ele>
      </trkpt>
      <trkpt lat="-10.021795" lon="-36.950177">
        <ele>18.27</ele>
      </trkpt>
      <trkpt lat="-10.021727" lon="-36.950152">
        <ele>18.06</ele>
      </trkpt>
      <trkpt lat="-10.021065" lon="-36.950027">
        <ele>14.96</ele>
      </trkpt>
      <trkpt lat="-10.02097" lon="-36.94998">
        <ele>15.64</ele>
      </trkpt>
      <trkpt lat="-10.020854" lon="-36.949937">
        <ele>16.28</ele>
      </trkpt>
      <trkpt lat="-10.020553" lon="-36.949871">
        <ele>15.65</ele>
      </trkpt>
      <trkpt lat="-10.02044" lon="-36.949823">
        <ele>15.88</ele>
      </trkpt>
      <trkpt lat="-10.019894" lon="-36.949456">
        <ele>18.07</ele>
      </trkpt>
      <trkpt lat="-10.019517" lon="-36.949203">
        <ele>16.01</ele>
      </trkpt>
      <trkpt lat="-10.019446" lon="-36.949165">
        <ele>15.31</ele>
      </trkpt>
      <trkpt lat="-10.01938" lon="-36.949147">
        <ele>14.62</ele>
      </trkpt>
      <trkpt lat="-10.019241" lon="-36.949138">
        <ele>12.98</ele>
      </trkpt>
      <trkpt lat="-10.018922" lon="-36.949085">
        <ele>10.75</ele>
      </trkpt>
      <trkpt lat="-10.018862" lon="-36.949083">
        <ele>10.54</ele>
      </trkpt>
      <trkpt lat="-10.018833" lon="-36.949091">
        <ele>10.4</ele>
      </trkpt>
      <trkpt lat="-10.018786" lon="-36.94912">
        <ele>10.34</ele>
      </trkpt>
      <trkpt lat="-10.018738" lon="-36.949135">
        <ele>10.53</ele>
      </trkpt>
      <trkpt lat="-10.018683" lon="-36.949132">
        <ele>10.83</ele>
      </trkpt>
      <trkpt lat="-10.018054" lon="-36.948883">
        <ele>11</ele>
      </trkpt>
      <trkpt lat="-10.017647" lon="-36.948797">
        <ele>11</ele>
      </trkpt>
      <trkpt lat="-10.017413" lon="-36.948733">
        <ele>12</ele>
      </trkpt>
      <trkpt lat="-10.017388" lon="-36.948742">
        <ele>12</ele>
      </trkpt>
      <trkpt lat="-10.017299" lon="-36.948733">
        <ele>12</ele>
      </trkpt>
      <trkpt lat="-10.016818" lon="-36.948647">
        <ele>12.92</ele>
      </trkpt>
      <trkpt lat="-10.016609" lon="-36.948639">
        <ele>12.97</ele>
      </trkpt>
      <trkpt lat="-10.016268" lon="-36.94869">
        <ele>12.67</ele>
      </trkpt>
      <trkpt lat="-10.016152" lon="-36.948714">
        <ele>12.53</ele>
      </trkpt>
      <trkpt lat="-10.015973" lon="-36.948821">
        <ele>11.84</ele>
      </trkpt>
      <trkpt lat="-10.015911" lon="-36.948837">
        <ele>11.64</ele>
      </trkpt>
      <trkpt lat="-10.015821" lon="-36.948833">
        <ele>11.68</ele>
      </trkpt>
      <trkpt lat="-10.015656" lon="-36.948784">
        <ele>12.31</ele>
      </trkpt>
      <trkpt lat="-10.01541" lon="-36.948694">
        <ele>15.08</ele>
      </trkpt>
      <trkpt lat="-10.015369" lon="-36.948753">
        <ele>14.3</ele>
      </trkpt>
      <trkpt lat="-10.015312" lon="-36.948804">
        <ele>13.75</ele>
      </trkpt>
      <trkpt lat="-10.015248" lon="-36.948831">
        <ele>13.65</ele>
      </trkpt>
      <trkpt lat="-10.015108" lon="-36.948861">
        <ele>13.65</ele>
      </trkpt>
      <trkpt lat="-10.014815" lon="-36.948883">
        <ele>14.57</ele>
      </trkpt>
      <trkpt lat="-10.0146" lon="-36.948906">
        <ele>14.08</ele>
      </trkpt>
      <trkpt lat="-10.01449" lon="-36.948925">
        <ele>13.14</ele>
      </trkpt>
      <trkpt lat="-10.014342" lon="-36.948902">
        <ele>13.44</ele>
      </trkpt>
      <trkpt lat="-10.014198" lon="-36.948866">
        <ele>14.25</ele>
      </trkpt>
      <trkpt lat="-10.01407" lon="-36.948853">
        <ele>14.65</ele>
      </trkpt>
      <trkpt lat="-10.013644" lon="-36.94889">
        <ele>14.04</ele>
      </trkpt>
      <trkpt lat="-10.013448" lon="-36.948894">
        <ele>14.29</ele>
      </trkpt>
      <trkpt lat="-10.013279" lon="-36.948933">
        <ele>13.3</ele>
      </trkpt>
      <trkpt lat="-10.013092" lon="-36.948963">
        <ele>12.44</ele>
      </trkpt>
      <trkpt lat="-10.012866" lon="-36.948977">
        <ele>12.04</ele>
      </trkpt>
      <trkpt lat="-10.012189" lon="-36.94899">
        <ele>13.6</ele>
      </trkpt>
      <trkpt lat="-10.011978" lon="-36.949">
        <ele>12.75</ele>
      </trkpt>
      <trkpt lat="-10.011795" lon="-36.949021">
        <ele>12.62</ele>
      </trkpt>
      <trkpt lat="-10.011126" lon="-36.949234">
        <ele>13.72</ele>
      </trkpt>
      <trkpt lat="-10.011028" lon="-36.949279">
        <ele>14</ele>
      </trkpt>
      <trkpt lat="-10.010893" lon="-36.949379">
        <ele>13.6</ele>
      </trkpt>
      <trkpt lat="-10.010768" lon="-36.949414">
        <ele>13.21</ele>
      </trkpt>
      <trkpt lat="-10.01037" lon="-36.949569">
        <ele>13</ele>
      </trkpt>
      <trkpt lat="-10.00997" lon="-36.949748">
        <ele>12.87</ele>
      </trkpt>
      <trkpt lat="-10.009315" lon="-36.950091">
        <ele>11.47</ele>
      </trkpt>
      <trkpt lat="-10.00827" lon="-36.950421">
        <ele>10.28</ele>
      </trkpt>
      <trkpt lat="-10.00814" lon="-36.950469">
        <ele>9.98</ele>
      </trkpt>
      <trkpt lat="-10.008062" lon="-36.950507">
        <ele>9.94</ele>
      </trkpt>
      <trkpt lat="-10.007965" lon="-36.95052">
        <ele>9.97</ele>
      </trkpt>
      <trkpt lat="-10.007602" lon="-36.950868">
        <ele>13.43</ele>
      </trkpt>
      <trkpt lat="-10.007639" lon="-36.951116">
        <ele>12.6</ele>
      </trkpt>
      <trkpt lat="-10.007676" lon="-36.951365">
        <ele>9.65</ele>
      </trkpt>
      <trkpt lat="-10.007544" lon="-36.951454">
        <ele>11.27</ele>
      </trkpt>
      <trkpt lat="-10.007244" lon="-36.951502">
        <ele>15.42</ele>
      </trkpt>
      <trkpt lat="-10.007146" lon="-36.951548">
        <ele>15.16</ele>
      </trkpt>
      <trkpt lat="-10.006915" lon="-36.951528">
        <ele>15.48</ele>
      </trkpt>
      <trkpt lat="-10.00642" lon="-36.951546">
        <ele>12.86</ele>
      </trkpt>
      <trkpt lat="-10.006266" lon="-36.951572">
        <ele>11.65</ele>
      </trkpt>
      <trkpt lat="-10.006103" lon="-36.951621">
        <ele>10.24</ele>
      </trkpt>
      <trkpt lat="-10.005641" lon="-36.951839">
        <ele>10.93</ele>
      </trkpt>
      <trkpt lat="-10.005575" lon="-36.951859">
        <ele>11.15</ele>
      </trkpt>
      <trkpt lat="-10.005496" lon="-36.951849">
        <ele>11.46</ele>
      </trkpt>
      <trkpt lat="-10.005439" lon="-36.951908">
        <ele>12.04</ele>
      </trkpt>
      <trkpt lat="-10.005399" lon="-36.952053">
        <ele>13.35</ele>
      </trkpt>
      <trkpt lat="-10.005397" lon="-36.952246">
        <ele>13.75</ele>
      </trkpt>
      <trkpt lat="-10.005362" lon="-36.952466">
        <ele>12.92</ele>
      </trkpt>
      <trkpt lat="-10.005198" lon="-36.952702">
        <ele>14.52</ele>
      </trkpt>
      <trkpt lat="-10.005111" lon="-36.952756">
        <ele>15.84</ele>
      </trkpt>
      <trkpt lat="-10.005027" lon="-36.952777">
        <ele>17.15</ele>
      </trkpt>
      <trkpt lat="-10.004905" lon="-36.952836">
        <ele>17.57</ele>
      </trkpt>
      <trkpt lat="-10.00467" lon="-36.95285">
        <ele>22.3</ele>
      </trkpt>
      <trkpt lat="-10.004483" lon="-36.952893">
        <ele>23.05</ele>
      </trkpt>
      <trkpt lat="-10.004403" lon="-36.952836">
        <ele>26.03</ele>
      </trkpt>
      <trkpt lat="-10.004327" lon="-36.952804">
        <ele>27.7</ele>
      </trkpt>
      <trkpt lat="-10.004129" lon="-36.952815">
        <ele>27.53</ele>
      </trkpt>
      <trkpt lat="-10.00374" lon="-36.952804">
        <ele>27.22</ele>
      </trkpt>
      <trkpt lat="-10.003511" lon="-36.952775">
        <ele>25.81</ele>
      </trkpt>
      <trkpt lat="-10.003291" lon="-36.952665">
        <ele>26.08</ele>
      </trkpt>
      <trkpt lat="-10.003117" lon="-36.952598">
        <ele>24.02</ele>
      </trkpt>
      <trkpt lat="-10.003035" lon="-36.952579">
        <ele>22.42</ele>
      </trkpt>
      <trkpt lat="-10.002805" lon="-36.952471">
        <ele>18.66</ele>
      </trkpt>
      <trkpt lat="-10.002779" lon="-36.952753">
        <ele>14.98</ele>
      </trkpt>
      <trkpt lat="-10.002607" lon="-36.953132">
        <ele>11.24</ele>
      </trkpt>
      <trkpt lat="-10.00228" lon="-36.953419">
        <ele>10.88</ele>
      </trkpt>
      <trkpt lat="-10.002113" lon="-36.95352">
        <ele>11.26</ele>
      </trkpt>
      <trkpt lat="-10.001905" lon="-36.95359">
        <ele>11.97</ele>
      </trkpt>
      <trkpt lat="-10.001651" lon="-36.953601">
        <ele>13.73</ele>
      </trkpt>
      <trkpt lat="-10.001144" lon="-36.953622">
        <ele>21.43</ele>
      </trkpt>
      <trkpt lat="-10.000999" lon="-36.953692">
        <ele>24.95</ele>
      </trkpt>
      <trkpt lat="-10.000941" lon="-36.953896">
        <ele>27.38</ele>
      </trkpt>
      <trkpt lat="-10.000943" lon="-36.954084">
        <ele>27.34</ele>
      </trkpt>
      <trkpt lat="-10.00088" lon="-36.954258">
        <ele>26.63</ele>
      </trkpt>
      <trkpt lat="-10.000885" lon="-36.95444">
        <ele>20.43</ele>
      </trkpt>
      <trkpt lat="-10.000816" lon="-36.954532">
        <ele>16.89</ele>
      </trkpt>
      <trkpt lat="-10.000653" lon="-36.954655">
        <ele>11.48</ele>
      </trkpt>
      <trkpt lat="-10.000204" lon="-36.954644">
        <ele>15.3</ele>
      </trkpt>
      <trkpt lat="-10.000034" lon="-36.954617">
        <ele>18.1</ele>
      </trkpt>
      <trkpt lat="-9.999953" lon="-36.95466">
        <ele>17.96</ele>
      </trkpt>
      <trkpt lat="-9.999863" lon="-36.954776">
        <ele>16.16</ele>
      </trkpt>
      <trkpt lat="-9.999667" lon="-36.954896">
        <ele>16.73</ele>
      </trkpt>
      <trkpt lat="-9.999337" lon="-36.955052">
        <ele>15.85</ele>
      </trkpt>
      <trkpt lat="-9.999015" lon="-36.955065">
        <ele>19.13</ele>
      </trkpt>
      <trkpt lat="-9.998595" lon="-36.955122">
        <ele>18.27</ele>
      </trkpt>
      <trkpt lat="-9.99846" lon="-36.955071">
        <ele>19.02</ele>
      </trkpt>
      <trkpt lat="-9.998294" lon="-36.955116">
        <ele>15.76</ele>
      </trkpt>
      <trkpt lat="-9.998135" lon="-36.955285">
        <ele>12.29</ele>
      </trkpt>
      <trkpt lat="-9.997771" lon="-36.955602">
        <ele>10.6</ele>
      </trkpt>
      <trkpt lat="-9.997335" lon="-36.955747">
        <ele>11.44</ele>
      </trkpt>
      <trkpt lat="-9.996948" lon="-36.955983">
        <ele>12.37</ele>
      </trkpt>
      <trkpt lat="-9.996853" lon="-36.956075">
        <ele>12.43</ele>
      </trkpt>
      <trkpt lat="-9.996721" lon="-36.956233">
        <ele>12</ele>
      </trkpt>
      <trkpt lat="-9.99661" lon="-36.956385">
        <ele>12.19</ele>
      </trkpt>
      <trkpt lat="-9.996334" lon="-36.956677">
        <ele>14</ele>
      </trkpt>
      <trkpt lat="-9.996274" lon="-36.956715">
        <ele>14</ele>
      </trkpt>
      <trkpt lat="-9.996111" lon="-36.956765">
        <ele>14.2</ele>
      </trkpt>
      <trkpt lat="-9.996017" lon="-36.956807">
        <ele>13.9</ele>
      </trkpt>
      <trkpt lat="-9.995948" lon="-36.956858">
        <ele>13.76</ele>
      </trkpt>
      <trkpt lat="-9.995555" lon="-36.957385">
        <ele>12.53</ele>
      </trkpt>
      <trkpt lat="-9.994868" lon="-36.958287">
        <ele>13.16</ele>
      </trkpt>
      <trkpt lat="-9.994736" lon="-36.958509">
        <ele>12.7</ele>
      </trkpt>
      <trkpt lat="-9.994498" lon="-36.959011">
        <ele>11</ele>
      </trkpt>
      <trkpt lat="-9.994284" lon="-36.95936">
        <ele>10.8</ele>
      </trkpt>
      <trkpt lat="-9.994244" lon="-36.959471">
        <ele>11.09</ele>
      </trkpt>
      <trkpt lat="-9.993992" lon="-36.959943">
        <ele>14.41</ele>
      </trkpt>
      <trkpt lat="-9.993552" lon="-36.959919">
        <ele>23.19</ele>
      </trkpt>
      <trkpt lat="-9.993515" lon="-36.960089">
        <ele>25.18</ele>
      </trkpt>
      <trkpt lat="-9.993322" lon="-36.960314">
        <ele>30.62</ele>
      </trkpt>
      <trkpt lat="-9.992974" lon="-36.96039">
        <ele>36.45</ele>
      </trkpt>
      <trkpt lat="-9.992784" lon="-36.960481">
        <ele>36.37</ele>
      </trkpt>
      <trkpt lat="-9.992382" lon="-36.960915">
        <ele>25.14</ele>
      </trkpt>
      <trkpt lat="-9.99215" lon="-36.960862">
        <ele>25.45</ele>
      </trkpt>
      <trkpt lat="-9.992097" lon="-36.960942">
        <ele>26.07</ele>
      </trkpt>
      <trkpt lat="-9.992282" lon="-36.961307">
        <ele>22.45</ele>
      </trkpt>
      <trkpt lat="-9.992234" lon="-36.96165">
        <ele>21.46</ele>
      </trkpt>
      <trkpt lat="-9.991954" lon="-36.962063">
        <ele>23.57</ele>
      </trkpt>
      <trkpt lat="-9.991648" lon="-36.962262">
        <ele>25.33</ele>
      </trkpt>
      <trkpt lat="-9.991463" lon="-36.962589">
        <ele>20.86</ele>
      </trkpt>
      <trkpt lat="-9.991299" lon="-36.962632">
        <ele>21.37</ele>
      </trkpt>
      <trkpt lat="-9.990961" lon="-36.962546">
        <ele>24.21</ele>
      </trkpt>
      <trkpt lat="-9.990776" lon="-36.962578">
        <ele>22</ele>
      </trkpt>
      <trkpt lat="-9.990396" lon="-36.962213">
        <ele>22.95</ele>
      </trkpt>
      <trkpt lat="-9.990258" lon="-36.962197">
        <ele>20.16</ele>
      </trkpt>
      <trkpt lat="-9.990095" lon="-36.962106">
        <ele>19.4</ele>
      </trkpt>
      <trkpt lat="-9.989803" lon="-36.962068">
        <ele>17.19</ele>
      </trkpt>
      <trkpt lat="-9.989741" lon="-36.962077">
        <ele>16.63</ele>
      </trkpt>
      <trkpt lat="-9.989647" lon="-36.962175">
        <ele>14.64</ele>
      </trkpt>
      <trkpt lat="-9.989599" lon="-36.962331">
        <ele>14.24</ele>
      </trkpt>
      <trkpt lat="-9.989544" lon="-36.962529">
        <ele>15.49</ele>
      </trkpt>
      <trkpt lat="-9.989496" lon="-36.962602">
        <ele>16.34</ele>
      </trkpt>
      <trkpt lat="-9.989451" lon="-36.962631">
        <ele>17.01</ele>
      </trkpt>
      <trkpt lat="-9.989436" lon="-36.962688">
        <ele>17.09</ele>
      </trkpt>
      <trkpt lat="-9.989338" lon="-36.96282">
        <ele>17.13</ele>
      </trkpt>
      <trkpt lat="-9.989249" lon="-36.963002">
        <ele>15.51</ele>
      </trkpt>
      <trkpt lat="-9.988959" lon="-36.963319">
        <ele>12.14</ele>
      </trkpt>
      <trkpt lat="-9.988457" lon="-36.963769">
        <ele>8.74</ele>
      </trkpt>
      <trkpt lat="-9.98824" lon="-36.964145">
        <ele>9.64</ele>
      </trkpt>
      <trkpt lat="-9.988008" lon="-36.964359">
        <ele>9.52</ele>
      </trkpt>
      <trkpt lat="-9.987781" lon="-36.964467">
        <ele>8.82</ele>
      </trkpt>
      <trkpt lat="-9.987564" lon="-36.964536">
        <ele>8.91</ele>
      </trkpt>
      <trkpt lat="-9.987184" lon="-36.964617">
        <ele>8.15</ele>
      </trkpt>
      <trkpt lat="-9.986861" lon="-36.96477">
        <ele>8.14</ele>
      </trkpt>
      <trkpt lat="-9.986513" lon="-36.964939">
        <ele>10.38</ele>
      </trkpt>
      <trkpt lat="-9.986082" lon="-36.965077">
        <ele>12.88</ele>
      </trkpt>
      <trkpt lat="-9.986008" lon="-36.965118">
        <ele>13.55</ele>
      </trkpt>
      <trkpt lat="-9.985935" lon="-36.965222">
        <ele>14.73</ele>
      </trkpt>
      <trkpt lat="-9.985909" lon="-36.965286">
        <ele>15.41</ele>
      </trkpt>
      <trkpt lat="-9.9859" lon="-36.965405">
        <ele>15.71</ele>
      </trkpt>
      <trkpt lat="-9.985906" lon="-36.965653">
        <ele>15.63</ele>
      </trkpt>
      <trkpt lat="-9.985887" lon="-36.965749">
        <ele>15.86</ele>
      </trkpt>
      <trkpt lat="-9.985838" lon="-36.965879">
        <ele>16.44</ele>
      </trkpt>
      <trkpt lat="-9.985769" lon="-36.965999">
        <ele>17.26</ele>
      </trkpt>
      <trkpt lat="-9.985618" lon="-36.96619">
        <ele>16.82</ele>
      </trkpt>
      <trkpt lat="-9.985231" lon="-36.966602">
        <ele>14.34</ele>
      </trkpt>
      <trkpt lat="-9.984974" lon="-36.96693">
        <ele>14.29</ele>
      </trkpt>
      <trkpt lat="-9.984946" lon="-36.966984">
        <ele>13.89</ele>
      </trkpt>
      <trkpt lat="-9.98494" lon="-36.967037">
        <ele>13.05</ele>
      </trkpt>
      <trkpt lat="-9.984953" lon="-36.967082">
        <ele>12.15</ele>
      </trkpt>
      <trkpt lat="-9.985" lon="-36.967137">
        <ele>10.99</ele>
      </trkpt>
      <trkpt lat="-9.985274" lon="-36.96741">
        <ele>10.96</ele>
      </trkpt>
      <trkpt lat="-9.985292" lon="-36.96746">
        <ele>11.03</ele>
      </trkpt>
      <trkpt lat="-9.985296" lon="-36.967535">
        <ele>11.01</ele>
      </trkpt>
      <trkpt lat="-9.985118" lon="-36.967996">
        <ele>12.57</ele>
      </trkpt>
      <trkpt lat="-9.984996" lon="-36.968324">
        <ele>16.01</ele>
      </trkpt>
      <trkpt lat="-9.984868" lon="-36.968513">
        <ele>17.57</ele>
      </trkpt>
      <trkpt lat="-9.984583" lon="-36.968726">
        <ele>20.54</ele>
      </trkpt>
      <trkpt lat="-9.984509" lon="-36.968808">
        <ele>21.15</ele>
      </trkpt>
      <trkpt lat="-9.98444" lon="-36.968918">
        <ele>21.92</ele>
      </trkpt>
      <trkpt lat="-9.984218" lon="-36.969336">
        <ele>21.75</ele>
      </trkpt>
      <trkpt lat="-9.984164" lon="-36.9694">
        <ele>21.58</ele>
      </trkpt>
      <trkpt lat="-9.984105" lon="-36.969445">
        <ele>21.86</ele>
      </trkpt>
      <trkpt lat="-9.983868" lon="-36.969535">
        <ele>22.62</ele>
      </trkpt>
      <trkpt lat="-9.983819" lon="-36.969577">
        <ele>22.2</ele>
      </trkpt>
      <trkpt lat="-9.983657" lon="-36.969772">
        <ele>18.7</ele>
      </trkpt>
      <trkpt lat="-9.983578" lon="-36.969836">
        <ele>17.7</ele>
      </trkpt>
      <trkpt lat="-9.983508" lon="-36.969867">
        <ele>17.22</ele>
      </trkpt>
      <trkpt lat="-9.983063" lon="-36.969984">
        <ele>13.35</ele>
      </trkpt>
      <trkpt lat="-9.982767" lon="-36.970064">
        <ele>12.63</ele>
      </trkpt>
      <trkpt lat="-9.982622" lon="-36.970072">
        <ele>13.17</ele>
      </trkpt>
      <trkpt lat="-9.982466" lon="-36.970048">
        <ele>13.81</ele>
      </trkpt>
      <trkpt lat="-9.981937" lon="-36.969919">
        <ele>14.49</ele>
      </trkpt>
      <trkpt lat="-9.981943" lon="-36.970469">
        <ele>13</ele>
      </trkpt>
      <trkpt lat="-9.981076" lon="-36.971671">
        <ele>11.01</ele>
      </trkpt>
      <trkpt lat="-9.980815" lon="-36.972076">
        <ele>11</ele>
      </trkpt>
      <trkpt lat="-9.980602" lon="-36.972253">
        <ele>11</ele>
      </trkpt>
      <trkpt lat="-9.980338" lon="-36.972433">
        <ele>10</ele>
      </trkpt>
      <trkpt lat="-9.980199" lon="-36.972883">
        <ele>11</ele>
      </trkpt>
      <trkpt lat="-9.980251" lon="-36.972983">
        <ele>11.66</ele>
      </trkpt>
      <trkpt lat="-9.980453" lon="-36.973276">
        <ele>11.01</ele>
      </trkpt>
      <trkpt lat="-9.98053" lon="-36.973598">
        <ele>9.15</ele>
      </trkpt>
      <trkpt lat="-9.980465" lon="-36.973873">
        <ele>9.57</ele>
      </trkpt>
      <trkpt lat="-9.980195" lon="-36.974478">
        <ele>10.57</ele>
      </trkpt>
      <trkpt lat="-9.980017" lon="-36.974818">
        <ele>10.07</ele>
      </trkpt>
      <trkpt lat="-9.979728" lon="-36.975164">
        <ele>12.71</ele>
      </trkpt>
      <trkpt lat="-9.979673" lon="-36.975387">
        <ele>11.79</ele>
      </trkpt>
      <trkpt lat="-9.979482" lon="-36.97595">
        <ele>10.91</ele>
      </trkpt>
      <trkpt lat="-9.979291" lon="-36.976513">
        <ele>12.38</ele>
      </trkpt>
      <trkpt lat="-9.978817" lon="-36.977146">
        <ele>16.8</ele>
      </trkpt>
      <trkpt lat="-9.978435" lon="-36.977527">
        <ele>15.46</ele>
      </trkpt>
      <trkpt lat="-9.978306" lon="-36.977519">
        <ele>15.88</ele>
      </trkpt>
      <trkpt lat="-9.97826" lon="-36.977497">
        <ele>15.73</ele>
      </trkpt>
      <trkpt lat="-9.978014" lon="-36.977537">
        <ele>14.05</ele>
      </trkpt>
      <trkpt lat="-9.977441" lon="-36.978146">
        <ele>11.42</ele>
      </trkpt>
      <trkpt lat="-9.977369" lon="-36.97842">
        <ele>11.82</ele>
      </trkpt>
      <trkpt lat="-9.977121" lon="-36.978676">
        <ele>12.06</ele>
      </trkpt>
      <trkpt lat="-9.976987" lon="-36.978865">
        <ele>11.98</ele>
      </trkpt>
      <trkpt lat="-9.976847" lon="-36.97913">
        <ele>11.79</ele>
      </trkpt>
      <trkpt lat="-9.976542" lon="-36.979614">
        <ele>13.54</ele>
      </trkpt>
      <trkpt lat="-9.976323" lon="-36.979801">
        <ele>14.66</ele>
      </trkpt>
      <trkpt lat="-9.976092" lon="-36.979954">
        <ele>15.31</ele>
      </trkpt>
      <trkpt lat="-9.975991" lon="-36.980053">
        <ele>15.35</ele>
      </trkpt>
      <trkpt lat="-9.974584" lon="-36.980923">
        <ele>12</ele>
      </trkpt>
      <trkpt lat="-9.974099" lon="-36.981406">
        <ele>14.01</ele>
      </trkpt>
      <trkpt lat="-9.973885" lon="-36.98204">
        <ele>13.28</ele>
      </trkpt>
      <trkpt lat="-9.973689" lon="-36.982229">
        <ele>13.82</ele>
      </trkpt>
      <trkpt lat="-9.972997" lon="-36.982727">
        <ele>16.72</ele>
      </trkpt>
      <trkpt lat="-9.972246" lon="-36.983295">
        <ele>15.46</ele>
      </trkpt>
      <trkpt lat="-9.971841" lon="-36.983745">
        <ele>14</ele>
      </trkpt>
      <trkpt lat="-9.971533" lon="-36.984336">
        <ele>14</ele>
      </trkpt>
      <trkpt lat="-9.971132" lon="-36.985675">
        <ele>14</ele>
      </trkpt>
      <trkpt lat="-9.97103" lon="-36.986286">
        <ele>14</ele>
      </trkpt>
      <trkpt lat="-9.970965" lon="-36.987554">
        <ele>13</ele>
      </trkpt>
      <trkpt lat="-9.970969" lon="-36.988164">
        <ele>12.41</ele>
      </trkpt>
      <trkpt lat="-9.97109" lon="-36.988514">
        <ele>12.67</ele>
      </trkpt>
      <trkpt lat="-9.971137" lon="-36.988672">
        <ele>12.5</ele>
      </trkpt>
      <trkpt lat="-9.971181" lon="-36.988773">
        <ele>11.88</ele>
      </trkpt>
      <trkpt lat="-9.971253" lon="-36.989076">
        <ele>9.92</ele>
      </trkpt>
      <trkpt lat="-9.971314" lon="-36.989551">
        <ele>10.87</ele>
      </trkpt>
      <trkpt lat="-9.971323" lon="-36.990086">
        <ele>12</ele>
      </trkpt>
      <trkpt lat="-9.971542" lon="-36.990904">
        <ele>11.03</ele>
      </trkpt>
      <trkpt lat="-9.971808" lon="-36.992276">
        <ele>12.42</ele>
      </trkpt>
      <trkpt lat="-9.97185" lon="-36.992925">
        <ele>14.41</ele>
      </trkpt>
      <trkpt lat="-9.971801" lon="-36.993234">
        <ele>13.42</ele>
      </trkpt>
      <trkpt lat="-9.971653" lon="-36.993385">
        <ele>12.63</ele>
      </trkpt>
      <trkpt lat="-9.971419" lon="-36.993415">
        <ele>11.52</ele>
      </trkpt>
      <trkpt lat="-9.971221" lon="-36.993345">
        <ele>9.95</ele>
      </trkpt>
      <trkpt lat="-9.970961" lon="-36.993318">
        <ele>9.8</ele>
      </trkpt>
      <trkpt lat="-9.970671" lon="-36.993408">
        <ele>9.64</ele>
      </trkpt>
      <trkpt lat="-9.970091" lon="-36.993589">
        <ele>12.37</ele>
      </trkpt>
      <trkpt lat="-9.969975" lon="-36.993696">
        <ele>12.99</ele>
      </trkpt>
      <trkpt lat="-9.969773" lon="-36.994136">
        <ele>14.44</ele>
      </trkpt>
      <trkpt lat="-9.96957" lon="-36.994576">
        <ele>12.58</ele>
      </trkpt>
      <trkpt lat="-9.969326" lon="-36.994891">
        <ele>11.75</ele>
      </trkpt>
      <trkpt lat="-9.969023" lon="-36.995132">
        <ele>12.34</ele>
      </trkpt>
      <trkpt lat="-9.968875" lon="-36.995466">
        <ele>13.43</ele>
      </trkpt>
      <trkpt lat="-9.968631" lon="-36.995847">
        <ele>13.85</ele>
      </trkpt>
      <trkpt lat="-9.968357" lon="-36.996209">
        <ele>16.6</ele>
      </trkpt>
      <trkpt lat="-9.968182" lon="-36.9965">
        <ele>18.96</ele>
      </trkpt>
      <trkpt lat="-9.967747" lon="-36.997276">
        <ele>19.12</ele>
      </trkpt>
      <trkpt lat="-9.967497" lon="-36.997939">
        <ele>19.32</ele>
      </trkpt>
      <trkpt lat="-9.967328" lon="-36.99852">
        <ele>16.94</ele>
      </trkpt>
      <trkpt lat="-9.967213" lon="-36.998847">
        <ele>16.35</ele>
      </trkpt>
      <trkpt lat="-9.967025" lon="-36.999368">
        <ele>17.78</ele>
      </trkpt>
      <trkpt lat="-9.967019" lon="-36.9995">
        <ele>17.68</ele>
      </trkpt>
      <trkpt lat="-9.967029" lon="-36.99963">
        <ele>17.51</ele>
      </trkpt>
      <trkpt lat="-9.967024" lon="-37.000367">
        <ele>18.57</ele>
      </trkpt>
      <trkpt lat="-9.96699" lon="-37.001419">
        <ele>16.36</ele>
      </trkpt>
      <trkpt lat="-9.966985" lon="-37.001851">
        <ele>18.41</ele>
      </trkpt>
      <trkpt lat="-9.966984" lon="-37.002137">
        <ele>23.14</ele>
      </trkpt>
      <trkpt lat="-9.966995" lon="-37.00254">
        <ele>27.41</ele>
      </trkpt>
      <trkpt lat="-9.965979" lon="-37.002452">
        <ele>23.05</ele>
      </trkpt>
      <trkpt lat="-9.965402" lon="-37.002389">
        <ele>21.11</ele>
      </trkpt>
      <trkpt lat="-9.964935" lon="-37.002356">
        <ele>19.43</ele>
      </trkpt>
      <trkpt lat="-9.964701" lon="-37.002339">
        <ele>16.89</ele>
      </trkpt>
      <trkpt lat="-9.96421" lon="-37.002343">
        <ele>14.63</ele>
      </trkpt>
      <trkpt lat="-9.963703" lon="-37.002297">
        <ele>15</ele>
      </trkpt>
      <trkpt lat="-9.963434" lon="-37.002332">
        <ele>15.77</ele>
      </trkpt>
      <trkpt lat="-9.963305" lon="-37.002428">
        <ele>16.15</ele>
      </trkpt>
      <trkpt lat="-9.963104" lon="-37.002519">
        <ele>16.34</ele>
      </trkpt>
      <trkpt lat="-9.962818" lon="-37.002565">
        <ele>15.55</ele>
      </trkpt>
      <trkpt lat="-9.962471" lon="-37.002571">
        <ele>14.96</ele>
      </trkpt>
      <trkpt lat="-9.961888" lon="-37.002411">
        <ele>17.54</ele>
      </trkpt>
      <trkpt lat="-9.961535" lon="-37.002326">
        <ele>21.19</ele>
      </trkpt>
      <trkpt lat="-9.961187" lon="-37.002132">
        <ele>21.76</ele>
      </trkpt>
      <trkpt lat="-9.960492" lon="-37.001899">
        <ele>14.87</ele>
      </trkpt>
      <trkpt lat="-9.959935" lon="-37.001919">
        <ele>11.37</ele>
      </trkpt>
      <trkpt lat="-9.959377" lon="-37.001939">
        <ele>11</ele>
      </trkpt>
      <trkpt lat="-9.958968" lon="-37.001962">
        <ele>10</ele>
      </trkpt>
      <trkpt lat="-9.957948" lon="-37.002787">
        <ele>10.36</ele>
      </trkpt>
      <trkpt lat="-9.957775" lon="-37.00298">
        <ele>11</ele>
      </trkpt>
      <trkpt lat="-9.957609" lon="-37.003368">
        <ele>12.08</ele>
      </trkpt>
      <trkpt lat="-9.957523" lon="-37.003504">
        <ele>12.87</ele>
      </trkpt>
      <trkpt lat="-9.957315" lon="-37.003697">
        <ele>14.23</ele>
      </trkpt>
      <trkpt lat="-9.956962" lon="-37.003856">
        <ele>18.24</ele>
      </trkpt>
      <trkpt lat="-9.956189" lon="-37.00401">
        <ele>22.99</ele>
      </trkpt>
      <trkpt lat="-9.955264" lon="-37.004272">
        <ele>27.1</ele>
      </trkpt>
      <trkpt lat="-9.955063" lon="-37.004323">
        <ele>27.86</ele>
      </trkpt>
      <trkpt lat="-9.954738" lon="-37.004255">
        <ele>28.57</ele>
      </trkpt>
      <trkpt lat="-9.953041" lon="-37.004149">
        <ele>35.09</ele>
      </trkpt>
      <trkpt lat="-9.952705" lon="-37.00439">
        <ele>36</ele>
      </trkpt>
      <trkpt lat="-9.952332" lon="-37.004555">
        <ele>34.43</ele>
      </trkpt>
      <trkpt lat="-9.952007" lon="-37.004676">
        <ele>31.91</ele>
      </trkpt>
      <trkpt lat="-9.951908" lon="-37.004813">
        <ele>30.37</ele>
      </trkpt>
      <trkpt lat="-9.95167" lon="-37.005308">
        <ele>27.5</ele>
      </trkpt>
      <trkpt lat="-9.95131" lon="-37.005855">
        <ele>27.23</ele>
      </trkpt>
      <trkpt lat="-9.951163" lon="-37.005988">
        <ele>27.95</ele>
      </trkpt>
      <trkpt lat="-9.951053" lon="-37.006046">
        <ele>28.32</ele>
      </trkpt>
      <trkpt lat="-9.950925" lon="-37.006273">
        <ele>29.62</ele>
      </trkpt>
      <trkpt lat="-9.950618" lon="-37.006694">
        <ele>29.71</ele>
      </trkpt>
      <trkpt lat="-9.950311" lon="-37.007114">
        <ele>25.56</ele>
      </trkpt>
      <trkpt lat="-9.949856" lon="-37.007609">
        <ele>18.74</ele>
      </trkpt>
      <trkpt lat="-9.949546" lon="-37.007935">
        <ele>13.32</ele>
      </trkpt>
      <trkpt lat="-9.948907" lon="-37.008357">
        <ele>11</ele>
      </trkpt>
      <trkpt lat="-9.948267" lon="-37.008779">
        <ele>11</ele>
      </trkpt>
      <trkpt lat="-9.947668" lon="-37.009198">
        <ele>10.84</ele>
      </trkpt>
      <trkpt lat="-9.947078" lon="-37.00952">
        <ele>10</ele>
      </trkpt>
      <trkpt lat="-9.946777" lon="-37.009608">
        <ele>10</ele>
      </trkpt>
      <trkpt lat="-9.946083" lon="-37.009693">
        <ele>10.4</ele>
      </trkpt>
      <trkpt lat="-9.945358" lon="-37.009713">
        <ele>11.6</ele>
      </trkpt>
      <trkpt lat="-9.944201" lon="-37.009773">
        <ele>11.77</ele>
      </trkpt>
      <trkpt lat="-9.943201" lon="-37.009809">
        <ele>12</ele>
      </trkpt>
      <trkpt lat="-9.942852" lon="-37.009834">
        <ele>12</ele>
      </trkpt>
      <trkpt lat="-9.942666" lon="-37.009894">
        <ele>12</ele>
      </trkpt>
      <trkpt lat="-9.942755" lon="-37.011368">
        <ele>11.36</ele>
      </trkpt>
      <trkpt lat="-9.942831" lon="-37.012127">
        <ele>11.08</ele>
      </trkpt>
      <trkpt lat="-9.943402" lon="-37.012363">
        <ele>10.87</ele>
      </trkpt>
      <trkpt lat="-9.943727" lon="-37.012526">
        <ele>10.73</ele>
      </trkpt>
      <trkpt lat="-9.944102" lon="-37.012835">
        <ele>10.52</ele>
      </trkpt>
      <trkpt lat="-9.94421" lon="-37.013033">
        <ele>10.42</ele>
      </trkpt>
      <trkpt lat="-9.9442" lon="-37.013106">
        <ele>10.39</ele>
      </trkpt>
      <trkpt lat="-9.943899" lon="-37.013707">
        <ele>13.27</ele>
      </trkpt>
      <trkpt lat="-9.943988" lon="-37.013835">
        <ele>13.56</ele>
      </trkpt>
      <trkpt lat="-9.944374" lon="-37.014197">
        <ele>14.49</ele>
      </trkpt>
      <trkpt lat="-9.944427" lon="-37.014358">
        <ele>14.77</ele>
      </trkpt>
      <trkpt lat="-9.944422" lon="-37.014855">
        <ele>15.51</ele>
      </trkpt>
      <trkpt lat="-9.944329" lon="-37.015581">
        <ele>16.68</ele>
      </trkpt>
      <trkpt lat="-9.943774" lon="-37.017572">
        <ele>20.07</ele>
      </trkpt>
      <trkpt lat="-9.943669" lon="-37.017808">
        <ele>20.49</ele>
      </trkpt>
      <trkpt lat="-9.943576" lon="-37.01788">
        <ele>20.64</ele>
      </trkpt>
      <trkpt lat="-9.943122" lon="-37.017963">
        <ele>20.92</ele>
      </trkpt>
      <trkpt lat="-9.942852" lon="-37.018068">
        <ele>21.21</ele>
      </trkpt>
      <trkpt lat="-9.942208" lon="-37.01814">
        <ele>21.72</ele>
      </trkpt>
      <trkpt lat="-9.941727" lon="-37.018336">
        <ele>22.39</ele>
      </trkpt>
      <trkpt lat="-9.94099" lon="-37.018537">
        <ele>23.36</ele>
      </trkpt>
      <trkpt lat="-9.940691" lon="-37.018744">
        <ele>23.96</ele>
      </trkpt>
      <trkpt lat="-9.939975" lon="-37.019216">
        <ele>25.39</ele>
      </trkpt>
      <trkpt lat="-9.93923" lon="-37.019623">
        <ele>26.79</ele>
      </trkpt>
      <trkpt lat="-9.938676" lon="-37.020063">
        <ele>28.03</ele>
      </trkpt>
      <trkpt lat="-9.938094" lon="-37.020568">
        <ele>29.4</ele>
      </trkpt>
      <trkpt lat="-9.937851" lon="-37.020906">
        <ele>30.13</ele>
      </trkpt>
      <trkpt lat="-9.937746" lon="-37.021126">
        <ele>30.55</ele>
      </trkpt>
      <trkpt lat="-9.937175" lon="-37.02163">
        <ele>31.9</ele>
      </trkpt>
      <trkpt lat="-9.936726" lon="-37.022193">
        <ele>33.17</ele>
      </trkpt>
      <trkpt lat="-9.936551" lon="-37.022316">
        <ele>33.55</ele>
      </trkpt>
      <trkpt lat="-9.936335" lon="-37.02237">
        <ele>33.88</ele>
      </trkpt>
      <trkpt lat="-9.936123" lon="-37.022365">
        <ele>34.14</ele>
      </trkpt>
      <trkpt lat="-9.93578" lon="-37.022472">
        <ele>34.71</ele>
      </trkpt>
      <trkpt lat="-9.934792" lon="-37.022928">
        <ele>36.55</ele>
      </trkpt>
      <trkpt lat="-9.934311" lon="-37.02392">
        <ele>38.38</ele>
      </trkpt>
      <trkpt lat="-9.934184" lon="-37.024071">
        <ele>38.73</ele>
      </trkpt>
      <trkpt lat="-9.933788" lon="-37.024312">
        <ele>39.54</ele>
      </trkpt>
      <trkpt lat="-9.93262" lon="-37.02561">
        <ele>42.63</ele>
      </trkpt>
      <trkpt lat="-9.932414" lon="-37.025927">
        <ele>43.28</ele>
      </trkpt>
      <trkpt lat="-9.931283" lon="-37.026892">
        <ele>45.92</ele>
      </trkpt>
      <trkpt lat="-9.931172" lon="-37.026973">
        <ele>46.16</ele>
      </trkpt>
      <trkpt lat="-9.930713" lon="-37.027128">
        <ele>46.95</ele>
      </trkpt>
      <trkpt lat="-9.930596" lon="-37.02723">
        <ele>47.23</ele>
      </trkpt>
      <trkpt lat="-9.929724" lon="-37.028174">
        <ele>49.49</ele>
      </trkpt>
      <trkpt lat="-9.92909" lon="-37.028791">
        <ele>51.05</ele>
      </trkpt>
      <trkpt lat="-9.928234" lon="-37.029344">
        <ele>52.84</ele>
      </trkpt>
      <trkpt lat="-9.927896" lon="-37.029698">
        <ele>53.7</ele>
      </trkpt>
      <trkpt lat="-9.927516" lon="-37.030014">
        <ele>54.58</ele>
      </trkpt>
      <trkpt lat="-9.926834" lon="-37.030347">
        <ele>55.89</ele>
      </trkpt>
      <trkpt lat="-9.926131" lon="-37.030476">
        <ele>57.01</ele>
      </trkpt>
      <trkpt lat="-9.92564" lon="-37.030631">
        <ele>57.88</ele>
      </trkpt>
      <trkpt lat="-9.924736" lon="-37.031028">
        <ele>59.59</ele>
      </trkpt>
      <trkpt lat="-9.924308" lon="-37.0312">
        <ele>60.38</ele>
      </trkpt>
      <trkpt lat="-9.923991" lon="-37.031409">
        <ele>61.06</ele>
      </trkpt>
      <trkpt lat="-9.923738" lon="-37.031672">
        <ele>61.7</ele>
      </trkpt>
      <trkpt lat="-9.923405" lon="-37.031999">
        <ele>62.52</ele>
      </trkpt>
      <trkpt lat="-9.922924" lon="-37.032444">
        <ele>63.68</ele>
      </trkpt>
      <trkpt lat="-9.922829" lon="-37.032654">
        <ele>64.03</ele>
      </trkpt>
      <trkpt lat="-9.922734" lon="-37.032777">
        <ele>64.3</ele>
      </trkpt>
      <trkpt lat="-9.922527" lon="-37.032917">
        <ele>64.74</ele>
      </trkpt>
      <trkpt lat="-9.922168" lon="-37.033067">
        <ele>65.41</ele>
      </trkpt>
      <trkpt lat="-9.921434" lon="-37.03311">
        <ele>66.53</ele>
      </trkpt>
      <trkpt lat="-9.921053" lon="-37.033249">
        <ele>67.23</ele>
      </trkpt>
      <trkpt lat="-9.920662" lon="-37.033501">
        <ele>68.06</ele>
      </trkpt>
      <trkpt lat="-9.920239" lon="-37.033898">
        <ele>69.08</ele>
      </trkpt>
      <trkpt lat="-9.920033" lon="-37.034005">
        <ele>69.49</ele>
      </trkpt>
      <trkpt lat="-9.919727" lon="-37.034048">
        <ele>69.99</ele>
      </trkpt>
      <trkpt lat="-9.919183" lon="-37.033861">
        <ele>70.6</ele>
      </trkpt>
      <trkpt lat="-9.918274" lon="-37.033603">
        <ele>71.7</ele>
      </trkpt>
      <trkpt lat="-9.917634" lon="-37.033448">
        <ele>72.5</ele>
      </trkpt>
      <trkpt lat="-9.917201" lon="-37.033367">
        <ele>73.07</ele>
      </trkpt>
      <trkpt lat="-9.916678" lon="-37.033238">
        <ele>73.72</ele>
      </trkpt>
      <trkpt lat="-9.916197" lon="-37.033099">
        <ele>74.3</ele>
      </trkpt>
      <trkpt lat="-9.915764" lon="-37.032906">
        <ele>74.76</ele>
      </trkpt>
      <trkpt lat="-9.915505" lon="-37.032753">
        <ele>74.99</ele>
      </trkpt>
      <trkpt lat="-9.914966" lon="-37.032391">
        <ele>75.43</ele>
      </trkpt>
      <trkpt lat="-9.914041" lon="-37.031634">
        <ele>76.04</ele>
      </trkpt>
      <trkpt lat="-9.913666" lon="-37.031468">
        <ele>76.42</ele>
      </trkpt>
      <trkpt lat="-9.912791" lon="-37.031412">
        <ele>77.65</ele>
      </trkpt>
      <trkpt lat="-9.912007" lon="-37.031522">
        <ele>78.91</ele>
      </trkpt>
      <trkpt lat="-9.911716" lon="-37.031634">
        <ele>79.45</ele>
      </trkpt>
      <trkpt lat="-9.911325" lon="-37.03209">
        <ele>80.49</ele>
      </trkpt>
      <trkpt lat="-9.911079" lon="-37.032292">
        <ele>81.06</ele>
      </trkpt>
      <trkpt lat="-9.910567" lon="-37.032619">
        <ele>82.15</ele>
      </trkpt>
      <trkpt lat="-9.910392" lon="-37.032686">
        <ele>82.47</ele>
      </trkpt>
      <trkpt lat="-9.910107" lon="-37.032723">
        <ele>82.92</ele>
      </trkpt>
      <trkpt lat="-9.909676" lon="-37.032868">
        <ele>83.69</ele>
      </trkpt>
      <trkpt lat="-9.908915" lon="-37.033228">
        <ele>85.16</ele>
      </trkpt>
      <trkpt lat="-9.907375" lon="-37.033316">
        <ele>87.42</ele>
      </trkpt>
      <trkpt lat="-9.906643" lon="-37.033372">
        <ele>88.49</ele>
      </trkpt>
      <trkpt lat="-9.905922" lon="-37.033279">
        <ele>89.35</ele>
      </trkpt>
      <trkpt lat="-9.905636" lon="-37.033254">
        <ele>89.71</ele>
      </trkpt>
      <trkpt lat="-9.905515" lon="-37.033287">
        <ele>89.9</ele>
      </trkpt>
      <trkpt lat="-9.904775" lon="-37.033555">
        <ele>91.18</ele>
      </trkpt>
      <trkpt lat="-9.90459" lon="-37.033724">
        <ele>91.62</ele>
      </trkpt>
      <trkpt lat="-9.904133" lon="-37.034231">
        <ele>92.81</ele>
      </trkpt>
      <trkpt lat="-9.903805" lon="-37.034518">
        <ele>93.57</ele>
      </trkpt>
      <trkpt lat="-9.902473" lon="-37.035626">
        <ele>96.6</ele>
      </trkpt>
      <trkpt lat="-9.902225" lon="-37.035786">
        <ele>97.11</ele>
      </trkpt>
      <trkpt lat="-9.901987" lon="-37.035926">
        <ele>97.57</ele>
      </trkpt>
      <trkpt lat="-9.901755" lon="-37.036205">
        <ele>98.21</ele>
      </trkpt>
      <trkpt lat="-9.901549" lon="-37.036527">
        <ele>98.86</ele>
      </trkpt>
      <trkpt lat="-9.901432" lon="-37.036934">
        <ele>99.51</ele>
      </trkpt>
      <trkpt lat="-9.901168" lon="-37.037761">
        <ele>100.87</ele>
      </trkpt>
      <trkpt lat="-9.901068" lon="-37.038023">
        <ele>101.32</ele>
      </trkpt>
      <trkpt lat="-9.900893" lon="-37.038356">
        <ele>101.95</ele>
      </trkpt>
      <trkpt lat="-9.900645" lon="-37.038678">
        <ele>102.66</ele>
      </trkpt>
      <trkpt lat="-9.90046" lon="-37.038855">
        <ele>103.12</ele>
      </trkpt>
      <trkpt lat="-9.899942" lon="-37.039257">
        <ele>104.27</ele>
      </trkpt>
      <trkpt lat="-9.899842" lon="-37.039472">
        <ele>104.67</ele>
      </trkpt>
      <trkpt lat="-9.899683" lon="-37.039697">
        <ele>105.15</ele>
      </trkpt>
      <trkpt lat="-9.899282" lon="-37.040175">
        <ele>106.25</ele>
      </trkpt>
      <trkpt lat="-9.898943" lon="-37.040593">
        <ele>107.21</ele>
      </trkpt>
      <trkpt lat="-9.898737" lon="-37.040995">
        <ele>107.97</ele>
      </trkpt>
      <trkpt lat="-9.898214" lon="-37.041929">
        <ele>109.81</ele>
      </trkpt>
      <trkpt lat="-9.897955" lon="-37.042433">
        <ele>110.76</ele>
      </trkpt>
      <trkpt lat="-9.897659" lon="-37.042969">
        <ele>111.81</ele>
      </trkpt>
      <trkpt lat="-9.897511" lon="-37.043222">
        <ele>112.31</ele>
      </trkpt>
      <trkpt lat="-9.897395" lon="-37.043366">
        <ele>112.64</ele>
      </trkpt>
      <trkpt lat="-9.897157" lon="-37.043506">
        <ele>113.12</ele>
      </trkpt>
      <trkpt lat="-9.896993" lon="-37.043747">
        <ele>113.63</ele>
      </trkpt>
      <trkpt lat="-9.896904" lon="-37.04408">
        <ele>114.15</ele>
      </trkpt>
      <trkpt lat="-9.896819" lon="-37.044498">
        <ele>114.75</ele>
      </trkpt>
      <trkpt lat="-9.896724" lon="-37.044879">
        <ele>115.31</ele>
      </trkpt>
      <trkpt lat="-9.896592" lon="-37.045094">
        <ele>115.74</ele>
      </trkpt>
      <trkpt lat="-9.896401" lon="-37.045217">
        <ele>116.14</ele>
      </trkpt>
      <trkpt lat="-9.896106" lon="-37.045314">
        <ele>116.67</ele>
      </trkpt>
      <trkpt lat="-9.89488" lon="-37.0454">
        <ele>118.44</ele>
      </trkpt>
      <trkpt lat="-9.894541" lon="-37.045383">
        <ele>118.84</ele>
      </trkpt>
      <trkpt lat="-9.894119" lon="-37.045346">
        <ele>119.28</ele>
      </trkpt>
      <trkpt lat="-9.893902" lon="-37.045373">
        <ele>119.56</ele>
      </trkpt>
      <trkpt lat="-9.893775" lon="-37.045469">
        <ele>119.83</ele>
      </trkpt>
      <trkpt lat="-9.893638" lon="-37.045721">
        <ele>120.34</ele>
      </trkpt>
      <trkpt lat="-9.893553" lon="-37.046134">
        <ele>121.02</ele>
      </trkpt>
      <trkpt lat="-9.893505" lon="-37.046515">
        <ele>121.59</ele>
      </trkpt>
      <trkpt lat="-9.89341" lon="-37.0468">
        <ele>122.09</ele>
      </trkpt>
      <trkpt lat="-9.893252" lon="-37.047036">
        <ele>122.59</ele>
      </trkpt>
      <trkpt lat="-9.892808" lon="-37.047535">
        <ele>123.79</ele>
      </trkpt>
      <trkpt lat="-9.892211" lon="-37.048119">
        <ele>125.3</ele>
      </trkpt>
      <trkpt lat="-9.891857" lon="-37.048404">
        <ele>126.11</ele>
      </trkpt>
      <trkpt lat="-9.891429" lon="-37.048634">
        <ele>126.88</ele>
      </trkpt>
      <trkpt lat="-9.891302" lon="-37.048886">
        <ele>127.38</ele>
      </trkpt>
      <trkpt lat="-9.891059" lon="-37.049484">
        <ele>128.58</ele>
      </trkpt>
      <trkpt lat="-9.89096" lon="-37.049728">
        <ele>132.48</ele>
      </trkpt>
      <trkpt lat="-9.890762" lon="-37.050215">
        <ele>136.68</ele>
      </trkpt>
      <trkpt lat="-9.890465" lon="-37.050946">
        <ele>139.18</ele>
      </trkpt>
      <trkpt lat="-9.890365" lon="-37.05119">
        <ele>138.48</ele>
      </trkpt>
      <trkpt lat="-9.890068" lon="-37.051922">
        <ele>131.47</ele>
      </trkpt>
      <trkpt lat="-9.88987" lon="-37.052409">
        <ele>129.82</ele>
      </trkpt>
      <trkpt lat="-9.88958" lon="-37.053144">
        <ele>128.67</ele>
      </trkpt>
      <trkpt lat="-9.88929" lon="-37.053878">
        <ele>134.9</ele>
      </trkpt>
      <trkpt lat="-9.889001" lon="-37.054613">
        <ele>137.17</ele>
      </trkpt>
      <trkpt lat="-9.888849" lon="-37.055036">
        <ele>138.92</ele>
      </trkpt>
      <trkpt lat="-9.88878" lon="-37.055336">
        <ele>138.63</ele>
      </trkpt>
      <trkpt lat="-9.888485" lon="-37.056058">
        <ele>131.08</ele>
      </trkpt>
      <trkpt lat="-9.888088" lon="-37.057036">
        <ele>124.92</ele>
      </trkpt>
      <trkpt lat="-9.887786" lon="-37.057782">
        <ele>129</ele>
      </trkpt>
      <trkpt lat="-9.887686" lon="-37.058031">
        <ele>127.92</ele>
      </trkpt>
      <trkpt lat="-9.887585" lon="-37.058279">
        <ele>124.37</ele>
      </trkpt>
      <trkpt lat="-9.887485" lon="-37.058528">
        <ele>123.69</ele>
      </trkpt>
      <trkpt lat="-9.886651" lon="-37.060569">
        <ele>145.45</ele>
      </trkpt>
      <trkpt lat="-9.886112" lon="-37.061876">
        <ele>152.14</ele>
      </trkpt>
      <trkpt lat="-9.885711" lon="-37.062886">
        <ele>163.19</ele>
      </trkpt>
      <trkpt lat="-9.885418" lon="-37.063634">
        <ele>164.84</ele>
      </trkpt>
      <trkpt lat="-9.88537" lon="-37.06381">
        <ele>164.74</ele>
      </trkpt>
      <trkpt lat="-9.885406" lon="-37.064744">
        <ele>166.03</ele>
      </trkpt>
      <trkpt lat="-9.885266" lon="-37.065364">
        <ele>168.97</ele>
      </trkpt>
      <trkpt lat="-9.885182" lon="-37.065657">
        <ele>170.91</ele>
      </trkpt>
      <trkpt lat="-9.885038" lon="-37.06587">
        <ele>172.96</ele>
      </trkpt>
      <trkpt lat="-9.884605" lon="-37.066509">
        <ele>183.41</ele>
      </trkpt>
      <trkpt lat="-9.88445" lon="-37.066695">
        <ele>184.08</ele>
      </trkpt>
      <trkpt lat="-9.883988" lon="-37.067253">
        <ele>181.87</ele>
      </trkpt>
      <trkpt lat="-9.883854" lon="-37.067428">
        <ele>180.63</ele>
      </trkpt>
      <trkpt lat="-9.883642" lon="-37.067943">
        <ele>179.13</ele>
      </trkpt>
      <trkpt lat="-9.883218" lon="-37.068972">
        <ele>183.93</ele>
      </trkpt>
      <trkpt lat="-9.883112" lon="-37.069229">
        <ele>183.87</ele>
      </trkpt>
      <trkpt lat="-9.882899" lon="-37.069744">
        <ele>180.64</ele>
      </trkpt>
      <trkpt lat="-9.882859" lon="-37.069766">
        <ele>180.3</ele>
      </trkpt>
      <trkpt lat="-9.882608" lon="-37.069821">
        <ele>177.93</ele>
      </trkpt>
      <trkpt lat="-9.882" lon="-37.069874">
        <ele>171.27</ele>
      </trkpt>
      <trkpt lat="-9.88142" lon="-37.069929">
        <ele>168.95</ele>
      </trkpt>
      <trkpt lat="-9.880591" lon="-37.070015">
        <ele>163.77</ele>
      </trkpt>
      <trkpt lat="-9.880204" lon="-37.070036">
        <ele>160.61</ele>
      </trkpt>
      <trkpt lat="-9.87981" lon="-37.07">
        <ele>157.08</ele>
      </trkpt>
      <trkpt lat="-9.87892" lon="-37.069839">
        <ele>148.95</ele>
      </trkpt>
      <trkpt lat="-9.878372" lon="-37.069741">
        <ele>147.04</ele>
      </trkpt>
      <trkpt lat="-9.878098" lon="-37.069692">
        <ele>148.76</ele>
      </trkpt>
      <trkpt lat="-9.877508" lon="-37.069604">
        <ele>152.76</ele>
      </trkpt>
      <trkpt lat="-9.876847" lon="-37.06955">
        <ele>154.03</ele>
      </trkpt>
      <trkpt lat="-9.875749" lon="-37.069511">
        <ele>162.04</ele>
      </trkpt>
      <trkpt lat="-9.874915" lon="-37.069476">
        <ele>166.02</ele>
      </trkpt>
      <trkpt lat="-9.874636" lon="-37.069463">
        <ele>166.97</ele>
      </trkpt>
      <trkpt lat="-9.874077" lon="-37.069438">
        <ele>165.6</ele>
      </trkpt>
      <trkpt lat="-9.873809" lon="-37.069447">
        <ele>166.4</ele>
      </trkpt>
      <trkpt lat="-9.873568" lon="-37.069529">
        <ele>167.28</ele>
      </trkpt>
      <trkpt lat="-9.873017" lon="-37.069671">
        <ele>169.9</ele>
      </trkpt>
      <trkpt lat="-9.872763" lon="-37.069606">
        <ele>171.27</ele>
      </trkpt>
      <trkpt lat="-9.872257" lon="-37.069477">
        <ele>177.67</ele>
      </trkpt>
      <trkpt lat="-9.871891" lon="-37.069323">
        <ele>181.79</ele>
      </trkpt>
      <trkpt lat="-9.871736" lon="-37.069275">
        <ele>183.2</ele>
      </trkpt>
      <trkpt lat="-9.871623" lon="-37.069284">
        <ele>183.87</ele>
      </trkpt>
      <trkpt lat="-9.871534" lon="-37.069359">
        <ele>183.96</ele>
      </trkpt>
      <trkpt lat="-9.871441" lon="-37.069529">
        <ele>184</ele>
      </trkpt>
      <trkpt lat="-9.871337" lon="-37.069746">
        <ele>185.15</ele>
      </trkpt>
      <trkpt lat="-9.871313" lon="-37.069909">
        <ele>186.13</ele>
      </trkpt>
      <trkpt lat="-9.871245" lon="-37.070139">
        <ele>187.88</ele>
      </trkpt>
      <trkpt lat="-9.871108" lon="-37.070426">
        <ele>190.11</ele>
      </trkpt>
      <trkpt lat="-9.870958" lon="-37.070596">
        <ele>191.9</ele>
      </trkpt>
      <trkpt lat="-9.870849" lon="-37.07065">
        <ele>192.84</ele>
      </trkpt>
      <trkpt lat="-9.870742" lon="-37.070681">
        <ele>193.68</ele>
      </trkpt>
      <trkpt lat="-9.87059" lon="-37.070652">
        <ele>194.94</ele>
      </trkpt>
      <trkpt lat="-9.870459" lon="-37.070528">
        <ele>196.39</ele>
      </trkpt>
      <trkpt lat="-9.870329" lon="-37.070254">
        <ele>198.5</ele>
      </trkpt>
      <trkpt lat="-9.870229" lon="-37.069999">
        <ele>199.18</ele>
      </trkpt>
      <trkpt lat="-9.87018" lon="-37.069604">
        <ele>199.76</ele>
      </trkpt>
      <trkpt lat="-9.87003" lon="-37.068935">
        <ele>200.54</ele>
      </trkpt>
      <trkpt lat="-9.86993" lon="-37.068684">
        <ele>201.86</ele>
      </trkpt>
      <trkpt lat="-9.86978" lon="-37.068471">
        <ele>202.68</ele>
      </trkpt>
      <trkpt lat="-9.869617" lon="-37.068368">
        <ele>203.8</ele>
      </trkpt>
      <trkpt lat="-9.869372" lon="-37.068259">
        <ele>204.66</ele>
      </trkpt>
      <trkpt lat="-9.869217" lon="-37.068259">
        <ele>205.57</ele>
      </trkpt>
      <trkpt lat="-9.869026" lon="-37.068342">
        <ele>207.18</ele>
      </trkpt>
      <trkpt lat="-9.868701" lon="-37.068617">
        <ele>210.59</ele>
      </trkpt>
      <trkpt lat="-9.868332" lon="-37.068761">
        <ele>212.29</ele>
      </trkpt>
      <trkpt lat="-9.867985" lon="-37.068909">
        <ele>212.38</ele>
      </trkpt>
      <trkpt lat="-9.867725" lon="-37.068979">
        <ele>210.17</ele>
      </trkpt>
      <trkpt lat="-9.86751" lon="-37.068984">
        <ele>208.73</ele>
      </trkpt>
      <trkpt lat="-9.867483" lon="-37.069183">
        <ele>207.53</ele>
      </trkpt>
      <trkpt lat="-9.867374" lon="-37.069657">
        <ele>203.78</ele>
      </trkpt>
      <trkpt lat="-9.867243" lon="-37.069997">
        <ele>200.5</ele>
      </trkpt>
      <trkpt lat="-9.867131" lon="-37.070194">
        <ele>199.24</ele>
      </trkpt>
      <trkpt lat="-9.867011" lon="-37.07047">
        <ele>199</ele>
      </trkpt>
      <trkpt lat="-9.86694" lon="-37.07072">
        <ele>199.41</ele>
      </trkpt>
      <trkpt lat="-9.866864" lon="-37.071126">
        <ele>198.94</ele>
      </trkpt>
      <trkpt lat="-9.866803" lon="-37.071395">
        <ele>198.06</ele>
      </trkpt>
      <trkpt lat="-9.866563" lon="-37.072069">
        <ele>194.8</ele>
      </trkpt>
      <trkpt lat="-9.866198" lon="-37.072815">
        <ele>191.76</ele>
      </trkpt>
      <trkpt lat="-9.866173" lon="-37.073018">
        <ele>189.85</ele>
      </trkpt>
      <trkpt lat="-9.866209" lon="-37.073304">
        <ele>187.14</ele>
      </trkpt>
      <trkpt lat="-9.866215" lon="-37.073518">
        <ele>185.7</ele>
      </trkpt>
      <trkpt lat="-9.8662" lon="-37.073661">
        <ele>184.95</ele>
      </trkpt>
      <trkpt lat="-9.866059" lon="-37.073798">
        <ele>185.48</ele>
      </trkpt>
      <trkpt lat="-9.86592" lon="-37.073813">
        <ele>186</ele>
      </trkpt>
      <trkpt lat="-9.865809" lon="-37.073764">
        <ele>185.82</ele>
      </trkpt>
      <trkpt lat="-9.865739" lon="-37.073651">
        <ele>185.56</ele>
      </trkpt>
      <trkpt lat="-9.865632" lon="-37.073548">
        <ele>185.3</ele>
      </trkpt>
      <trkpt lat="-9.865491" lon="-37.073473">
        <ele>183.97</ele>
      </trkpt>
      <trkpt lat="-9.86532" lon="-37.073448">
        <ele>180.45</ele>
      </trkpt>
      <trkpt lat="-9.865143" lon="-37.07349">
        <ele>176.66</ele>
      </trkpt>
      <trkpt lat="-9.864951" lon="-37.073689">
        <ele>171.53</ele>
      </trkpt>
      <trkpt lat="-9.86476" lon="-37.073888">
        <ele>169.03</ele>
      </trkpt>
      <trkpt lat="-9.864412" lon="-37.074313">
        <ele>164.75</ele>
      </trkpt>
      <trkpt lat="-9.864174" lon="-37.074935">
        <ele>161.3</ele>
      </trkpt>
      <trkpt lat="-9.864101" lon="-37.075226">
        <ele>159.73</ele>
      </trkpt>
      <trkpt lat="-9.863887" lon="-37.075412">
        <ele>158</ele>
      </trkpt>
      <trkpt lat="-9.863364" lon="-37.075863">
        <ele>159.44</ele>
      </trkpt>
      <trkpt lat="-9.8633" lon="-37.075863">
        <ele>159.7</ele>
      </trkpt>
      <trkpt lat="-9.862765" lon="-37.07569">
        <ele>162.1</ele>
      </trkpt>
      <trkpt lat="-9.862586" lon="-37.075645">
        <ele>162.45</ele>
      </trkpt>
      <trkpt lat="-9.862369" lon="-37.075699">
        <ele>162.76</ele>
      </trkpt>
      <trkpt lat="-9.862035" lon="-37.075765">
        <ele>163.29</ele>
      </trkpt>
      <trkpt lat="-9.861556" lon="-37.07581">
        <ele>164.97</ele>
      </trkpt>
      <trkpt lat="-9.861327" lon="-37.07581">
        <ele>166.41</ele>
      </trkpt>
      <trkpt lat="-9.861005" lon="-37.075831">
        <ele>169</ele>
      </trkpt>
      <trkpt lat="-9.86029" lon="-37.075858">
        <ele>169.59</ele>
      </trkpt>
      <trkpt lat="-9.860037" lon="-37.075874">
        <ele>170.2</ele>
      </trkpt>
      <trkpt lat="-9.859828" lon="-37.075892">
        <ele>172.23</ele>
      </trkpt>
      <trkpt lat="-9.859712" lon="-37.07591">
        <ele>173.13</ele>
      </trkpt>
      <trkpt lat="-9.859566" lon="-37.07588">
        <ele>173.45</ele>
      </trkpt>
      <trkpt lat="-9.859251" lon="-37.07575">
        <ele>173.05</ele>
      </trkpt>
      <trkpt lat="-9.859093" lon="-37.075607">
        <ele>173.23</ele>
      </trkpt>
      <trkpt lat="-9.858834" lon="-37.075441">
        <ele>174.43</ele>
      </trkpt>
      <trkpt lat="-9.858673" lon="-37.075378">
        <ele>175.29</ele>
      </trkpt>
      <trkpt lat="-9.858592" lon="-37.075372">
        <ele>175.76</ele>
      </trkpt>
      <trkpt lat="-9.858372" lon="-37.075402">
        <ele>178.07</ele>
      </trkpt>
      <trkpt lat="-9.857988" lon="-37.075484">
        <ele>180.67</ele>
      </trkpt>
      <trkpt lat="-9.857883" lon="-37.075484">
        <ele>180.97</ele>
      </trkpt>
      <trkpt lat="-9.85782" lon="-37.075721">
        <ele>182.82</ele>
      </trkpt>
      <trkpt lat="-9.857652" lon="-37.076104">
        <ele>186.11</ele>
      </trkpt>
      <trkpt lat="-9.85738" lon="-37.07666">
        <ele>190.35</ele>
      </trkpt>
      <trkpt lat="-9.857243" lon="-37.076833">
        <ele>191.71</ele>
      </trkpt>
      <trkpt lat="-9.85703" lon="-37.077128">
        <ele>194.07</ele>
      </trkpt>
      <trkpt lat="-9.85687" lon="-37.077403">
        <ele>195.72</ele>
      </trkpt>
      <trkpt lat="-9.856708" lon="-37.077951">
        <ele>198.97</ele>
      </trkpt>
      <trkpt lat="-9.856624" lon="-37.078451">
        <ele>201.38</ele>
      </trkpt>
      <trkpt lat="-9.856445" lon="-37.079176">
        <ele>204.54</ele>
      </trkpt>
      <trkpt lat="-9.856257" lon="-37.079618">
        <ele>204.76</ele>
      </trkpt>
      <trkpt lat="-9.856179" lon="-37.079695">
        <ele>204.99</ele>
      </trkpt>
      <trkpt lat="-9.855897" lon="-37.079804">
        <ele>204.63</ele>
      </trkpt>
      <trkpt lat="-9.855826" lon="-37.07987">
        <ele>205.01</ele>
      </trkpt>
      <trkpt lat="-9.855733" lon="-37.079977">
        <ele>205.23</ele>
      </trkpt>
      <trkpt lat="-9.855274" lon="-37.080599">
        <ele>208.51</ele>
      </trkpt>
      <trkpt lat="-9.855023" lon="-37.080916">
        <ele>210.08</ele>
      </trkpt>
      <trkpt lat="-9.854589" lon="-37.081298">
        <ele>212.12</ele>
      </trkpt>
      <trkpt lat="-9.853991" lon="-37.081756">
        <ele>213</ele>
      </trkpt>
      <trkpt lat="-9.853846" lon="-37.08188">
        <ele>213</ele>
      </trkpt>
      <trkpt lat="-9.853286" lon="-37.082686">
        <ele>209.62</ele>
      </trkpt>
      <trkpt lat="-9.853012" lon="-37.083015">
        <ele>208</ele>
      </trkpt>
      <trkpt lat="-9.852662" lon="-37.083457">
        <ele>206.13</ele>
      </trkpt>
      <trkpt lat="-9.852466" lon="-37.083663">
        <ele>204.94</ele>
      </trkpt>
      <trkpt lat="-9.852007" lon="-37.084084">
        <ele>202.49</ele>
      </trkpt>
      <trkpt lat="-9.851514" lon="-37.084582">
        <ele>199.91</ele>
      </trkpt>
      <trkpt lat="-9.851278" lon="-37.0849">
        <ele>197.72</ele>
      </trkpt>
      <trkpt lat="-9.851123" lon="-37.085182">
        <ele>195.96</ele>
      </trkpt>
      <trkpt lat="-9.851103" lon="-37.0853">
        <ele>195.38</ele>
      </trkpt>
      <trkpt lat="-9.851127" lon="-37.085649">
        <ele>193.82</ele>
      </trkpt>
      <trkpt lat="-9.851256" lon="-37.08695">
        <ele>198.23</ele>
      </trkpt>
      <trkpt lat="-9.851247" lon="-37.087045">
        <ele>198.84</ele>
      </trkpt>
      <trkpt lat="-9.851219" lon="-37.087137">
        <ele>199.54</ele>
      </trkpt>
      <trkpt lat="-9.850934" lon="-37.087793">
        <ele>204.04</ele>
      </trkpt>
      <trkpt lat="-9.850825" lon="-37.088067">
        <ele>206.27</ele>
      </trkpt>
      <trkpt lat="-9.850503" lon="-37.089173">
        <ele>210.55</ele>
      </trkpt>
      <trkpt lat="-9.850232" lon="-37.090069">
        <ele>210.69</ele>
      </trkpt>
      <trkpt lat="-9.850153" lon="-37.090282">
        <ele>210</ele>
      </trkpt>
      <trkpt lat="-9.849968" lon="-37.090626">
        <ele>209</ele>
      </trkpt>
      <trkpt lat="-9.849881" lon="-37.090811">
        <ele>208.38</ele>
      </trkpt>
      <trkpt lat="-9.849824" lon="-37.090984">
        <ele>207.37</ele>
      </trkpt>
      <trkpt lat="-9.849793" lon="-37.091134">
        <ele>207</ele>
      </trkpt>
      <trkpt lat="-9.849791" lon="-37.091315">
        <ele>206.45</ele>
      </trkpt>
      <trkpt lat="-9.849804" lon="-37.091559">
        <ele>205.03</ele>
      </trkpt>
      <trkpt lat="-9.849797" lon="-37.091674">
        <ele>204.36</ele>
      </trkpt>
      <trkpt lat="-9.849768" lon="-37.091819">
        <ele>203.52</ele>
      </trkpt>
      <trkpt lat="-9.849536" lon="-37.092633">
        <ele>199.62</ele>
      </trkpt>
      <trkpt lat="-9.849285" lon="-37.093528">
        <ele>194.45</ele>
      </trkpt>
      <trkpt lat="-9.849149" lon="-37.094076">
        <ele>191.39</ele>
      </trkpt>
      <trkpt lat="-9.848929" lon="-37.094776">
        <ele>188.85</ele>
      </trkpt>
      <trkpt lat="-9.848901" lon="-37.094905">
        <ele>188.55</ele>
      </trkpt>
      <trkpt lat="-9.848867" lon="-37.095156">
        <ele>187.11</ele>
      </trkpt>
      <trkpt lat="-9.84859" lon="-37.096388">
        <ele>184</ele>
      </trkpt>
      <trkpt lat="-9.84841" lon="-37.097048">
        <ele>182.11</ele>
      </trkpt>
      <trkpt lat="-9.848372" lon="-37.097249">
        <ele>182</ele>
      </trkpt>
      <trkpt lat="-9.848352" lon="-37.097539">
        <ele>181.26</ele>
      </trkpt>
      <trkpt lat="-9.848288" lon="-37.097857">
        <ele>180.18</ele>
      </trkpt>
      <trkpt lat="-9.848105" lon="-37.09846">
        <ele>178.31</ele>
      </trkpt>
      <trkpt lat="-9.848053" lon="-37.098688">
        <ele>177.6</ele>
      </trkpt>
      <trkpt lat="-9.848014" lon="-37.099102">
        <ele>175.81</ele>
      </trkpt>
      <trkpt lat="-9.847983" lon="-37.099274">
        <ele>174.8</ele>
      </trkpt>
      <trkpt lat="-9.847937" lon="-37.099406">
        <ele>173.77</ele>
      </trkpt>
      <trkpt lat="-9.847835" lon="-37.099598">
        <ele>172.83</ele>
      </trkpt>
      <trkpt lat="-9.847796" lon="-37.099699">
        <ele>172.23</ele>
      </trkpt>
      <trkpt lat="-9.847761" lon="-37.099876">
        <ele>170.99</ele>
      </trkpt>
      <trkpt lat="-9.847448" lon="-37.100811">
        <ele>163.7</ele>
      </trkpt>
      <trkpt lat="-9.847332" lon="-37.101091">
        <ele>160.39</ele>
      </trkpt>
      <trkpt lat="-9.847178" lon="-37.101395">
        <ele>157.46</ele>
      </trkpt>
      <trkpt lat="-9.847009" lon="-37.101706">
        <ele>153.92</ele>
      </trkpt>
      <trkpt lat="-9.846971" lon="-37.101924">
        <ele>152.26</ele>
      </trkpt>
      <trkpt lat="-9.846972" lon="-37.102527">
        <ele>147.01</ele>
      </trkpt>
      <trkpt lat="-9.84696" lon="-37.102632">
        <ele>145.89</ele>
      </trkpt>
      <trkpt lat="-9.846946" lon="-37.102695">
        <ele>145.08</ele>
      </trkpt>
      <trkpt lat="-9.846821" lon="-37.102944">
        <ele>142.83</ele>
      </trkpt>
      <trkpt lat="-9.846781" lon="-37.103059">
        <ele>142.17</ele>
      </trkpt>
      <trkpt lat="-9.846708" lon="-37.103377">
        <ele>142.97</ele>
      </trkpt>
      <trkpt lat="-9.846675" lon="-37.103467">
        <ele>143.21</ele>
      </trkpt>
      <trkpt lat="-9.846471" lon="-37.103811">
        <ele>144.44</ele>
      </trkpt>
      <trkpt lat="-9.84628" lon="-37.104202">
        <ele>146.2</ele>
      </trkpt>
      <trkpt lat="-9.845942" lon="-37.105254">
        <ele>150.35</ele>
      </trkpt>
      <trkpt lat="-9.845881" lon="-37.105378">
        <ele>150.47</ele>
      </trkpt>
      <trkpt lat="-9.845801" lon="-37.105455">
        <ele>150.77</ele>
      </trkpt>
      <trkpt lat="-9.845598" lon="-37.105579">
        <ele>151.48</ele>
      </trkpt>
      <trkpt lat="-9.84555" lon="-37.10562">
        <ele>151.73</ele>
      </trkpt>
      <trkpt lat="-9.84548" lon="-37.105697">
        <ele>152.03</ele>
      </trkpt>
      <trkpt lat="-9.845367" lon="-37.105854">
        <ele>152.19</ele>
      </trkpt>
      <trkpt lat="-9.8452" lon="-37.106322">
        <ele>153.01</ele>
      </trkpt>
      <trkpt lat="-9.844826" lon="-37.107486">
        <ele>159.57</ele>
      </trkpt>
      <trkpt lat="-9.844813" lon="-37.107593">
        <ele>160.12</ele>
      </trkpt>
      <trkpt lat="-9.844837" lon="-37.107888">
        <ele>162.83</ele>
      </trkpt>
      <trkpt lat="-9.844906" lon="-37.108384">
        <ele>165.8</ele>
      </trkpt>
      <trkpt lat="-9.844935" lon="-37.108985">
        <ele>169.48</ele>
      </trkpt>
      <trkpt lat="-9.844896" lon="-37.109394">
        <ele>171.67</ele>
      </trkpt>
      <trkpt lat="-9.844859" lon="-37.109574">
        <ele>172.71</ele>
      </trkpt>
      <trkpt lat="-9.844743" lon="-37.109861">
        <ele>174.38</ele>
      </trkpt>
      <trkpt lat="-9.844661" lon="-37.110018">
        <ele>175.29</ele>
      </trkpt>
      <trkpt lat="-9.844228" lon="-37.110636">
        <ele>177.36</ele>
      </trkpt>
      <trkpt lat="-9.844112" lon="-37.110839">
        <ele>177.85</ele>
      </trkpt>
      <trkpt lat="-9.843516" lon="-37.111777">
        <ele>179.79</ele>
      </trkpt>
      <trkpt lat="-9.84345" lon="-37.111918">
        <ele>180.1</ele>
      </trkpt>
      <trkpt lat="-9.843216" lon="-37.112514">
        <ele>182.7</ele>
      </trkpt>
      <trkpt lat="-9.842753" lon="-37.113552">
        <ele>190.25</ele>
      </trkpt>
      <trkpt lat="-9.842444" lon="-37.114234">
        <ele>193.75</ele>
      </trkpt>
      <trkpt lat="-9.842336" lon="-37.114527">
        <ele>196.17</ele>
      </trkpt>
      <trkpt lat="-9.842301" lon="-37.114697">
        <ele>197.55</ele>
      </trkpt>
      <trkpt lat="-9.842268" lon="-37.115065">
        <ele>201.27</ele>
      </trkpt>
      <trkpt lat="-9.842241" lon="-37.116193">
        <ele>206.4</ele>
      </trkpt>
      <trkpt lat="-9.842218" lon="-37.117507">
        <ele>207.39</ele>
      </trkpt>
      <trkpt lat="-9.842194" lon="-37.118822">
        <ele>205.3</ele>
      </trkpt>
      <trkpt lat="-9.842156" lon="-37.119887">
        <ele>201</ele>
      </trkpt>
      <trkpt lat="-9.842108" lon="-37.121218">
        <ele>202.44</ele>
      </trkpt>
      <trkpt lat="-9.842099" lon="-37.12175">
        <ele>203.09</ele>
      </trkpt>
      <trkpt lat="-9.842085" lon="-37.122548">
        <ele>201.18</ele>
      </trkpt>
      <trkpt lat="-9.842076" lon="-37.123311">
        <ele>202.81</ele>
      </trkpt>
      <trkpt lat="-9.842062" lon="-37.124667">
        <ele>208.77</ele>
      </trkpt>
      <trkpt lat="-9.842056" lon="-37.125217">
        <ele>209.34</ele>
      </trkpt>
      <trkpt lat="-9.84204" lon="-37.126075">
        <ele>207.35</ele>
      </trkpt>
      <trkpt lat="-9.841995" lon="-37.127813">
        <ele>199.95</ele>
      </trkpt>
      <trkpt lat="-9.841979" lon="-37.128394">
        <ele>199.94</ele>
      </trkpt>
      <trkpt lat="-9.841962" lon="-37.129047">
        <ele>202.83</ele>
      </trkpt>
      <trkpt lat="-9.841979" lon="-37.129235">
        <ele>202.8</ele>
      </trkpt>
      <trkpt lat="-9.842017" lon="-37.129442">
        <ele>202.57</ele>
      </trkpt>
      <trkpt lat="-9.842214" lon="-37.13011">
        <ele>201.3</ele>
      </trkpt>
      <trkpt lat="-9.842835" lon="-37.132243">
        <ele>189.75</ele>
      </trkpt>
      <trkpt lat="-9.842864" lon="-37.132401">
        <ele>189.58</ele>
      </trkpt>
      <trkpt lat="-9.842871" lon="-37.132508">
        <ele>189.56</ele>
      </trkpt>
      <trkpt lat="-9.841515" lon="-37.132558">
        <ele>197.54</ele>
      </trkpt>
      <trkpt lat="-9.839402" lon="-37.132626">
        <ele>206.27</ele>
      </trkpt>
      <trkpt lat="-9.838903" lon="-37.132644">
        <ele>209.95</ele>
      </trkpt>
      <trkpt lat="-9.838694" lon="-37.133269">
        <ele>211.27</ele>
      </trkpt>
      <trkpt lat="-9.838369" lon="-37.134167">
        <ele>213.13</ele>
      </trkpt>
      <trkpt lat="-9.838104" lon="-37.134959">
        <ele>213.86</ele>
      </trkpt>
      <trkpt lat="-9.837663" lon="-37.136278">
        <ele>219.24</ele>
      </trkpt>
      <trkpt lat="-9.837498" lon="-37.136714">
        <ele>221.24</ele>
      </trkpt>
      <trkpt lat="-9.837374" lon="-37.137087">
        <ele>223.65</ele>
      </trkpt>
      <trkpt lat="-9.837244" lon="-37.137549">
        <ele>225.27</ele>
      </trkpt>
      <trkpt lat="-9.837062" lon="-37.138086">
        <ele>227.81</ele>
      </trkpt>
      <trkpt lat="-9.836899" lon="-37.13853">
        <ele>228.78</ele>
      </trkpt>
      <trkpt lat="-9.83677" lon="-37.138822">
        <ele>229.54</ele>
      </trkpt>
      <trkpt lat="-9.836713" lon="-37.139099">
        <ele>229.87</ele>
      </trkpt>
      <trkpt lat="-9.836237" lon="-37.140497">
        <ele>231.68</ele>
      </trkpt>
      <trkpt lat="-9.835696" lon="-37.142036">
        <ele>236.3</ele>
      </trkpt>
      <trkpt lat="-9.834162" lon="-37.146397">
        <ele>219.94</ele>
      </trkpt>
      <trkpt lat="-9.83353" lon="-37.148192">
        <ele>210.92</ele>
      </trkpt>
      <trkpt lat="-9.833313" lon="-37.148756">
        <ele>208.48</ele>
      </trkpt>
      <trkpt lat="-9.833239" lon="-37.148906">
        <ele>207.98</ele>
      </trkpt>
      <trkpt lat="-9.833133" lon="-37.148949">
        <ele>208.35</ele>
      </trkpt>
      <trkpt lat="-9.832922" lon="-37.148949">
        <ele>208.27</ele>
      </trkpt>
      <trkpt lat="-9.831619" lon="-37.14884">
        <ele>206.07</ele>
      </trkpt>
      <trkpt lat="-9.831552" lon="-37.148852">
        <ele>205.67</ele>
      </trkpt>
      <trkpt lat="-9.83149" lon="-37.148911">
        <ele>205.31</ele>
      </trkpt>
      <trkpt lat="-9.830747" lon="-37.150704">
        <ele>201.94</ele>
      </trkpt>
      <trkpt lat="-9.830323" lon="-37.151729">
        <ele>196.42</ele>
      </trkpt>
      <trkpt lat="-9.829793" lon="-37.15301">
        <ele>194.29</ele>
      </trkpt>
      <trkpt lat="-9.829098" lon="-37.154763">
        <ele>190.11</ele>
      </trkpt>
      <trkpt lat="-9.828702" lon="-37.155765">
        <ele>185.58</ele>
      </trkpt>
      <trkpt lat="-9.828503" lon="-37.156266">
        <ele>181.5</ele>
      </trkpt>
      <trkpt lat="-9.82798" lon="-37.157634">
        <ele>171.19</ele>
      </trkpt>
      <trkpt lat="-9.826937" lon="-37.160468">
        <ele>157.44</ele>
      </trkpt>
      <trkpt lat="-9.827574" lon="-37.160732">
        <ele>162.05</ele>
      </trkpt>
      <trkpt lat="-9.82786" lon="-37.16085">
        <ele>162.17</ele>
      </trkpt>
      <trkpt lat="-9.828186" lon="-37.160958">
        <ele>160.73</ele>
      </trkpt>
      <trkpt lat="-9.82846" lon="-37.161066">
        <ele>157</ele>
      </trkpt>
      <trkpt lat="-9.828661" lon="-37.161249">
        <ele>154.24</ele>
      </trkpt>
      <trkpt lat="-9.82881" lon="-37.161496">
        <ele>153</ele>
      </trkpt>
      <trkpt lat="-9.828761" lon="-37.16267">
        <ele>152.62</ele>
      </trkpt>
      <trkpt lat="-9.82877" lon="-37.163497">
        <ele>153.48</ele>
      </trkpt>
      <trkpt lat="-9.828794" lon="-37.165704">
        <ele>161.4</ele>
      </trkpt>
      <trkpt lat="-9.828804" lon="-37.166859">
        <ele>160.45</ele>
      </trkpt>
      <trkpt lat="-9.828633" lon="-37.167295">
        <ele>160.07</ele>
      </trkpt>
      <trkpt lat="-9.827878" lon="-37.168951">
        <ele>161.93</ele>
      </trkpt>
      <trkpt lat="-9.827548" lon="-37.169673">
        <ele>159.92</ele>
      </trkpt>
      <trkpt lat="-9.826639" lon="-37.171698">
        <ele>146.41</ele>
      </trkpt>
      <trkpt lat="-9.826185" lon="-37.172711">
        <ele>143.21</ele>
      </trkpt>
      <trkpt lat="-9.825853" lon="-37.173455">
        <ele>142.16</ele>
      </trkpt>
      <trkpt lat="-9.825434" lon="-37.174405">
        <ele>144.94</ele>
      </trkpt>
      <trkpt lat="-9.82534" lon="-37.174674">
        <ele>144.03</ele>
      </trkpt>
      <trkpt lat="-9.825291" lon="-37.175013">
        <ele>143.95</ele>
      </trkpt>
      <trkpt lat="-9.825047" lon="-37.176162">
        <ele>142.29</ele>
      </trkpt>
      <trkpt lat="-9.824978" lon="-37.176599">
        <ele>142.53</ele>
      </trkpt>
      <trkpt lat="-9.824831" lon="-37.177464">
        <ele>140.98</ele>
      </trkpt>
      <trkpt lat="-9.824702" lon="-37.178582">
        <ele>141.51</ele>
      </trkpt>
      <trkpt lat="-9.82447" lon="-37.179351">
        <ele>140.65</ele>
      </trkpt>
      <trkpt lat="-9.823798" lon="-37.181099">
        <ele>138.08</ele>
      </trkpt>
      <trkpt lat="-9.823316" lon="-37.182034">
        <ele>136.85</ele>
      </trkpt>
      <trkpt lat="-9.822851" lon="-37.182873">
        <ele>135.46</ele>
      </trkpt>
      <trkpt lat="-9.822748" lon="-37.183179">
        <ele>134.62</ele>
      </trkpt>
      <trkpt lat="-9.822653" lon="-37.183764">
        <ele>132.78</ele>
      </trkpt>
      <trkpt lat="-9.82252" lon="-37.184616">
        <ele>126.61</ele>
      </trkpt>
      <trkpt lat="-9.822356" lon="-37.185189">
        <ele>123.52</ele>
      </trkpt>
      <trkpt lat="-9.822218" lon="-37.185538">
        <ele>120.63</ele>
      </trkpt>
      <trkpt lat="-9.821994" lon="-37.186076">
        <ele>116.87</ele>
      </trkpt>
      <trkpt lat="-9.821895" lon="-37.186635">
        <ele>110.58</ele>
      </trkpt>
      <trkpt lat="-9.821609" lon="-37.187447">
        <ele>101.53</ele>
      </trkpt>
      <trkpt lat="-9.821417" lon="-37.187989">
        <ele>98.43</ele>
      </trkpt>
      <trkpt lat="-9.820832" lon="-37.18937">
        <ele>88.86</ele>
      </trkpt>
      <trkpt lat="-9.820651" lon="-37.189859">
        <ele>84.64</ele>
      </trkpt>
      <trkpt lat="-9.820281" lon="-37.190545">
        <ele>81.48</ele>
      </trkpt>
      <trkpt lat="-9.820031" lon="-37.191201">
        <ele>73.04</ele>
      </trkpt>
      <trkpt lat="-9.819652" lon="-37.192249">
        <ele>61.94</ele>
      </trkpt>
      <trkpt lat="-9.819608" lon="-37.192497">
        <ele>60.17</ele>
      </trkpt>
      <trkpt lat="-9.820234" lon="-37.19261">
        <ele>58.51</ele>
      </trkpt>
      <trkpt lat="-9.820633" lon="-37.19272">
        <ele>60.12</ele>
      </trkpt>
      <trkpt lat="-9.821181" lon="-37.192901">
        <ele>60.64</ele>
      </trkpt>
      <trkpt lat="-9.82173" lon="-37.193082">
        <ele>58.77</ele>
      </trkpt>
      <trkpt lat="-9.821952" lon="-37.19313">
        <ele>58.49</ele>
      </trkpt>
      <trkpt lat="-9.822287" lon="-37.193023">
        <ele>59.12</ele>
      </trkpt>
      <trkpt lat="-9.822813" lon="-37.193339">
        <ele>61.49</ele>
      </trkpt>
      <trkpt lat="-9.823323" lon="-37.193487">
        <ele>63.83</ele>
      </trkpt>
      <trkpt lat="-9.823257" lon="-37.193761">
        <ele>60.55</ele>
      </trkpt>
      <trkpt lat="-9.822932" lon="-37.194473">
        <ele>52.68</ele>
      </trkpt>
      <trkpt lat="-9.822824" lon="-37.19471">
        <ele>52</ele>
      </trkpt>
      <trkpt lat="-9.822619" lon="-37.195287">
        <ele>53.14</ele>
      </trkpt>
      <trkpt lat="-9.822624" lon="-37.195478">
        <ele>55</ele>
      </trkpt>
      <trkpt lat="-9.822815" lon="-37.195692">
        <ele>55.29</ele>
      </trkpt>
      <trkpt lat="-9.82292" lon="-37.195981">
        <ele>57.09</ele>
      </trkpt>
      <trkpt lat="-9.823001" lon="-37.196461">
        <ele>58</ele>
      </trkpt>
      <trkpt lat="-9.823083" lon="-37.19694">
        <ele>54.04</ele>
      </trkpt>
      <trkpt lat="-9.823248" lon="-37.197567">
        <ele>52.63</ele>
      </trkpt>
      <trkpt lat="-9.823278" lon="-37.197859">
        <ele>54.15</ele>
      </trkpt>
      <trkpt lat="-9.823232" lon="-37.198171">
        <ele>56.14</ele>
      </trkpt>
      <trkpt lat="-9.823083" lon="-37.198741">
        <ele>60.3</ele>
      </trkpt>
      <trkpt lat="-9.823009" lon="-37.199026">
        <ele>60.74</ele>
      </trkpt>
      <trkpt lat="-9.823003" lon="-37.199254">
        <ele>60.77</ele>
      </trkpt>
      <trkpt lat="-9.823048" lon="-37.19953">
        <ele>60.87</ele>
      </trkpt>
      <trkpt lat="-9.823289" lon="-37.200337">
        <ele>64.41</ele>
      </trkpt>
      <trkpt lat="-9.823305" lon="-37.200619">
        <ele>65.05</ele>
      </trkpt>
      <trkpt lat="-9.823521" lon="-37.201204">
        <ele>62.97</ele>
      </trkpt>
      <trkpt lat="-9.823651" lon="-37.201646">
        <ele>59.95</ele>
      </trkpt>
      <trkpt lat="-9.823646" lon="-37.202336">
        <ele>57.98</ele>
      </trkpt>
      <trkpt lat="-9.823506" lon="-37.202861">
        <ele>57.81</ele>
      </trkpt>
      <trkpt lat="-9.823482" lon="-37.203065">
        <ele>57.69</ele>
      </trkpt>
      <trkpt lat="-9.823553" lon="-37.203328">
        <ele>57</ele>
      </trkpt>
      <trkpt lat="-9.823654" lon="-37.203583">
        <ele>58.35</ele>
      </trkpt>
      <trkpt lat="-9.823936" lon="-37.203937">
        <ele>61.74</ele>
      </trkpt>
      <trkpt lat="-9.824034" lon="-37.204122">
        <ele>63.04</ele>
      </trkpt>
      <trkpt lat="-9.824005" lon="-37.204444">
        <ele>65.18</ele>
      </trkpt>
      <trkpt lat="-9.82395" lon="-37.204889">
        <ele>65.79</ele>
      </trkpt>
      <trkpt lat="-9.823831" lon="-37.205302">
        <ele>65.22</ele>
      </trkpt>
      <trkpt lat="-9.82382" lon="-37.205691">
        <ele>65.1</ele>
      </trkpt>
      <trkpt lat="-9.823765" lon="-37.206117">
        <ele>65.45</ele>
      </trkpt>
      <trkpt lat="-9.82344" lon="-37.207732">
        <ele>63.08</ele>
      </trkpt>
      <trkpt lat="-9.823363" lon="-37.208663">
        <ele>64.65</ele>
      </trkpt>
      <trkpt lat="-9.823245" lon="-37.209211">
        <ele>66.69</ele>
      </trkpt>
      <trkpt lat="-9.822951" lon="-37.210581">
        <ele>67.08</ele>
      </trkpt>
      <trkpt lat="-9.822871" lon="-37.211023">
        <ele>68</ele>
      </trkpt>
      <trkpt lat="-9.822887" lon="-37.211294">
        <ele>68.66</ele>
      </trkpt>
      <trkpt lat="-9.822871" lon="-37.2116">
        <ele>69.86</ele>
      </trkpt>
      <trkpt lat="-9.822914" lon="-37.21226">
        <ele>72.4</ele>
      </trkpt>
      <trkpt lat="-9.822747" lon="-37.21274">
        <ele>72.38</ele>
      </trkpt>
      <trkpt lat="-9.822586" lon="-37.213131">
        <ele>72.23</ele>
      </trkpt>
      <trkpt lat="-9.822522" lon="-37.213378">
        <ele>72.7</ele>
      </trkpt>
      <trkpt lat="-9.822517" lon="-37.213764">
        <ele>73.17</ele>
      </trkpt>
      <trkpt lat="-9.822565" lon="-37.214094">
        <ele>74.9</ele>
      </trkpt>
      <trkpt lat="-9.822512" lon="-37.214269">
        <ele>75.07</ele>
      </trkpt>
      <trkpt lat="-9.822499" lon="-37.214515">
        <ele>75.51</ele>
      </trkpt>
      <trkpt lat="-9.82252" lon="-37.214802">
        <ele>76.13</ele>
      </trkpt>
      <trkpt lat="-9.822501" lon="-37.215006">
        <ele>76.51</ele>
      </trkpt>
      <trkpt lat="-9.822369" lon="-37.21528">
        <ele>76.63</ele>
      </trkpt>
      <trkpt lat="-9.822295" lon="-37.215497">
        <ele>76.69</ele>
      </trkpt>
      <trkpt lat="-9.822221" lon="-37.215832">
        <ele>77.43</ele>
      </trkpt>
      <trkpt lat="-9.821812" lon="-37.216905">
        <ele>78.2</ele>
      </trkpt>
      <trkpt lat="-9.821555" lon="-37.217345">
        <ele>78.63</ele>
      </trkpt>
      <trkpt lat="-9.821603" lon="-37.217715">
        <ele>79.05</ele>
      </trkpt>
      <trkpt lat="-9.821566" lon="-37.218005">
        <ele>79.25</ele>
      </trkpt>
      <trkpt lat="-9.821595" lon="-37.218311">
        <ele>79.92</ele>
      </trkpt>
      <trkpt lat="-9.821571" lon="-37.218541">
        <ele>80.98</ele>
      </trkpt>
      <trkpt lat="-9.821288" lon="-37.218933">
        <ele>81.12</ele>
      </trkpt>
      <trkpt lat="-9.820913" lon="-37.219416">
        <ele>82.37</ele>
      </trkpt>
      <trkpt lat="-9.820728" lon="-37.219754">
        <ele>83.05</ele>
      </trkpt>
      <trkpt lat="-9.820659" lon="-37.219993">
        <ele>83.49</ele>
      </trkpt>
      <trkpt lat="-9.82062" lon="-37.220223">
        <ele>83.36</ele>
      </trkpt>
      <trkpt lat="-9.820509" lon="-37.22043">
        <ele>83.74</ele>
      </trkpt>
      <trkpt lat="-9.820403" lon="-37.220676">
        <ele>84.04</ele>
      </trkpt>
      <trkpt lat="-9.820321" lon="-37.220982">
        <ele>84.67</ele>
      </trkpt>
      <trkpt lat="-9.820268" lon="-37.221428">
        <ele>85.09</ele>
      </trkpt>
      <trkpt lat="-9.820194" lon="-37.221859">
        <ele>85.35</ele>
      </trkpt>
      <trkpt lat="-9.820215" lon="-37.222157">
        <ele>85.44</ele>
      </trkpt>
      <trkpt lat="-9.820202" lon="-37.222393">
        <ele>86</ele>
      </trkpt>
      <trkpt lat="-9.820035" lon="-37.223343">
        <ele>88</ele>
      </trkpt>
      <trkpt lat="-9.820004" lon="-37.223608">
        <ele>88</ele>
      </trkpt>
      <trkpt lat="-9.820009" lon="-37.224061">
        <ele>88.56</ele>
      </trkpt>
      <trkpt lat="-9.819932" lon="-37.22423">
        <ele>88.44</ele>
      </trkpt>
      <trkpt lat="-9.819758" lon="-37.224515">
        <ele>89.08</ele>
      </trkpt>
      <trkpt lat="-9.81961" lon="-37.224794">
        <ele>89.81</ele>
      </trkpt>
      <trkpt lat="-9.819486" lon="-37.225188">
        <ele>90.47</ele>
      </trkpt>
      <trkpt lat="-9.819523" lon="-37.225743">
        <ele>92.04</ele>
      </trkpt>
      <trkpt lat="-9.819621" lon="-37.225982">
        <ele>92.51</ele>
      </trkpt>
      <trkpt lat="-9.819626" lon="-37.226164">
        <ele>93.1</ele>
      </trkpt>
      <trkpt lat="-9.819605" lon="-37.226333">
        <ele>93.74</ele>
      </trkpt>
      <trkpt lat="-9.819552" lon="-37.226564">
        <ele>94.41</ele>
      </trkpt>
      <trkpt lat="-9.819354" lon="-37.226851">
        <ele>96.35</ele>
      </trkpt>
      <trkpt lat="-9.81929" lon="-37.227057">
        <ele>95.75</ele>
      </trkpt>
      <trkpt lat="-9.819219" lon="-37.227184">
        <ele>95.65</ele>
      </trkpt>
      <trkpt lat="-9.819177" lon="-37.227377">
        <ele>95.35</ele>
      </trkpt>
      <trkpt lat="-9.819132" lon="-37.227854">
        <ele>97.38</ele>
      </trkpt>
      <trkpt lat="-9.819079" lon="-37.228101">
        <ele>98.7</ele>
      </trkpt>
      <trkpt lat="-9.819192" lon="-37.228683">
        <ele>100.51</ele>
      </trkpt>
      <trkpt lat="-9.819261" lon="-37.228787">
        <ele>99.82</ele>
      </trkpt>
      <trkpt lat="-9.819412" lon="-37.228911">
        <ele>98.94</ele>
      </trkpt>
      <trkpt lat="-9.819486" lon="-37.228991">
        <ele>98.53</ele>
      </trkpt>
      <trkpt lat="-9.819544" lon="-37.229099">
        <ele>98.18</ele>
      </trkpt>
      <trkpt lat="-9.819579" lon="-37.22956">
        <ele>98.32</ele>
      </trkpt>
      <trkpt lat="-9.819597" lon="-37.229791">
        <ele>100.45</ele>
      </trkpt>
      <trkpt lat="-9.819552" lon="-37.229976">
        <ele>102.33</ele>
      </trkpt>
      <trkpt lat="-9.819404" lon="-37.230239">
        <ele>103.24</ele>
      </trkpt>
      <trkpt lat="-9.819362" lon="-37.230373">
        <ele>103.49</ele>
      </trkpt>
      <trkpt lat="-9.819412" lon="-37.230764">
        <ele>104.06</ele>
      </trkpt>
      <trkpt lat="-9.81938" lon="-37.230893">
        <ele>103.86</ele>
      </trkpt>
      <trkpt lat="-9.819272" lon="-37.231003">
        <ele>103.77</ele>
      </trkpt>
      <trkpt lat="-9.818941" lon="-37.231142">
        <ele>104.52</ele>
      </trkpt>
      <trkpt lat="-9.818339" lon="-37.231741">
        <ele>108.59</ele>
      </trkpt>
      <trkpt lat="-9.817916" lon="-37.232516">
        <ele>113.18</ele>
      </trkpt>
      <trkpt lat="-9.817815" lon="-37.232827">
        <ele>113.76</ele>
      </trkpt>
      <trkpt lat="-9.81786" lon="-37.233095">
        <ele>113.23</ele>
      </trkpt>
      <trkpt lat="-9.818008" lon="-37.23365">
        <ele>115.32</ele>
      </trkpt>
      <trkpt lat="-9.818151" lon="-37.233961">
        <ele>116.31</ele>
      </trkpt>
      <trkpt lat="-9.818324" lon="-37.234225">
        <ele>117</ele>
      </trkpt>
      <trkpt lat="-9.818549" lon="-37.234074">
        <ele>116.98</ele>
      </trkpt>
      <trkpt lat="-9.819224" lon="-37.233621">
        <ele>123.87</ele>
      </trkpt>
      <trkpt lat="-9.819792" lon="-37.23329">
        <ele>129.85</ele>
      </trkpt>
      <trkpt lat="-9.820074" lon="-37.23322">
        <ele>133.08</ele>
      </trkpt>
      <trkpt lat="-9.820715" lon="-37.233361">
        <ele>141.45</ele>
      </trkpt>
      <trkpt lat="-9.820994" lon="-37.233469">
        <ele>143.12</ele>
      </trkpt>
      <trkpt lat="-9.821097" lon="-37.233567">
        <ele>144.24</ele>
      </trkpt>
      <trkpt lat="-9.821292" lon="-37.23395">
        <ele>148.42</ele>
      </trkpt>
      <trkpt lat="-9.822109" lon="-37.235515">
        <ele>155.94</ele>
      </trkpt>
      <trkpt lat="-9.8222" lon="-37.23573">
        <ele>157.78</ele>
      </trkpt>
      <trkpt lat="-9.822197" lon="-37.235863">
        <ele>158.94</ele>
      </trkpt>
      <trkpt lat="-9.822169" lon="-37.236046">
        <ele>160.03</ele>
      </trkpt>
      <trkpt lat="-9.822183" lon="-37.236401">
        <ele>162.04</ele>
      </trkpt>
      <trkpt lat="-9.822066" lon="-37.236873">
        <ele>162.7</ele>
      </trkpt>
      <trkpt lat="-9.821949" lon="-37.237345">
        <ele>161.01</ele>
      </trkpt>
      <trkpt lat="-9.821709" lon="-37.238185">
        <ele>159</ele>
      </trkpt>
      <trkpt lat="-9.82161" lon="-37.238475">
        <ele>158</ele>
      </trkpt>
      <trkpt lat="-9.821603" lon="-37.238712">
        <ele>157.46</ele>
      </trkpt>
      <trkpt lat="-9.821762" lon="-37.239405">
        <ele>154.5</ele>
      </trkpt>
      <trkpt lat="-9.821879" lon="-37.239692">
        <ele>152.78</ele>
      </trkpt>
      <trkpt lat="-9.822261" lon="-37.240933">
        <ele>144.64</ele>
      </trkpt>
      <trkpt lat="-9.822533" lon="-37.241622">
        <ele>141</ele>
      </trkpt>
      <trkpt lat="-9.822646" lon="-37.241802">
        <ele>141</ele>
      </trkpt>
      <trkpt lat="-9.823047" lon="-37.242186">
        <ele>141.35</ele>
      </trkpt>
      <trkpt lat="-9.823449" lon="-37.24257">
        <ele>143.96</ele>
      </trkpt>
      <trkpt lat="-9.823495" lon="-37.24267">
        <ele>144.54</ele>
      </trkpt>
      <trkpt lat="-9.823583" lon="-37.242975">
        <ele>146.87</ele>
      </trkpt>
      <trkpt lat="-9.823671" lon="-37.243431">
        <ele>149.96</ele>
      </trkpt>
      <trkpt lat="-9.824191" lon="-37.244947">
        <ele>160.02</ele>
      </trkpt>
      <trkpt lat="-9.824786" lon="-37.246666">
        <ele>164.75</ele>
      </trkpt>
      <trkpt lat="-9.824952" lon="-37.247138">
        <ele>162.48</ele>
      </trkpt>
      <trkpt lat="-9.825507" lon="-37.248463">
        <ele>151.79</ele>
      </trkpt>
      <trkpt lat="-9.825583" lon="-37.248684">
        <ele>150.95</ele>
      </trkpt>
      <trkpt lat="-9.82555" lon="-37.249045">
        <ele>149.26</ele>
      </trkpt>
      <trkpt lat="-9.825397" lon="-37.249406">
        <ele>149.81</ele>
      </trkpt>
      <trkpt lat="-9.825235" lon="-37.249648">
        <ele>150.04</ele>
      </trkpt>
      <trkpt lat="-9.824989" lon="-37.249894">
        <ele>149.98</ele>
      </trkpt>
      <trkpt lat="-9.823372" lon="-37.251303">
        <ele>148.73</ele>
      </trkpt>
      <trkpt lat="-9.82304" lon="-37.251761">
        <ele>148</ele>
      </trkpt>
      <trkpt lat="-9.822658" lon="-37.252522">
        <ele>145.18</ele>
      </trkpt>
      <trkpt lat="-9.822124" lon="-37.254002">
        <ele>135.58</ele>
      </trkpt>
      <trkpt lat="-9.821795" lon="-37.255107">
        <ele>129.29</ele>
      </trkpt>
      <trkpt lat="-9.821619" lon="-37.25576">
        <ele>123.38</ele>
      </trkpt>
      <trkpt lat="-9.821513" lon="-37.256289">
        <ele>117.55</ele>
      </trkpt>
      <trkpt lat="-9.821526" lon="-37.256761">
        <ele>114.02</ele>
      </trkpt>
      <trkpt lat="-9.821629" lon="-37.257381">
        <ele>111.88</ele>
      </trkpt>
      <trkpt lat="-9.821772" lon="-37.257961">
        <ele>110.07</ele>
      </trkpt>
      <trkpt lat="-9.821891" lon="-37.258247">
        <ele>109.33</ele>
      </trkpt>
      <trkpt lat="-9.822101" lon="-37.258567">
        <ele>108.1</ele>
      </trkpt>
      <trkpt lat="-9.822618" lon="-37.259265">
        <ele>107.1</ele>
      </trkpt>
      <trkpt lat="-9.823176" lon="-37.260215">
        <ele>102.91</ele>
      </trkpt>
      <trkpt lat="-9.823496" lon="-37.260938">
        <ele>98.58</ele>
      </trkpt>
      <trkpt lat="-9.823548" lon="-37.261167">
        <ele>97.63</ele>
      </trkpt>
      <trkpt lat="-9.823555" lon="-37.261445">
        <ele>97.06</ele>
      </trkpt>
      <trkpt lat="-9.823459" lon="-37.261761">
        <ele>96.13</ele>
      </trkpt>
      <trkpt lat="-9.823318" lon="-37.261925">
        <ele>95.45</ele>
      </trkpt>
      <trkpt lat="-9.823097" lon="-37.262095">
        <ele>93.35</ele>
      </trkpt>
      <trkpt lat="-9.822693" lon="-37.262269">
        <ele>86.32</ele>
      </trkpt>
      <trkpt lat="-9.822532" lon="-37.26244">
        <ele>82.49</ele>
      </trkpt>
      <trkpt lat="-9.822466" lon="-37.262577">
        <ele>80.49</ele>
      </trkpt>
      <trkpt lat="-9.822432" lon="-37.262867">
        <ele>76.24</ele>
      </trkpt>
      <trkpt lat="-9.822456" lon="-37.263397">
        <ele>68.91</ele>
      </trkpt>
      <trkpt lat="-9.822443" lon="-37.263824">
        <ele>65.36</ele>
      </trkpt>
      <trkpt lat="-9.822399" lon="-37.264484">
        <ele>66.07</ele>
      </trkpt>
      <trkpt lat="-9.822344" lon="-37.264786">
        <ele>66.81</ele>
      </trkpt>
      <trkpt lat="-9.822361" lon="-37.264995">
        <ele>68.4</ele>
      </trkpt>
      <trkpt lat="-9.822423" lon="-37.265276">
        <ele>69.24</ele>
      </trkpt>
      <trkpt lat="-9.822529" lon="-37.26546">
        <ele>71.25</ele>
      </trkpt>
      <trkpt lat="-9.822635" lon="-37.265643">
        <ele>70.95</ele>
      </trkpt>
      <trkpt lat="-9.82323" lon="-37.266505">
        <ele>71.52</ele>
      </trkpt>
      <trkpt lat="-9.823824" lon="-37.267367">
        <ele>77.19</ele>
      </trkpt>
      <trkpt lat="-9.824419" lon="-37.268229">
        <ele>87.14</ele>
      </trkpt>
      <trkpt lat="-9.824793" lon="-37.268667">
        <ele>88.85</ele>
      </trkpt>
      <trkpt lat="-9.825439" lon="-37.269183">
        <ele>92.83</ele>
      </trkpt>
      <trkpt lat="-9.826015" lon="-37.269598">
        <ele>99.1</ele>
      </trkpt>
      <trkpt lat="-9.826688" lon="-37.269947">
        <ele>101.87</ele>
      </trkpt>
      <trkpt lat="-9.827015" lon="-37.270128">
        <ele>101.7</ele>
      </trkpt>
      <trkpt lat="-9.82718" lon="-37.270334">
        <ele>102.32</ele>
      </trkpt>
      <trkpt lat="-9.827256" lon="-37.270566">
        <ele>102.49</ele>
      </trkpt>
      <trkpt lat="-9.827229" lon="-37.271142">
        <ele>100.35</ele>
      </trkpt>
      <trkpt lat="-9.827293" lon="-37.271429">
        <ele>97.73</ele>
      </trkpt>
      <trkpt lat="-9.827402" lon="-37.271607">
        <ele>96.22</ele>
      </trkpt>
      <trkpt lat="-9.828088" lon="-37.272545">
        <ele>90.81</ele>
      </trkpt>
      <trkpt lat="-9.828171" lon="-37.272819">
        <ele>88.51</ele>
      </trkpt>
      <trkpt lat="-9.828141" lon="-37.273071">
        <ele>85.19</ele>
      </trkpt>
      <trkpt lat="-9.82798" lon="-37.273289">
        <ele>81.64</ele>
      </trkpt>
      <trkpt lat="-9.827831" lon="-37.273415">
        <ele>79.15</ele>
      </trkpt>
      <trkpt lat="-9.82808" lon="-37.273912">
        <ele>75.79</ele>
      </trkpt>
      <trkpt lat="-9.828578" lon="-37.274907">
        <ele>65.07</ele>
      </trkpt>
      <trkpt lat="-9.828732" lon="-37.27527">
        <ele>62.96</ele>
      </trkpt>
      <trkpt lat="-9.828776" lon="-37.275387">
        <ele>62.75</ele>
      </trkpt>
      <trkpt lat="-9.828846" lon="-37.275727">
        <ele>62.39</ele>
      </trkpt>
      <trkpt lat="-9.828871" lon="-37.27592">
        <ele>62.44</ele>
      </trkpt>
      <trkpt lat="-9.828891" lon="-37.276209">
        <ele>61.31</ele>
      </trkpt>
      <trkpt lat="-9.828901" lon="-37.276731">
        <ele>57.6</ele>
      </trkpt>
      <trkpt lat="-9.828884" lon="-37.276829">
        <ele>56.58</ele>
      </trkpt>
      <trkpt lat="-9.82885" lon="-37.27691">
        <ele>55.55</ele>
      </trkpt>
      <trkpt lat="-9.828731" lon="-37.277041">
        <ele>52.13</ele>
      </trkpt>
      <trkpt lat="-9.828535" lon="-37.277195">
        <ele>47.61</ele>
      </trkpt>
      <trkpt lat="-9.828183" lon="-37.277522">
        <ele>41.59</ele>
      </trkpt>
      <trkpt lat="-9.828503" lon="-37.277871">
        <ele>41.77</ele>
      </trkpt>
      <trkpt lat="-9.828287" lon="-37.278519">
        <ele>28.89</ele>
      </trkpt>
      <trkpt lat="-9.828131" lon="-37.278987">
        <ele>21.96</ele>
      </trkpt>
      <trkpt lat="-9.828032" lon="-37.279284">
        <ele>19.55</ele>
      </trkpt>
      <trkpt lat="-9.828177" lon="-37.279435">
        <ele>19.47</ele>
      </trkpt>
      <trkpt lat="-9.828365" lon="-37.279798">
        <ele>19.13</ele>
      </trkpt>
      <trkpt lat="-9.828472" lon="-37.280011">
        <ele>19.82</ele>
      </trkpt>
      <trkpt lat="-9.828202" lon="-37.280268">
        <ele>17.68</ele>
      </trkpt>
      <trkpt lat="-9.828" lon="-37.280443">
        <ele>14.45</ele>
      </trkpt>
      <trkpt lat="-9.827948" lon="-37.280496">
        <ele>13.76</ele>
      </trkpt>
      <trkpt lat="-9.827691" lon="-37.280838">
        <ele>11.55</ele>
      </trkpt>
      <trkpt lat="-9.827527" lon="-37.280998">
        <ele>10.65</ele>
      </trkpt>
      <trkpt lat="-9.827422" lon="-37.281072">
        <ele>10.75</ele>
      </trkpt>
      <trkpt lat="-9.827363" lon="-37.281089">
        <ele>11</ele>
      </trkpt>
      <trkpt lat="-9.826856" lon="-37.281159">
        <ele>13</ele>
      </trkpt>
      <trkpt lat="-9.826318" lon="-37.281603">
        <ele>14.9</ele>
      </trkpt>
      <trkpt lat="-9.82557" lon="-37.282319">
        <ele>15</ele>
      </trkpt>
      <trkpt lat="-9.824757" lon="-37.283191">
        <ele>15.08</ele>
      </trkpt>
      <trkpt lat="-9.824351" lon="-37.283616">
        <ele>16.6</ele>
      </trkpt>
      <trkpt lat="-9.823538" lon="-37.284465">
        <ele>14.71</ele>
      </trkpt>
      <trkpt lat="-9.823322" lon="-37.284616">
        <ele>16.76</ele>
      </trkpt>
      <trkpt lat="-9.822825" lon="-37.284717">
        <ele>16.18</ele>
      </trkpt>
      <trkpt lat="-9.822184" lon="-37.284835">
        <ele>13.59</ele>
      </trkpt>
      <trkpt lat="-9.822039" lon="-37.284883">
        <ele>13.02</ele>
      </trkpt>
      <trkpt lat="-9.82188" lon="-37.285055">
        <ele>13</ele>
      </trkpt>
      <trkpt lat="-9.82146" lon="-37.285645">
        <ele>13</ele>
      </trkpt>
      <trkpt lat="-9.821312" lon="-37.285809">
        <ele>13</ele>
      </trkpt>
      <trkpt lat="-9.82118" lon="-37.285876">
        <ele>12.86</ele>
      </trkpt>
      <trkpt lat="-9.820924" lon="-37.285905">
        <ele>12</ele>
      </trkpt>
      <trkpt lat="-9.820308" lon="-37.285862">
        <ele>12.45</ele>
      </trkpt>
      <trkpt lat="-9.819002" lon="-37.285827">
        <ele>13</ele>
      </trkpt>
      <trkpt lat="-9.818809" lon="-37.285842">
        <ele>13</ele>
      </trkpt>
      <trkpt lat="-9.818751" lon="-37.285882">
        <ele>13</ele>
      </trkpt>
      <trkpt lat="-9.81867" lon="-37.286016">
        <ele>13.34</ele>
      </trkpt>
      <trkpt lat="-9.818418" lon="-37.286554">
        <ele>13.71</ele>
      </trkpt>
      <trkpt lat="-9.81773" lon="-37.287903">
        <ele>13.84</ele>
      </trkpt>
      <trkpt lat="-9.817453" lon="-37.288235">
        <ele>14.35</ele>
      </trkpt>
      <trkpt lat="-9.817346" lon="-37.2884">
        <ele>13.74</ele>
      </trkpt>
      <trkpt lat="-9.817304" lon="-37.288522">
        <ele>13.28</ele>
      </trkpt>
      <trkpt lat="-9.817193" lon="-37.289067">
        <ele>11.95</ele>
      </trkpt>
      <trkpt lat="-9.817095" lon="-37.289203">
        <ele>11.34</ele>
      </trkpt>
      <trkpt lat="-9.817005" lon="-37.289281">
        <ele>11</ele>
      </trkpt>
      <trkpt lat="-9.816838" lon="-37.289464">
        <ele>11</ele>
      </trkpt>
      <trkpt lat="-9.816629" lon="-37.289743">
        <ele>11</ele>
      </trkpt>
      <trkpt lat="-9.816548" lon="-37.28978">
        <ele>11</ele>
      </trkpt>
      <trkpt lat="-9.816465" lon="-37.289793">
        <ele>10.82</ele>
      </trkpt>
      <trkpt lat="-9.816045" lon="-37.289799">
        <ele>10.45</ele>
      </trkpt>
      <trkpt lat="-9.815476" lon="-37.289857">
        <ele>11.02</ele>
      </trkpt>
      <trkpt lat="-9.815424" lon="-37.289878">
        <ele>10.99</ele>
      </trkpt>
      <trkpt lat="-9.815342" lon="-37.289942">
        <ele>10.99</ele>
      </trkpt>
      <trkpt lat="-9.813482" lon="-37.291797">
        <ele>13.78</ele>
      </trkpt>
      <trkpt lat="-9.813394" lon="-37.291917">
        <ele>13.67</ele>
      </trkpt>
      <trkpt lat="-9.813262" lon="-37.292538">
        <ele>11.12</ele>
      </trkpt>
      <trkpt lat="-9.813065" lon="-37.293309">
        <ele>14.78</ele>
      </trkpt>
      <trkpt lat="-9.812933" lon="-37.293823">
        <ele>15.38</ele>
      </trkpt>
      <trkpt lat="-9.812868" lon="-37.294081">
        <ele>13.45</ele>
      </trkpt>
      <trkpt lat="-9.812643" lon="-37.294581">
        <ele>10</ele>
      </trkpt>
      <trkpt lat="-9.812531" lon="-37.294831">
        <ele>10</ele>
      </trkpt>
      <trkpt lat="-9.812351" lon="-37.295237">
        <ele>13.47</ele>
      </trkpt>
      <trkpt lat="-9.812531" lon="-37.295338">
        <ele>12.74</ele>
      </trkpt>
      <trkpt lat="-9.812647" lon="-37.295385">
        <ele>11.9</ele>
      </trkpt>
      <trkpt lat="-9.812955" lon="-37.295478">
        <ele>11.03</ele>
      </trkpt>
      <trkpt lat="-9.813041" lon="-37.295524">
        <ele>11</ele>
      </trkpt>
      <trkpt lat="-9.813098" lon="-37.295595">
        <ele>11.24</ele>
      </trkpt>
      <trkpt lat="-9.813202" lon="-37.295788">
        <ele>13.14</ele>
      </trkpt>
      <trkpt lat="-9.813266" lon="-37.295871">
        <ele>14.48</ele>
      </trkpt>
      <trkpt lat="-9.813507" lon="-37.296084">
        <ele>18.29</ele>
      </trkpt>
      <trkpt lat="-9.81371" lon="-37.296222">
        <ele>21.22</ele>
      </trkpt>
      <trkpt lat="-9.81385" lon="-37.29633">
        <ele>22.01</ele>
      </trkpt>
      <trkpt lat="-9.813907" lon="-37.296559">
        <ele>23.66</ele>
      </trkpt>
      <trkpt lat="-9.813945" lon="-37.296667">
        <ele>23.92</ele>
      </trkpt>
      <trkpt lat="-9.813918" lon="-37.296744">
        <ele>24.68</ele>
      </trkpt>
      <trkpt lat="-9.813856" lon="-37.296862">
        <ele>25.48</ele>
      </trkpt>
      <trkpt lat="-9.813733" lon="-37.297038">
        <ele>26.17</ele>
      </trkpt>
      <trkpt lat="-9.813653" lon="-37.297173">
        <ele>25.55</ele>
      </trkpt>
      <trkpt lat="-9.813579" lon="-37.29742">
        <ele>24.2</ele>
      </trkpt>
      <trkpt lat="-9.813537" lon="-37.297471">
        <ele>23.73</ele>
      </trkpt>
      <trkpt lat="-9.813433" lon="-37.297663">
        <ele>22.53</ele>
      </trkpt>
      <trkpt lat="-9.813304" lon="-37.298002">
        <ele>19.77</ele>
      </trkpt>
      <trkpt lat="-9.813461" lon="-37.298129">
        <ele>17.16</ele>
      </trkpt>
      <trkpt lat="-9.813849" lon="-37.298583">
        <ele>13.92</ele>
      </trkpt>
      <trkpt lat="-9.813969" lon="-37.298652">
        <ele>14</ele>
      </trkpt>
      <trkpt lat="-9.814307" lon="-37.298773">
        <ele>13.72</ele>
      </trkpt>
      <trkpt lat="-9.814458" lon="-37.298762">
        <ele>13.61</ele>
      </trkpt>
      <trkpt lat="-9.8149" lon="-37.298685">
        <ele>13.29</ele>
      </trkpt>
      <trkpt lat="-9.815146" lon="-37.298656">
        <ele>13.11</ele>
      </trkpt>
      <trkpt lat="-9.815317" lon="-37.298689">
        <ele>12.99</ele>
      </trkpt>
      <trkpt lat="-9.815455" lon="-37.298749">
        <ele>12.88</ele>
      </trkpt>
      <trkpt lat="-9.815573" lon="-37.298851">
        <ele>12.77</ele>
      </trkpt>
      <trkpt lat="-9.81595" lon="-37.299293">
        <ele>12.37</ele>
      </trkpt>
      <trkpt lat="-9.816072" lon="-37.2994">
        <ele>12.25</ele>
      </trkpt>
      <trkpt lat="-9.816148" lon="-37.299456">
        <ele>12.19</ele>
      </trkpt>
      <trkpt lat="-9.81629" lon="-37.299521">
        <ele>12.07</ele>
      </trkpt>
      <trkpt lat="-9.816427" lon="-37.29952">
        <ele>11.97</ele>
      </trkpt>
      <trkpt lat="-9.816773" lon="-37.299402">
        <ele>11.84</ele>
      </trkpt>
      <trkpt lat="-9.8169" lon="-37.29939">
        <ele>12.2</ele>
      </trkpt>
      <trkpt lat="-9.817282" lon="-37.29941">
        <ele>13.25</ele>
      </trkpt>
      <trkpt lat="-9.817568" lon="-37.299397">
        <ele>14.05</ele>
      </trkpt>
      <trkpt lat="-9.817852" lon="-37.299406">
        <ele>14.83</ele>
      </trkpt>
      <trkpt lat="-9.81786" lon="-37.299563">
        <ele>15.16</ele>
      </trkpt>
      <trkpt lat="-9.817698" lon="-37.300738">
        <ele>14.93</ele>
      </trkpt>
      <trkpt lat="-9.81743" lon="-37.302301">
        <ele>14.34</ele>
      </trkpt>
      <trkpt lat="-9.817348" lon="-37.302895">
        <ele>14.86</ele>
      </trkpt>
      <trkpt lat="-9.817134" lon="-37.305051">
        <ele>15.13</ele>
      </trkpt>
      <trkpt lat="-9.816863" lon="-37.307397">
        <ele>16</ele>
      </trkpt>
      <trkpt lat="-9.816862" lon="-37.308837">
        <ele>14.99</ele>
      </trkpt>
      <trkpt lat="-9.816783" lon="-37.310135">
        <ele>16</ele>
      </trkpt>
      <trkpt lat="-9.81668" lon="-37.310389">
        <ele>16</ele>
      </trkpt>
      <trkpt lat="-9.81633" lon="-37.311056">
        <ele>16.16</ele>
      </trkpt>
      <trkpt lat="-9.816236" lon="-37.311223">
        <ele>17.51</ele>
      </trkpt>
      <trkpt lat="-9.81614" lon="-37.311424">
        <ele>19.81</ele>
      </trkpt>
      <trkpt lat="-9.816042" lon="-37.311879">
        <ele>25.53</ele>
      </trkpt>
      <trkpt lat="-9.816008" lon="-37.312124">
        <ele>28.38</ele>
      </trkpt>
      <trkpt lat="-9.81594" lon="-37.312614">
        <ele>30.76</ele>
      </trkpt>
      <trkpt lat="-9.81596" lon="-37.312901">
        <ele>33.15</ele>
      </trkpt>
      <trkpt lat="-9.815915" lon="-37.31302">
        <ele>34.38</ele>
      </trkpt>
      <trkpt lat="-9.815792" lon="-37.31313">
        <ele>35</ele>
      </trkpt>
      <trkpt lat="-9.815322" lon="-37.313376">
        <ele>36.47</ele>
      </trkpt>
      <trkpt lat="-9.815157" lon="-37.313442">
        <ele>37.05</ele>
      </trkpt>
      <trkpt lat="-9.81476" lon="-37.313406">
        <ele>39</ele>
      </trkpt>
      <trkpt lat="-9.814243" lon="-37.313345">
        <ele>40</ele>
      </trkpt>
      <trkpt lat="-9.81295" lon="-37.313191">
        <ele>33.55</ele>
      </trkpt>
      <trkpt lat="-9.812692" lon="-37.31316">
        <ele>33.98</ele>
      </trkpt>
      <trkpt lat="-9.811332" lon="-37.312962">
        <ele>39</ele>
      </trkpt>
      <trkpt lat="-9.810999" lon="-37.312937">
        <ele>39.67</ele>
      </trkpt>
      <trkpt lat="-9.810676" lon="-37.313335">
        <ele>43.82</ele>
      </trkpt>
      <trkpt lat="-9.810029" lon="-37.314132">
        <ele>40.3</ele>
      </trkpt>
      <trkpt lat="-9.810452" lon="-37.31473">
        <ele>35.92</ele>
      </trkpt>
      <trkpt lat="-9.810583" lon="-37.314917">
        <ele>35.97</ele>
      </trkpt>
      <trkpt lat="-9.810761" lon="-37.31534">
        <ele>34.91</ele>
      </trkpt>
      <trkpt lat="-9.810961" lon="-37.315728">
        <ele>31.45</ele>
      </trkpt>
      <trkpt lat="-9.811247" lon="-37.316233">
        <ele>25.29</ele>
      </trkpt>
      <trkpt lat="-9.811472" lon="-37.316723">
        <ele>19.74</ele>
      </trkpt>
      <trkpt lat="-9.811587" lon="-37.316982">
        <ele>20.1</ele>
      </trkpt>
      <trkpt lat="-9.811491" lon="-37.316959">
        <ele>19.59</ele>
      </trkpt>
      <trkpt lat="-9.811194" lon="-37.317736">
        <ele>26.05</ele>
      </trkpt>
      <trkpt lat="-9.811006" lon="-37.318023">
        <ele>24.52</ele>
      </trkpt>
      <trkpt lat="-9.810682" lon="-37.318197">
        <ele>21.53</ele>
      </trkpt>
      <trkpt lat="-9.81043" lon="-37.318261">
        <ele>20.04</ele>
      </trkpt>
      <trkpt lat="-9.810087" lon="-37.318248">
        <ele>19.05</ele>
      </trkpt>
      <trkpt lat="-9.809873" lon="-37.318345">
        <ele>18.48</ele>
      </trkpt>
      <trkpt lat="-9.809458" lon="-37.318621">
        <ele>17.88</ele>
      </trkpt>
      <trkpt lat="-9.809375" lon="-37.318718">
        <ele>17.44</ele>
      </trkpt>
      <trkpt lat="-9.809212" lon="-37.319005">
        <ele>18</ele>
      </trkpt>
      <trkpt lat="-9.809076" lon="-37.319088">
        <ele>18</ele>
      </trkpt>
      <trkpt lat="-9.808338" lon="-37.319369">
        <ele>19.14</ele>
      </trkpt>
      <trkpt lat="-9.807846" lon="-37.319557">
        <ele>22.77</ele>
      </trkpt>
      <trkpt lat="-9.807706" lon="-37.319562">
        <ele>23.67</ele>
      </trkpt>
      <trkpt lat="-9.807434" lon="-37.319456">
        <ele>27.23</ele>
      </trkpt>
      <trkpt lat="-9.806961" lon="-37.319217">
        <ele>32.6</ele>
      </trkpt>
      <trkpt lat="-9.806808" lon="-37.319154">
        <ele>34.04</ele>
      </trkpt>
      <trkpt lat="-9.806683" lon="-37.319128">
        <ele>34.86</ele>
      </trkpt>
      <trkpt lat="-9.805853" lon="-37.319134">
        <ele>29.97</ele>
      </trkpt>
      <trkpt lat="-9.804933" lon="-37.319199">
        <ele>21.8</ele>
      </trkpt>
      <trkpt lat="-9.80414" lon="-37.319328">
        <ele>20.77</ele>
      </trkpt>
      <trkpt lat="-9.803348" lon="-37.319457">
        <ele>17</ele>
      </trkpt>
      <trkpt lat="-9.801962" lon="-37.319608">
        <ele>15.87</ele>
      </trkpt>
      <trkpt lat="-9.800115" lon="-37.319852">
        <ele>15.87</ele>
      </trkpt>
      <trkpt lat="-9.798934" lon="-37.319986">
        <ele>15.01</ele>
      </trkpt>
      <trkpt lat="-9.798372" lon="-37.320377">
        <ele>14.3</ele>
      </trkpt>
      <trkpt lat="-9.797706" lon="-37.320902">
        <ele>14</ele>
      </trkpt>
      <trkpt lat="-9.797459" lon="-37.321164">
        <ele>14.91</ele>
      </trkpt>
      <trkpt lat="-9.796381" lon="-37.322437">
        <ele>16</ele>
      </trkpt>
      <trkpt lat="-9.794943" lon="-37.324135">
        <ele>14.82</ele>
      </trkpt>
      <trkpt lat="-9.794863" lon="-37.324267">
        <ele>14.05</ele>
      </trkpt>
      <trkpt lat="-9.794733" lon="-37.325053">
        <ele>15</ele>
      </trkpt>
      <trkpt lat="-9.794646" lon="-37.325577">
        <ele>12.44</ele>
      </trkpt>
      <trkpt lat="-9.794538" lon="-37.325856">
        <ele>12.77</ele>
      </trkpt>
      <trkpt lat="-9.794447" lon="-37.32615">
        <ele>14.16</ele>
      </trkpt>
      <trkpt lat="-9.794178" lon="-37.326657">
        <ele>16.98</ele>
      </trkpt>
      <trkpt lat="-9.794025" lon="-37.326923">
        <ele>18.85</ele>
      </trkpt>
      <trkpt lat="-9.793568" lon="-37.327718">
        <ele>18.99</ele>
      </trkpt>
      <trkpt lat="-9.792621" lon="-37.329091">
        <ele>18</ele>
      </trkpt>
      <trkpt lat="-9.792305" lon="-37.329549">
        <ele>19.9</ele>
      </trkpt>
      <trkpt lat="-9.791673" lon="-37.330464">
        <ele>20.63</ele>
      </trkpt>
      <trkpt lat="-9.791041" lon="-37.331379">
        <ele>19.19</ele>
      </trkpt>
      <trkpt lat="-9.790891" lon="-37.331615">
        <ele>18.76</ele>
      </trkpt>
      <trkpt lat="-9.78977" lon="-37.333691">
        <ele>18</ele>
      </trkpt>
      <trkpt lat="-9.789518" lon="-37.334325">
        <ele>18.77</ele>
      </trkpt>
      <trkpt lat="-9.789351" lon="-37.334884">
        <ele>20.65</ele>
      </trkpt>
      <trkpt lat="-9.789183" lon="-37.335443">
        <ele>20</ele>
      </trkpt>
      <trkpt lat="-9.788882" lon="-37.336214">
        <ele>18</ele>
      </trkpt>
      <trkpt lat="-9.78838" lon="-37.3375">
        <ele>18.95</ele>
      </trkpt>
      <trkpt lat="-9.787426" lon="-37.340255">
        <ele>18</ele>
      </trkpt>
      <trkpt lat="-9.787595" lon="-37.340357">
        <ele>18</ele>
      </trkpt>
      <trkpt lat="-9.78824" lon="-37.340544">
        <ele>18</ele>
      </trkpt>
      <trkpt lat="-9.788256" lon="-37.340577">
        <ele>18</ele>
      </trkpt>
      <trkpt lat="-9.788007" lon="-37.34195">
        <ele>18.06</ele>
      </trkpt>
      <trkpt lat="-9.787878" lon="-37.342883">
        <ele>18.02</ele>
      </trkpt>
      <trkpt lat="-9.787847" lon="-37.342964">
        <ele>18.2</ele>
      </trkpt>
      <trkpt lat="-9.787627" lon="-37.343924">
        <ele>18.38</ele>
      </trkpt>
      <trkpt lat="-9.78735" lon="-37.345678">
        <ele>19</ele>
      </trkpt>
      <trkpt lat="-9.787311" lon="-37.346071">
        <ele>18.36</ele>
      </trkpt>
      <trkpt lat="-9.787198" lon="-37.346516">
        <ele>18.99</ele>
      </trkpt>
      <trkpt lat="-9.787098" lon="-37.346789">
        <ele>18.93</ele>
      </trkpt>
      <trkpt lat="-9.786659" lon="-37.347607">
        <ele>18</ele>
      </trkpt>
      <trkpt lat="-9.786493" lon="-37.347861">
        <ele>18.13</ele>
      </trkpt>
      <trkpt lat="-9.786274" lon="-37.348113">
        <ele>20.07</ele>
      </trkpt>
      <trkpt lat="-9.786112" lon="-37.348272">
        <ele>22.46</ele>
      </trkpt>
      <trkpt lat="-9.785994" lon="-37.348433">
        <ele>24.06</ele>
      </trkpt>
      <trkpt lat="-9.785903" lon="-37.34858">
        <ele>24.67</ele>
      </trkpt>
      <trkpt lat="-9.78539" lon="-37.349058">
        <ele>24.22</ele>
      </trkpt>
      <trkpt lat="-9.785211" lon="-37.349192">
        <ele>24.14</ele>
      </trkpt>
      <trkpt lat="-9.78488" lon="-37.349506">
        <ele>19.26</ele>
      </trkpt>
      <trkpt lat="-9.78469" lon="-37.349594">
        <ele>17.23</ele>
      </trkpt>
      <trkpt lat="-9.784501" lon="-37.349589">
        <ele>16.53</ele>
      </trkpt>
      <trkpt lat="-9.784352" lon="-37.349562">
        <ele>15.33</ele>
      </trkpt>
      <trkpt lat="-9.78413" lon="-37.349264">
        <ele>16.08</ele>
      </trkpt>
      <trkpt lat="-9.783802" lon="-37.348899">
        <ele>17.34</ele>
      </trkpt>
      <trkpt lat="-9.783641" lon="-37.348744">
        <ele>17.21</ele>
      </trkpt>
      <trkpt lat="-9.783442" lon="-37.348634">
        <ele>17.96</ele>
      </trkpt>
      <trkpt lat="-9.783207" lon="-37.348636">
        <ele>17.12</ele>
      </trkpt>
      <trkpt lat="-9.783056" lon="-37.348741">
        <ele>16.69</ele>
      </trkpt>
      <trkpt lat="-9.783053" lon="-37.348881">
        <ele>17.56</ele>
      </trkpt>
      <trkpt lat="-9.783099" lon="-37.348991">
        <ele>18.03</ele>
      </trkpt>
      <trkpt lat="-9.783522" lon="-37.349213">
        <ele>15.42</ele>
      </trkpt>
      <trkpt lat="-9.783638" lon="-37.349337">
        <ele>15.5</ele>
      </trkpt>
      <trkpt lat="-9.783736" lon="-37.349554">
        <ele>16.76</ele>
      </trkpt>
      <trkpt lat="-9.783935" lon="-37.350022">
        <ele>17.08</ele>
      </trkpt>
      <trkpt lat="-9.784016" lon="-37.350332">
        <ele>16.7</ele>
      </trkpt>
      <trkpt lat="-9.784003" lon="-37.350567">
        <ele>17.52</ele>
      </trkpt>
      <trkpt lat="-9.783963" lon="-37.350726">
        <ele>16.9</ele>
      </trkpt>
      <trkpt lat="-9.783886" lon="-37.350879">
        <ele>17.22</ele>
      </trkpt>
      <trkpt lat="-9.783758" lon="-37.351063">
        <ele>16.67</ele>
      </trkpt>
      <trkpt lat="-9.783604" lon="-37.351431">
        <ele>17.68</ele>
      </trkpt>
      <trkpt lat="-9.78351" lon="-37.351744">
        <ele>20.22</ele>
      </trkpt>
      <trkpt lat="-9.783278" lon="-37.35201">
        <ele>23.12</ele>
      </trkpt>
      <trkpt lat="-9.783083" lon="-37.352128">
        <ele>22.81</ele>
      </trkpt>
      <trkpt lat="-9.782971" lon="-37.35222">
        <ele>21.56</ele>
      </trkpt>
      <trkpt lat="-9.782878" lon="-37.35233">
        <ele>20.84</ele>
      </trkpt>
      <trkpt lat="-9.782778" lon="-37.352632">
        <ele>18.15</ele>
      </trkpt>
      <trkpt lat="-9.782837" lon="-37.353053">
        <ele>16.41</ele>
      </trkpt>
      <trkpt lat="-9.782821" lon="-37.353241">
        <ele>15.81</ele>
      </trkpt>
      <trkpt lat="-9.782635" lon="-37.353559">
        <ele>15.35</ele>
      </trkpt>
      <trkpt lat="-9.782417" lon="-37.353865">
        <ele>15.76</ele>
      </trkpt>
      <trkpt lat="-9.78205" lon="-37.354306">
        <ele>14.84</ele>
      </trkpt>
      <trkpt lat="-9.781866" lon="-37.354526">
        <ele>15.88</ele>
      </trkpt>
      <trkpt lat="-9.781253" lon="-37.35511">
        <ele>15.24</ele>
      </trkpt>
      <trkpt lat="-9.780765" lon="-37.355674">
        <ele>16.55</ele>
      </trkpt>
      <trkpt lat="-9.780439" lon="-37.35605">
        <ele>15.27</ele>
      </trkpt>
      <trkpt lat="-9.780131" lon="-37.356443">
        <ele>15.29</ele>
      </trkpt>
      <trkpt lat="-9.779369" lon="-37.358187">
        <ele>14</ele>
      </trkpt>
      <trkpt lat="-9.779191" lon="-37.35851">
        <ele>13.69</ele>
      </trkpt>
      <trkpt lat="-9.779079" lon="-37.358838">
        <ele>12.07</ele>
      </trkpt>
      <trkpt lat="-9.779079" lon="-37.359109">
        <ele>12.56</ele>
      </trkpt>
      <trkpt lat="-9.778968" lon="-37.360019">
        <ele>12</ele>
      </trkpt>
      <trkpt lat="-9.778916" lon="-37.360587">
        <ele>13</ele>
      </trkpt>
      <trkpt lat="-9.778967" lon="-37.36156">
        <ele>13</ele>
      </trkpt>
      <trkpt lat="-9.77892" lon="-37.361738">
        <ele>13</ele>
      </trkpt>
      <trkpt lat="-9.778744" lon="-37.361907">
        <ele>13</ele>
      </trkpt>
      <trkpt lat="-9.778676" lon="-37.361992">
        <ele>13.68</ele>
      </trkpt>
      <trkpt lat="-9.778585" lon="-37.362036">
        <ele>14.84</ele>
      </trkpt>
      <trkpt lat="-9.778472" lon="-37.36206">
        <ele>15.86</ele>
      </trkpt>
      <trkpt lat="-9.778333" lon="-37.362065">
        <ele>17.08</ele>
      </trkpt>
      <trkpt lat="-9.778052" lon="-37.362018">
        <ele>18.86</ele>
      </trkpt>
      <trkpt lat="-9.777963" lon="-37.362058">
        <ele>19.67</ele>
      </trkpt>
      <trkpt lat="-9.777874" lon="-37.362218">
        <ele>22.19</ele>
      </trkpt>
      <trkpt lat="-9.777848" lon="-37.362394">
        <ele>24.86</ele>
      </trkpt>
      <trkpt lat="-9.777855" lon="-37.362561">
        <ele>27.69</ele>
      </trkpt>
      <trkpt lat="-9.777903" lon="-37.362773">
        <ele>30.76</ele>
      </trkpt>
      <trkpt lat="-9.777997" lon="-37.362989">
        <ele>34.24</ele>
      </trkpt>
      <trkpt lat="-9.778424" lon="-37.363683">
        <ele>45.22</ele>
      </trkpt>
      <trkpt lat="-9.778485" lon="-37.363837">
        <ele>47</ele>
      </trkpt>
      <trkpt lat="-9.778499" lon="-37.363963">
        <ele>47.26</ele>
      </trkpt>
      <trkpt lat="-9.778455" lon="-37.364554">
        <ele>45.39</ele>
      </trkpt>
      <trkpt lat="-9.778458" lon="-37.36468">
        <ele>45</ele>
      </trkpt>
      <trkpt lat="-9.778488" lon="-37.364785">
        <ele>44.6</ele>
      </trkpt>
      <trkpt lat="-9.778609" lon="-37.365039">
        <ele>41.91</ele>
      </trkpt>
      <trkpt lat="-9.778706" lon="-37.365389">
        <ele>40.66</ele>
      </trkpt>
      <trkpt lat="-9.778742" lon="-37.365657">
        <ele>39.59</ele>
      </trkpt>
      <trkpt lat="-9.778728" lon="-37.365887">
        <ele>39.07</ele>
      </trkpt>
      <trkpt lat="-9.778714" lon="-37.366118">
        <ele>35.6</ele>
      </trkpt>
      <trkpt lat="-9.778683" lon="-37.366294">
        <ele>33.53</ele>
      </trkpt>
      <trkpt lat="-9.778694" lon="-37.366641">
        <ele>27.58</ele>
      </trkpt>
      <trkpt lat="-9.778664" lon="-37.366789">
        <ele>26.92</ele>
      </trkpt>
      <trkpt lat="-9.778651" lon="-37.36695">
        <ele>25.47</ele>
      </trkpt>
      <trkpt lat="-9.778675" lon="-37.367135">
        <ele>22.21</ele>
      </trkpt>
      <trkpt lat="-9.778649" lon="-37.367332">
        <ele>20.69</ele>
      </trkpt>
      <trkpt lat="-9.778597" lon="-37.367508">
        <ele>19.61</ele>
      </trkpt>
      <trkpt lat="-9.778168" lon="-37.36844">
        <ele>15</ele>
      </trkpt>
      <trkpt lat="-9.778076" lon="-37.368699">
        <ele>14.84</ele>
      </trkpt>
      <trkpt lat="-9.778036" lon="-37.368859">
        <ele>15.1</ele>
      </trkpt>
      <trkpt lat="-9.77803" lon="-37.369185">
        <ele>16.46</ele>
      </trkpt>
      <trkpt lat="-9.777996" lon="-37.36959">
        <ele>18.95</ele>
      </trkpt>
      <trkpt lat="-9.77796" lon="-37.369753">
        <ele>19.6</ele>
      </trkpt>
      <trkpt lat="-9.777849" lon="-37.36998">
        <ele>20.9</ele>
      </trkpt>
      <trkpt lat="-9.777514" lon="-37.370659">
        <ele>19.87</ele>
      </trkpt>
      <trkpt lat="-9.777291" lon="-37.371112">
        <ele>20.95</ele>
      </trkpt>
      <trkpt lat="-9.777106" lon="-37.37144">
        <ele>22.71</ele>
      </trkpt>
      <trkpt lat="-9.777007" lon="-37.371709">
        <ele>24.34</ele>
      </trkpt>
      <trkpt lat="-9.776789" lon="-37.372574">
        <ele>18.72</ele>
      </trkpt>
      <trkpt lat="-9.776784" lon="-37.372725">
        <ele>18.47</ele>
      </trkpt>
      <trkpt lat="-9.776886" lon="-37.373342">
        <ele>18.37</ele>
      </trkpt>
      <trkpt lat="-9.776858" lon="-37.373529">
        <ele>18.13</ele>
      </trkpt>
      <trkpt lat="-9.77678" lon="-37.373884">
        <ele>18.48</ele>
      </trkpt>
      <trkpt lat="-9.776554" lon="-37.37473">
        <ele>20.48</ele>
      </trkpt>
      <trkpt lat="-9.776253" lon="-37.375859">
        <ele>16.96</ele>
      </trkpt>
      <trkpt lat="-9.776138" lon="-37.376262">
        <ele>18.79</ele>
      </trkpt>
      <trkpt lat="-9.775874" lon="-37.377014">
        <ele>18</ele>
      </trkpt>
      <trkpt lat="-9.775677" lon="-37.377447">
        <ele>20</ele>
      </trkpt>
      <trkpt lat="-9.775503" lon="-37.377692">
        <ele>22.62</ele>
      </trkpt>
      <trkpt lat="-9.77516" lon="-37.377987">
        <ele>27.57</ele>
      </trkpt>
      <trkpt lat="-9.775031" lon="-37.378041">
        <ele>28.93</ele>
      </trkpt>
      <trkpt lat="-9.774467" lon="-37.378206">
        <ele>35.81</ele>
      </trkpt>
      <trkpt lat="-9.773929" lon="-37.378419">
        <ele>43.94</ele>
      </trkpt>
      <trkpt lat="-9.773772" lon="-37.378595">
        <ele>46.92</ele>
      </trkpt>
      <trkpt lat="-9.773685" lon="-37.378735">
        <ele>48.54</ele>
      </trkpt>
      <trkpt lat="-9.773561" lon="-37.378862">
        <ele>49.71</ele>
      </trkpt>
      <trkpt lat="-9.7734" lon="-37.378954">
        <ele>51.41</ele>
      </trkpt>
      <trkpt lat="-9.772842" lon="-37.379157">
        <ele>55.71</ele>
      </trkpt>
      <trkpt lat="-9.772631" lon="-37.379262">
        <ele>56.67</ele>
      </trkpt>
      <trkpt lat="-9.772097" lon="-37.379582">
        <ele>62.17</ele>
      </trkpt>
      <trkpt lat="-9.771604" lon="-37.379955">
        <ele>70.16</ele>
      </trkpt>
      <trkpt lat="-9.77111" lon="-37.380497">
        <ele>78.69</ele>
      </trkpt>
      <trkpt lat="-9.771017" lon="-37.380617">
        <ele>80.07</ele>
      </trkpt>
      <trkpt lat="-9.770956" lon="-37.380773">
        <ele>81.26</ele>
      </trkpt>
      <trkpt lat="-9.770705" lon="-37.381078">
        <ele>81.58</ele>
      </trkpt>
      <trkpt lat="-9.770323" lon="-37.381462">
        <ele>80.1</ele>
      </trkpt>
      <trkpt lat="-9.770071" lon="-37.38164">
        <ele>79.48</ele>
      </trkpt>
      <trkpt lat="-9.769972" lon="-37.381742">
        <ele>78.85</ele>
      </trkpt>
      <trkpt lat="-9.769644" lon="-37.382264">
        <ele>77</ele>
      </trkpt>
      <trkpt lat="-9.769476" lon="-37.382404">
        <ele>77.58</ele>
      </trkpt>
      <trkpt lat="-9.769232" lon="-37.382652">
        <ele>77.99</ele>
      </trkpt>
      <trkpt lat="-9.768497" lon="-37.38318">
        <ele>78.7</ele>
      </trkpt>
      <trkpt lat="-9.767186" lon="-37.38403">
        <ele>82.77</ele>
      </trkpt>
      <trkpt lat="-9.76591" lon="-37.384881">
        <ele>89.22</ele>
      </trkpt>
      <trkpt lat="-9.765478" lon="-37.385148">
        <ele>90.91</ele>
      </trkpt>
      <trkpt lat="-9.76539" lon="-37.38522">
        <ele>91.56</ele>
      </trkpt>
      <trkpt lat="-9.765342" lon="-37.385329">
        <ele>92.91</ele>
      </trkpt>
      <trkpt lat="-9.765324" lon="-37.385466">
        <ele>93.74</ele>
      </trkpt>
      <trkpt lat="-9.765301" lon="-37.386051">
        <ele>97.29</ele>
      </trkpt>
      <trkpt lat="-9.765308" lon="-37.386234">
        <ele>99.05</ele>
      </trkpt>
      <trkpt lat="-9.765344" lon="-37.386393">
        <ele>100.16</ele>
      </trkpt>
      <trkpt lat="-9.765407" lon="-37.386524">
        <ele>101.29</ele>
      </trkpt>
      <trkpt lat="-9.765623" lon="-37.386718">
        <ele>104.12</ele>
      </trkpt>
      <trkpt lat="-9.765867" lon="-37.386899">
        <ele>107.16</ele>
      </trkpt>
      <trkpt lat="-9.766016" lon="-37.387102">
        <ele>109.54</ele>
      </trkpt>
      <trkpt lat="-9.766304" lon="-37.387409">
        <ele>111.75</ele>
      </trkpt>
      <trkpt lat="-9.766346" lon="-37.387515">
        <ele>113.08</ele>
      </trkpt>
      <trkpt lat="-9.766398" lon="-37.387814">
        <ele>115.47</ele>
      </trkpt>
      <trkpt lat="-9.766435" lon="-37.387953">
        <ele>116.49</ele>
      </trkpt>
      <trkpt lat="-9.766511" lon="-37.38815">
        <ele>117.55</ele>
      </trkpt>
      <trkpt lat="-9.766622" lon="-37.388365">
        <ele>118.33</ele>
      </trkpt>
      <trkpt lat="-9.766921" lon="-37.388808">
        <ele>121.9</ele>
      </trkpt>
      <trkpt lat="-9.767008" lon="-37.388965">
        <ele>123.49</ele>
      </trkpt>
      <trkpt lat="-9.767022" lon="-37.389104">
        <ele>124.96</ele>
      </trkpt>
      <trkpt lat="-9.767004" lon="-37.389212">
        <ele>126.42</ele>
      </trkpt>
      <trkpt lat="-9.76673" lon="-37.389695">
        <ele>133.14</ele>
      </trkpt>
      <trkpt lat="-9.766455" lon="-37.390178">
        <ele>137.41</ele>
      </trkpt>
      <trkpt lat="-9.766193" lon="-37.390654">
        <ele>137.96</ele>
      </trkpt>
      <trkpt lat="-9.765942" lon="-37.391121">
        <ele>134.15</ele>
      </trkpt>
      <trkpt lat="-9.764813" lon="-37.393226">
        <ele>99.54</ele>
      </trkpt>
      <trkpt lat="-9.764766" lon="-37.393339">
        <ele>98.68</ele>
      </trkpt>
      <trkpt lat="-9.764755" lon="-37.39344">
        <ele>97.75</ele>
      </trkpt>
      <trkpt lat="-9.764794" lon="-37.393626">
        <ele>96.05</ele>
      </trkpt>
      <trkpt lat="-9.764804" lon="-37.393809">
        <ele>94.17</ele>
      </trkpt>
      <trkpt lat="-9.76478" lon="-37.39398">
        <ele>93.35</ele>
      </trkpt>
      <trkpt lat="-9.764622" lon="-37.394667">
        <ele>88.13</ele>
      </trkpt>
      <trkpt lat="-9.76458" lon="-37.394802">
        <ele>87.39</ele>
      </trkpt>
      <trkpt lat="-9.76418" lon="-37.395498">
        <ele>76.74</ele>
      </trkpt>
      <trkpt lat="-9.764025" lon="-37.395744">
        <ele>72.09</ele>
      </trkpt>
      <trkpt lat="-9.763926" lon="-37.395989">
        <ele>68.17</ele>
      </trkpt>
      <trkpt lat="-9.763906" lon="-37.396083">
        <ele>66.76</ele>
      </trkpt>
      <trkpt lat="-9.76392" lon="-37.396192">
        <ele>64.99</ele>
      </trkpt>
      <trkpt lat="-9.764168" lon="-37.39642">
        <ele>59.51</ele>
      </trkpt>
      <trkpt lat="-9.765206" lon="-37.397163">
        <ele>34.12</ele>
      </trkpt>
      <trkpt lat="-9.765384" lon="-37.39727">
        <ele>29.28</ele>
      </trkpt>
      <trkpt lat="-9.765415" lon="-37.397359">
        <ele>27.36</ele>
      </trkpt>
      <trkpt lat="-9.765428" lon="-37.397482">
        <ele>24.43</ele>
      </trkpt>
      <trkpt lat="-9.765387" lon="-37.397594">
        <ele>22.4</ele>
      </trkpt>
      <trkpt lat="-9.765206" lon="-37.397726">
        <ele>21.38</ele>
      </trkpt>
      <trkpt lat="-9.764893" lon="-37.397887">
        <ele>18.76</ele>
      </trkpt>
      <trkpt lat="-9.764464" lon="-37.398017">
        <ele>15.7</ele>
      </trkpt>
      <trkpt lat="-9.764417" lon="-37.398049">
        <ele>14.87</ele>
      </trkpt>
      <trkpt lat="-9.764269" lon="-37.398336">
        <ele>11.71</ele>
      </trkpt>
      <trkpt lat="-9.764032" lon="-37.398795">
        <ele>13.96</ele>
      </trkpt>
      <trkpt lat="-9.763374" lon="-37.3998">
        <ele>20.11</ele>
      </trkpt>
      <trkpt lat="-9.763163" lon="-37.400066">
        <ele>21.41</ele>
      </trkpt>
      <trkpt lat="-9.763069" lon="-37.400237">
        <ele>21.66</ele>
      </trkpt>
      <trkpt lat="-9.76288" lon="-37.400707">
        <ele>22.68</ele>
      </trkpt>
      <trkpt lat="-9.762792" lon="-37.401158">
        <ele>23.06</ele>
      </trkpt>
      <trkpt lat="-9.762562" lon="-37.401659">
        <ele>25.78</ele>
      </trkpt>
      <trkpt lat="-9.76255" lon="-37.401985">
        <ele>27.7</ele>
      </trkpt>
      <trkpt lat="-9.762602" lon="-37.402135">
        <ele>27.86</ele>
      </trkpt>
      <trkpt lat="-9.762391" lon="-37.402394">
        <ele>30.12</ele>
      </trkpt>
      <trkpt lat="-9.762166" lon="-37.402597">
        <ele>30.56</ele>
      </trkpt>
      <trkpt lat="-9.761749" lon="-37.402908">
        <ele>30</ele>
      </trkpt>
      <trkpt lat="-9.761668" lon="-37.403046">
        <ele>30</ele>
      </trkpt>
      <trkpt lat="-9.761634" lon="-37.403244">
        <ele>30.53</ele>
      </trkpt>
      <trkpt lat="-9.761628" lon="-37.403778">
        <ele>35.78</ele>
      </trkpt>
      <trkpt lat="-9.761602" lon="-37.403862">
        <ele>36.39</ele>
      </trkpt>
      <trkpt lat="-9.76153" lon="-37.40395">
        <ele>36.89</ele>
      </trkpt>
      <trkpt lat="-9.761426" lon="-37.404151">
        <ele>37.32</ele>
      </trkpt>
      <trkpt lat="-9.761412" lon="-37.404256">
        <ele>37.85</ele>
      </trkpt>
      <trkpt lat="-9.761459" lon="-37.404387">
        <ele>38.92</ele>
      </trkpt>
      <trkpt lat="-9.761574" lon="-37.404522">
        <ele>39.47</ele>
      </trkpt>
      <trkpt lat="-9.761781" lon="-37.404709">
        <ele>38.36</ele>
      </trkpt>
      <trkpt lat="-9.762193" lon="-37.405083">
        <ele>32.55</ele>
      </trkpt>
      <trkpt lat="-9.762354" lon="-37.405167">
        <ele>29.87</ele>
      </trkpt>
      <trkpt lat="-9.762736" lon="-37.405251">
        <ele>24.66</ele>
      </trkpt>
      <trkpt lat="-9.762877" lon="-37.405297">
        <ele>22.37</ele>
      </trkpt>
      <trkpt lat="-9.762986" lon="-37.405383">
        <ele>20.24</ele>
      </trkpt>
      <trkpt lat="-9.76308" lon="-37.405585">
        <ele>17.09</ele>
      </trkpt>
      <trkpt lat="-9.763098" lon="-37.405694">
        <ele>16.06</ele>
      </trkpt>
      <trkpt lat="-9.763081" lon="-37.405825">
        <ele>15.49</ele>
      </trkpt>
      <trkpt lat="-9.763025" lon="-37.405966">
        <ele>15.34</ele>
      </trkpt>
      <trkpt lat="-9.762861" lon="-37.406187">
        <ele>15.45</ele>
      </trkpt>
      <trkpt lat="-9.762644" lon="-37.406392">
        <ele>16.45</ele>
      </trkpt>
      <trkpt lat="-9.762374" lon="-37.406601">
        <ele>18.17</ele>
      </trkpt>
      <trkpt lat="-9.76216" lon="-37.40685">
        <ele>18.74</ele>
      </trkpt>
      <trkpt lat="-9.761759" lon="-37.407429">
        <ele>18.15</ele>
      </trkpt>
      <trkpt lat="-9.761437" lon="-37.407815">
        <ele>19.27</ele>
      </trkpt>
      <trkpt lat="-9.761218" lon="-37.408038">
        <ele>20.52</ele>
      </trkpt>
      <trkpt lat="-9.760648" lon="-37.40853">
        <ele>21.54</ele>
      </trkpt>
      <trkpt lat="-9.760121" lon="-37.4091">
        <ele>21.51</ele>
      </trkpt>
      <trkpt lat="-9.759907" lon="-37.409373">
        <ele>19.78</ele>
      </trkpt>
      <trkpt lat="-9.759786" lon="-37.40958">
        <ele>17.83</ele>
      </trkpt>
      <trkpt lat="-9.759422" lon="-37.410201">
        <ele>18.06</ele>
      </trkpt>
      <trkpt lat="-9.758879" lon="-37.411283">
        <ele>16</ele>
      </trkpt>
      <trkpt lat="-9.758427" lon="-37.412194">
        <ele>16</ele>
      </trkpt>
      <trkpt lat="-9.757078" lon="-37.414823">
        <ele>17.43</ele>
      </trkpt>
      <trkpt lat="-9.756856" lon="-37.415321">
        <ele>16.71</ele>
      </trkpt>
      <trkpt lat="-9.755914" lon="-37.417314">
        <ele>17.21</ele>
      </trkpt>
      <trkpt lat="-9.755848" lon="-37.417417">
        <ele>17.44</ele>
      </trkpt>
      <trkpt lat="-9.75574" lon="-37.417543">
        <ele>17.36</ele>
      </trkpt>
      <trkpt lat="-9.755636" lon="-37.417727">
        <ele>17.23</ele>
      </trkpt>
      <trkpt lat="-9.755513" lon="-37.417982">
        <ele>17.96</ele>
      </trkpt>
      <trkpt lat="-9.754894" lon="-37.419535">
        <ele>18.61</ele>
      </trkpt>
      <trkpt lat="-9.754432" lon="-37.420646">
        <ele>18.66</ele>
      </trkpt>
      <trkpt lat="-9.754197" lon="-37.421032">
        <ele>17.13</ele>
      </trkpt>
      <trkpt lat="-9.753924" lon="-37.421552">
        <ele>18</ele>
      </trkpt>
      <trkpt lat="-9.753878" lon="-37.421675">
        <ele>18.28</ele>
      </trkpt>
      <trkpt lat="-9.753865" lon="-37.421988">
        <ele>19.68</ele>
      </trkpt>
      <trkpt lat="-9.753868" lon="-37.422143">
        <ele>19.67</ele>
      </trkpt>
      <trkpt lat="-9.753841" lon="-37.422348">
        <ele>19.63</ele>
      </trkpt>
      <trkpt lat="-9.75369" lon="-37.422937">
        <ele>19.24</ele>
      </trkpt>
      <trkpt lat="-9.753499" lon="-37.423372">
        <ele>18.66</ele>
      </trkpt>
      <trkpt lat="-9.753464" lon="-37.423433">
        <ele>19.07</ele>
      </trkpt>
      <trkpt lat="-9.753265" lon="-37.423928">
        <ele>19.84</ele>
      </trkpt>
      <trkpt lat="-9.753142" lon="-37.424205">
        <ele>19.89</ele>
      </trkpt>
      <trkpt lat="-9.752099" lon="-37.426135">
        <ele>19</ele>
      </trkpt>
      <trkpt lat="-9.751973" lon="-37.426411">
        <ele>19</ele>
      </trkpt>
      <trkpt lat="-9.751593" lon="-37.427423">
        <ele>19</ele>
      </trkpt>
      <trkpt lat="-9.751136" lon="-37.428689">
        <ele>20.06</ele>
      </trkpt>
      <trkpt lat="-9.750966" lon="-37.428629">
        <ele>19.71</ele>
      </trkpt>
      <trkpt lat="-9.750632" lon="-37.429533">
        <ele>21</ele>
      </trkpt>
      <trkpt lat="-9.750601" lon="-37.429638">
        <ele>20.46</ele>
      </trkpt>
      <trkpt lat="-9.750178" lon="-37.430808">
        <ele>21</ele>
      </trkpt>
      <trkpt lat="-9.750009" lon="-37.431316">
        <ele>21</ele>
      </trkpt>
      <trkpt lat="-9.749587" lon="-37.432435">
        <ele>20.15</ele>
      </trkpt>
      <trkpt lat="-9.749513" lon="-37.432697">
        <ele>20.36</ele>
      </trkpt>
      <trkpt lat="-9.749502" lon="-37.432834">
        <ele>20.42</ele>
      </trkpt>
      <trkpt lat="-9.749502" lon="-37.433098">
        <ele>20.13</ele>
      </trkpt>
      <trkpt lat="-9.749378" lon="-37.434183">
        <ele>22</ele>
      </trkpt>
      <trkpt lat="-9.749326" lon="-37.434697">
        <ele>23</ele>
      </trkpt>
      <trkpt lat="-9.749261" lon="-37.435197">
        <ele>22.16</ele>
      </trkpt>
      <trkpt lat="-9.749219" lon="-37.435569">
        <ele>22.91</ele>
      </trkpt>
      <trkpt lat="-9.749105" lon="-37.437056">
        <ele>21</ele>
      </trkpt>
      <trkpt lat="-9.74907" lon="-37.437704">
        <ele>21</ele>
      </trkpt>
      <trkpt lat="-9.749035" lon="-37.439144">
        <ele>20.85</ele>
      </trkpt>
      <trkpt lat="-9.749036" lon="-37.439156">
        <ele>20.85</ele>
      </trkpt>
      <trkpt lat="-9.749051" lon="-37.439171">
        <ele>20.92</ele>
      </trkpt>
      <trkpt lat="-9.749172" lon="-37.439183">
        <ele>21</ele>
      </trkpt>
      <trkpt lat="-9.74916" lon="-37.439665">
        <ele>21</ele>
      </trkpt>
      <trkpt lat="-9.749143" lon="-37.439998">
        <ele>19.65</ele>
      </trkpt>
      <trkpt lat="-9.749171" lon="-37.440356">
        <ele>19.63</ele>
      </trkpt>
      <trkpt lat="-9.749265" lon="-37.440956">
        <ele>17.87</ele>
      </trkpt>
      <trkpt lat="-9.749502" lon="-37.44167">
        <ele>18.85</ele>
      </trkpt>
      <trkpt lat="-9.749561" lon="-37.44178">
        <ele>18.92</ele>
      </trkpt>
      <trkpt lat="-9.749889" lon="-37.442012">
        <ele>19</ele>
      </trkpt>
      <trkpt lat="-9.750024" lon="-37.44291">
        <ele>17.67</ele>
      </trkpt>
      <trkpt lat="-9.750097" lon="-37.443527">
        <ele>17.37</ele>
      </trkpt>
      <trkpt lat="-9.750086" lon="-37.443826">
        <ele>17.48</ele>
      </trkpt>
      <trkpt lat="-9.750023" lon="-37.444223">
        <ele>17.8</ele>
      </trkpt>
      <trkpt lat="-9.749999" lon="-37.444654">
        <ele>18.13</ele>
      </trkpt>
      <trkpt lat="-9.749943" lon="-37.445085">
        <ele>18.47</ele>
      </trkpt>
      <trkpt lat="-9.749914" lon="-37.445578">
        <ele>18.85</ele>
      </trkpt>
      <trkpt lat="-9.749892" lon="-37.445671">
        <ele>18.93</ele>
      </trkpt>
      <trkpt lat="-9.749858" lon="-37.445757">
        <ele>19</ele>
      </trkpt>
      <trkpt lat="-9.749604" lon="-37.446133">
        <ele>19.09</ele>
      </trkpt>
      <trkpt lat="-9.748997" lon="-37.446898">
        <ele>18.97</ele>
      </trkpt>
      <trkpt lat="-9.748873" lon="-37.447068">
        <ele>18.99</ele>
      </trkpt>
      <trkpt lat="-9.748737" lon="-37.447228">
        <ele>19.06</ele>
      </trkpt>
      <trkpt lat="-9.748533" lon="-37.447531">
        <ele>19.66</ele>
      </trkpt>
      <trkpt lat="-9.748074" lon="-37.447655">
        <ele>21</ele>
      </trkpt>
      <trkpt lat="-9.748011" lon="-37.447693">
        <ele>21.12</ele>
      </trkpt>
      <trkpt lat="-9.747971" lon="-37.447748">
        <ele>21.39</ele>
      </trkpt>
      <trkpt lat="-9.747531" lon="-37.44851">
        <ele>21</ele>
      </trkpt>
      <trkpt lat="-9.747303" lon="-37.448875">
        <ele>20.35</ele>
      </trkpt>
      <trkpt lat="-9.747036" lon="-37.44868">
        <ele>20.02</ele>
      </trkpt>
      <trkpt lat="-9.746923" lon="-37.448615">
        <ele>19.42</ele>
      </trkpt>
      <trkpt lat="-9.746686" lon="-37.448419">
        <ele>18.97</ele>
      </trkpt>
      <trkpt lat="-9.7465" lon="-37.448569">
        <ele>18</ele>
      </trkpt>
      <trkpt lat="-9.746141" lon="-37.44882">
        <ele>18.11</ele>
      </trkpt>
      <trkpt lat="-9.745869" lon="-37.448991">
        <ele>19.1</ele>
      </trkpt>
      <trkpt lat="-9.745346" lon="-37.449294">
        <ele>20</ele>
      </trkpt>
      <trkpt lat="-9.744767" lon="-37.449597">
        <ele>23.97</ele>
      </trkpt>
      <trkpt lat="-9.743828" lon="-37.450135">
        <ele>31.42</ele>
      </trkpt>
      <trkpt lat="-9.743369" lon="-37.450399">
        <ele>33.56</ele>
      </trkpt>
      <trkpt lat="-9.742967" lon="-37.450604">
        <ele>34.98</ele>
      </trkpt>
      <trkpt lat="-9.742716" lon="-37.45075">
        <ele>34.1</ele>
      </trkpt>
      <trkpt lat="-9.741465" lon="-37.45148">
        <ele>23.17</ele>
      </trkpt>
      <trkpt lat="-9.741108" lon="-37.451684">
        <ele>21.29</ele>
      </trkpt>
      <trkpt lat="-9.740471" lon="-37.452029">
        <ele>19</ele>
      </trkpt>
      <trkpt lat="-9.740402" lon="-37.452087">
        <ele>18.9</ele>
      </trkpt>
      <trkpt lat="-9.740299" lon="-37.452145">
        <ele>18.29</ele>
      </trkpt>
      <trkpt lat="-9.739992" lon="-37.452363">
        <ele>17.64</ele>
      </trkpt>
      <trkpt lat="-9.739706" lon="-37.45258">
        <ele>17.24</ele>
      </trkpt>
      <trkpt lat="-9.739491" lon="-37.452773">
        <ele>18.09</ele>
      </trkpt>
      <trkpt lat="-9.738899" lon="-37.4531">
        <ele>18</ele>
      </trkpt>
      <trkpt lat="-9.73832" lon="-37.453366">
        <ele>18.67</ele>
      </trkpt>
      <trkpt lat="-9.73818" lon="-37.4534">
        <ele>19</ele>
      </trkpt>
      <trkpt lat="-9.738016" lon="-37.453415">
        <ele>19</ele>
      </trkpt>
      <trkpt lat="-9.73641" lon="-37.453527">
        <ele>19</ele>
      </trkpt>
      <trkpt lat="-9.736034" lon="-37.45359">
        <ele>19</ele>
      </trkpt>
      <trkpt lat="-9.734553" lon="-37.453895">
        <ele>18.63</ele>
      </trkpt>
      <trkpt lat="-9.733926" lon="-37.45405">
        <ele>18.46</ele>
      </trkpt>
      <trkpt lat="-9.733757" lon="-37.454076">
        <ele>18.02</ele>
      </trkpt>
      <trkpt lat="-9.733005" lon="-37.454111">
        <ele>16.26</ele>
      </trkpt>
      <trkpt lat="-9.732728" lon="-37.454157">
        <ele>16.78</ele>
      </trkpt>
      <trkpt lat="-9.73226" lon="-37.454268">
        <ele>17.44</ele>
      </trkpt>
      <trkpt lat="-9.731949" lon="-37.454246">
        <ele>16.73</ele>
      </trkpt>
      <trkpt lat="-9.73168" lon="-37.454287">
        <ele>16.66</ele>
      </trkpt>
      <trkpt lat="-9.731611" lon="-37.45433">
        <ele>16.69</ele>
      </trkpt>
      <trkpt lat="-9.730862" lon="-37.455144">
        <ele>17.88</ele>
      </trkpt>
      <trkpt lat="-9.729869" lon="-37.456335">
        <ele>18.44</ele>
      </trkpt>
      <trkpt lat="-9.729308" lon="-37.457038">
        <ele>18.67</ele>
      </trkpt>
      <trkpt lat="-9.72912" lon="-37.45722">
        <ele>18.71</ele>
      </trkpt>
      <trkpt lat="-9.728392" lon="-37.457615">
        <ele>20.76</ele>
      </trkpt>
      <trkpt lat="-9.728313" lon="-37.457679">
        <ele>20.81</ele>
      </trkpt>
      <trkpt lat="-9.728258" lon="-37.457745">
        <ele>20.74</ele>
      </trkpt>
      <trkpt lat="-9.728092" lon="-37.458031">
        <ele>18.59</ele>
      </trkpt>
      <trkpt lat="-9.727966" lon="-37.458228">
        <ele>16.77</ele>
      </trkpt>
      <trkpt lat="-9.727673" lon="-37.458632">
        <ele>18.34</ele>
      </trkpt>
      <trkpt lat="-9.727124" lon="-37.459248">
        <ele>23.16</ele>
      </trkpt>
      <trkpt lat="-9.726758" lon="-37.459659">
        <ele>28.3</ele>
      </trkpt>
      <trkpt lat="-9.726245" lon="-37.460314">
        <ele>35.54</ele>
      </trkpt>
      <trkpt lat="-9.725903" lon="-37.460751">
        <ele>37.85</ele>
      </trkpt>
      <trkpt lat="-9.725599" lon="-37.461214">
        <ele>35.32</ele>
      </trkpt>
      <trkpt lat="-9.725296" lon="-37.461677">
        <ele>37.49</ele>
      </trkpt>
      <trkpt lat="-9.725104" lon="-37.461856">
        <ele>41.04</ele>
      </trkpt>
      <trkpt lat="-9.724701" lon="-37.462128">
        <ele>46.92</ele>
      </trkpt>
      <trkpt lat="-9.724499" lon="-37.462263">
        <ele>48.26</ele>
      </trkpt>
      <trkpt lat="-9.72415" lon="-37.462475">
        <ele>46.06</ele>
      </trkpt>
      <trkpt lat="-9.724088" lon="-37.462547">
        <ele>45.82</ele>
      </trkpt>
      <trkpt lat="-9.724048" lon="-37.462625">
        <ele>45.27</ele>
      </trkpt>
      <trkpt lat="-9.724031" lon="-37.462719">
        <ele>44.98</ele>
      </trkpt>
      <trkpt lat="-9.724042" lon="-37.462818">
        <ele>44.4</ele>
      </trkpt>
      <trkpt lat="-9.724081" lon="-37.462944">
        <ele>43.74</ele>
      </trkpt>
      <trkpt lat="-9.724343" lon="-37.463446">
        <ele>39.06</ele>
      </trkpt>
      <trkpt lat="-9.724405" lon="-37.463618">
        <ele>36.71</ele>
      </trkpt>
      <trkpt lat="-9.724434" lon="-37.463765">
        <ele>34.71</ele>
      </trkpt>
      <trkpt lat="-9.724427" lon="-37.463832">
        <ele>34.28</ele>
      </trkpt>
      <trkpt lat="-9.724395" lon="-37.463915">
        <ele>33.6</ele>
      </trkpt>
      <trkpt lat="-9.724238" lon="-37.464207">
        <ele>33.66</ele>
      </trkpt>
      <trkpt lat="-9.723913" lon="-37.464666">
        <ele>34.6</ele>
      </trkpt>
      <trkpt lat="-9.723791" lon="-37.464803">
        <ele>36.15</ele>
      </trkpt>
      <trkpt lat="-9.723696" lon="-37.464867">
        <ele>37.2</ele>
      </trkpt>
      <trkpt lat="-9.723571" lon="-37.464931">
        <ele>37.95</ele>
      </trkpt>
      <trkpt lat="-9.72337" lon="-37.464999">
        <ele>38.81</ele>
      </trkpt>
      <trkpt lat="-9.723118" lon="-37.465123">
        <ele>41.06</ele>
      </trkpt>
      <trkpt lat="-9.722838" lon="-37.465302">
        <ele>42.98</ele>
      </trkpt>
      <trkpt lat="-9.722547" lon="-37.465533">
        <ele>45.86</ele>
      </trkpt>
      <trkpt lat="-9.722374" lon="-37.465701">
        <ele>48.08</ele>
      </trkpt>
      <trkpt lat="-9.722262" lon="-37.465871">
        <ele>50.35</ele>
      </trkpt>
      <trkpt lat="-9.722081" lon="-37.466232">
        <ele>53.96</ele>
      </trkpt>
      <trkpt lat="-9.722016" lon="-37.466326">
        <ele>55.39</ele>
      </trkpt>
      <trkpt lat="-9.721941" lon="-37.466414">
        <ele>56.4</ele>
      </trkpt>
      <trkpt lat="-9.721651" lon="-37.466662">
        <ele>58.84</ele>
      </trkpt>
      <trkpt lat="-9.721572" lon="-37.466746">
        <ele>58.98</ele>
      </trkpt>
      <trkpt lat="-9.721401" lon="-37.467082">
        <ele>58.91</ele>
      </trkpt>
      <trkpt lat="-9.721361" lon="-37.467134">
        <ele>58.73</ele>
      </trkpt>
      <trkpt lat="-9.720988" lon="-37.467481">
        <ele>60.83</ele>
      </trkpt>
      <trkpt lat="-9.720629" lon="-37.467958">
        <ele>57.89</ele>
      </trkpt>
      <trkpt lat="-9.720447" lon="-37.468161">
        <ele>57.84</ele>
      </trkpt>
      <trkpt lat="-9.720343" lon="-37.468256">
        <ele>57.74</ele>
      </trkpt>
      <trkpt lat="-9.720226" lon="-37.468347">
        <ele>57.44</ele>
      </trkpt>
      <trkpt lat="-9.720138" lon="-37.468389">
        <ele>56.68</ele>
      </trkpt>
      <trkpt lat="-9.720019" lon="-37.468428">
        <ele>55.22</ele>
      </trkpt>
      <trkpt lat="-9.719709" lon="-37.468487">
        <ele>51.29</ele>
      </trkpt>
      <trkpt lat="-9.719399" lon="-37.468545">
        <ele>49.79</ele>
      </trkpt>
      <trkpt lat="-9.719263" lon="-37.46859">
        <ele>50.89</ele>
      </trkpt>
      <trkpt lat="-9.71912" lon="-37.468669">
        <ele>53.6</ele>
      </trkpt>
      <trkpt lat="-9.718911" lon="-37.468852">
        <ele>57.32</ele>
      </trkpt>
      <trkpt lat="-9.718493" lon="-37.469218">
        <ele>59.25</ele>
      </trkpt>
      <trkpt lat="-9.717974" lon="-37.469714">
        <ele>59.58</ele>
      </trkpt>
      <trkpt lat="-9.717505" lon="-37.470136">
        <ele>61.14</ele>
      </trkpt>
      <trkpt lat="-9.716844" lon="-37.471027">
        <ele>58.66</ele>
      </trkpt>
      <trkpt lat="-9.716514" lon="-37.471473">
        <ele>54.97</ele>
      </trkpt>
      <trkpt lat="-9.716018" lon="-37.472142">
        <ele>46.66</ele>
      </trkpt>
      <trkpt lat="-9.715837" lon="-37.472452">
        <ele>43.51</ele>
      </trkpt>
      <trkpt lat="-9.715151" lon="-37.473426">
        <ele>37.89</ele>
      </trkpt>
      <trkpt lat="-9.715072" lon="-37.473704">
        <ele>37.11</ele>
      </trkpt>
      <trkpt lat="-9.71505" lon="-37.474844">
        <ele>32.59</ele>
      </trkpt>
      <trkpt lat="-9.715027" lon="-37.475221">
        <ele>31.53</ele>
      </trkpt>
      <trkpt lat="-9.715063" lon="-37.475531">
        <ele>30.25</ele>
      </trkpt>
      <trkpt lat="-9.715271" lon="-37.475948">
        <ele>29.11</ele>
      </trkpt>
      <trkpt lat="-9.715523" lon="-37.476276">
        <ele>28.27</ele>
      </trkpt>
      <trkpt lat="-9.716147" lon="-37.476828">
        <ele>27.1</ele>
      </trkpt>
      <trkpt lat="-9.716686" lon="-37.477263">
        <ele>26.05</ele>
      </trkpt>
      <trkpt lat="-9.717036" lon="-37.477524">
        <ele>25.02</ele>
      </trkpt>
      <trkpt lat="-9.717567" lon="-37.477712">
        <ele>24.92</ele>
      </trkpt>
      <trkpt lat="-9.717899" lon="-37.47778">
        <ele>26.68</ele>
      </trkpt>
      <trkpt lat="-9.71827" lon="-37.477811">
        <ele>27.68</ele>
      </trkpt>
      <trkpt lat="-9.718749" lon="-37.477761">
        <ele>27.83</ele>
      </trkpt>
      <trkpt lat="-9.718831" lon="-37.477896">
        <ele>24.88</ele>
      </trkpt>
      <trkpt lat="-9.718956" lon="-37.478266">
        <ele>20.31</ele>
      </trkpt>
      <trkpt lat="-9.719138" lon="-37.478896">
        <ele>26.94</ele>
      </trkpt>
      <trkpt lat="-9.719137" lon="-37.479032">
        <ele>29.27</ele>
      </trkpt>
      <trkpt lat="-9.719011" lon="-37.479156">
        <ele>32.21</ele>
      </trkpt>
      <trkpt lat="-9.718846" lon="-37.479212">
        <ele>34.22</ele>
      </trkpt>
      <trkpt lat="-9.718602" lon="-37.479351">
        <ele>37.44</ele>
      </trkpt>
      <trkpt lat="-9.718306" lon="-37.479602">
        <ele>43.32</ele>
      </trkpt>
      <trkpt lat="-9.718107" lon="-37.479799">
        <ele>47.88</ele>
      </trkpt>
      <trkpt lat="-9.717899" lon="-37.480284">
        <ele>57.31</ele>
      </trkpt>
      <trkpt lat="-9.717784" lon="-37.480621">
        <ele>63.46</ele>
      </trkpt>
      <trkpt lat="-9.717633" lon="-37.480998">
        <ele>68.66</ele>
      </trkpt>
      <trkpt lat="-9.717633" lon="-37.481586">
        <ele>78.92</ele>
      </trkpt>
      <trkpt lat="-9.71758" lon="-37.481783">
        <ele>79.88</ele>
      </trkpt>
      <trkpt lat="-9.717602" lon="-37.481949">
        <ele>81.45</ele>
      </trkpt>
      <trkpt lat="-9.717695" lon="-37.482057">
        <ele>83.14</ele>
      </trkpt>
      <trkpt lat="-9.717956" lon="-37.482053">
        <ele>88.85</ele>
      </trkpt>
      <trkpt lat="-9.718279" lon="-37.482071">
        <ele>95.66</ele>
      </trkpt>
      <trkpt lat="-9.718394" lon="-37.482169">
        <ele>96.23</ele>
      </trkpt>
      <trkpt lat="-9.718615" lon="-37.482264">
        <ele>97.99</ele>
      </trkpt>
      <trkpt lat="-9.719097" lon="-37.482573">
        <ele>99.87</ele>
      </trkpt>
      <trkpt lat="-9.719265" lon="-37.48278">
        <ele>99.79</ele>
      </trkpt>
      <trkpt lat="-9.719375" lon="-37.483449">
        <ele>102.24</ele>
      </trkpt>
      <trkpt lat="-9.719428" lon="-37.483651">
        <ele>102.93</ele>
      </trkpt>
      <trkpt lat="-9.719475" lon="-37.484069">
        <ele>104.02</ele>
      </trkpt>
      <trkpt lat="-9.719344" lon="-37.484484">
        <ele>105.97</ele>
      </trkpt>
      <trkpt lat="-9.719291" lon="-37.484767">
        <ele>107.27</ele>
      </trkpt>
      <trkpt lat="-9.719287" lon="-37.484999">
        <ele>107.31</ele>
      </trkpt>
      <trkpt lat="-9.719231" lon="-37.485176">
        <ele>107.97</ele>
      </trkpt>
      <trkpt lat="-9.719015" lon="-37.485424">
        <ele>108.06</ele>
      </trkpt>
      <trkpt lat="-9.718828" lon="-37.485595">
        <ele>108.31</ele>
      </trkpt>
      <trkpt lat="-9.718612" lon="-37.485706">
        <ele>109</ele>
      </trkpt>
      <trkpt lat="-9.718415" lon="-37.485697">
        <ele>107.73</ele>
      </trkpt>
      <trkpt lat="-9.718202" lon="-37.485754">
        <ele>107.13</ele>
      </trkpt>
      <trkpt lat="-9.717542" lon="-37.486078">
        <ele>111.2</ele>
      </trkpt>
      <trkpt lat="-9.717367" lon="-37.486284">
        <ele>113.84</ele>
      </trkpt>
      <trkpt lat="-9.717191" lon="-37.48649">
        <ele>114.1</ele>
      </trkpt>
      <trkpt lat="-9.716694" lon="-37.486754">
        <ele>112.68</ele>
      </trkpt>
      <trkpt lat="-9.716228" lon="-37.486858">
        <ele>109.86</ele>
      </trkpt>
      <trkpt lat="-9.716034" lon="-37.487008">
        <ele>109.41</ele>
      </trkpt>
      <trkpt lat="-9.715828" lon="-37.487201">
        <ele>109.44</ele>
      </trkpt>
      <trkpt lat="-9.715243" lon="-37.487506">
        <ele>108.01</ele>
      </trkpt>
      <trkpt lat="-9.715199" lon="-37.487665">
        <ele>108.62</ele>
      </trkpt>
      <trkpt lat="-9.715164" lon="-37.487931">
        <ele>110.06</ele>
      </trkpt>
      <trkpt lat="-9.715039" lon="-37.488433">
        <ele>109.99</ele>
      </trkpt>
      <trkpt lat="-9.714839" lon="-37.488905">
        <ele>110.37</ele>
      </trkpt>
      <trkpt lat="-9.714645" lon="-37.489277">
        <ele>109.24</ele>
      </trkpt>
      <trkpt lat="-9.714404" lon="-37.489556">
        <ele>107.08</ele>
      </trkpt>
      <trkpt lat="-9.714235" lon="-37.489807">
        <ele>105.73</ele>
      </trkpt>
      <trkpt lat="-9.71406" lon="-37.489962">
        <ele>106.46</ele>
      </trkpt>
      <trkpt lat="-9.713638" lon="-37.490146">
        <ele>108.76</ele>
      </trkpt>
      <trkpt lat="-9.713459" lon="-37.490308">
        <ele>110.64</ele>
      </trkpt>
      <trkpt lat="-9.713184" lon="-37.490699">
        <ele>114.91</ele>
      </trkpt>
      <trkpt lat="-9.713003" lon="-37.490784">
        <ele>115.51</ele>
      </trkpt>
      <trkpt lat="-9.712821" lon="-37.491026">
        <ele>118.57</ele>
      </trkpt>
      <trkpt lat="-9.712558" lon="-37.491311">
        <ele>121.3</ele>
      </trkpt>
      <trkpt lat="-9.711942" lon="-37.492958">
        <ele>140.44</ele>
      </trkpt>
      <trkpt lat="-9.711767" lon="-37.493228">
        <ele>142.3</ele>
      </trkpt>
      <trkpt lat="-9.711495" lon="-37.494015">
        <ele>148.2</ele>
      </trkpt>
      <trkpt lat="-9.711454" lon="-37.494238">
        <ele>150.02</ele>
      </trkpt>
      <trkpt lat="-9.711342" lon="-37.494406">
        <ele>150.07</ele>
      </trkpt>
      <trkpt lat="-9.711001" lon="-37.494828">
        <ele>149.06</ele>
      </trkpt>
      <trkpt lat="-9.710559" lon="-37.495498">
        <ele>150.21</ele>
      </trkpt>
      <trkpt lat="-9.710478" lon="-37.495688">
        <ele>150.36</ele>
      </trkpt>
      <trkpt lat="-9.710378" lon="-37.496427">
        <ele>154.5</ele>
      </trkpt>
      <trkpt lat="-9.710572" lon="-37.4981">
        <ele>158.87</ele>
      </trkpt>
      <trkpt lat="-9.710631" lon="-37.498687">
        <ele>158.29</ele>
      </trkpt>
      <trkpt lat="-9.710631" lon="-37.499224">
        <ele>157.29</ele>
      </trkpt>
      <trkpt lat="-9.710781" lon="-37.500121">
        <ele>157.48</ele>
      </trkpt>
      <trkpt lat="-9.710847" lon="-37.500734">
        <ele>159</ele>
      </trkpt>
      <trkpt lat="-9.71088" lon="-37.50104">
        <ele>158.21</ele>
      </trkpt>
      <trkpt lat="-9.710935" lon="-37.501392">
        <ele>156.24</ele>
      </trkpt>
      <trkpt lat="-9.711154" lon="-37.50221">
        <ele>154</ele>
      </trkpt>
      <trkpt lat="-9.711227" lon="-37.502353">
        <ele>153.65</ele>
      </trkpt>
      <trkpt lat="-9.711276" lon="-37.502551">
        <ele>152.5</ele>
      </trkpt>
      <trkpt lat="-9.711271" lon="-37.502834">
        <ele>150.86</ele>
      </trkpt>
      <trkpt lat="-9.711297" lon="-37.503283">
        <ele>150</ele>
      </trkpt>
      <trkpt lat="-9.711253" lon="-37.50357">
        <ele>151.83</ele>
      </trkpt>
      <trkpt lat="-9.711271" lon="-37.503758">
        <ele>153.52</ele>
      </trkpt>
      <trkpt lat="-9.711328" lon="-37.503864">
        <ele>154.18</ele>
      </trkpt>
      <trkpt lat="-9.711505" lon="-37.504009">
        <ele>155.95</ele>
      </trkpt>
      <trkpt lat="-9.711911" lon="-37.504442">
        <ele>155.08</ele>
      </trkpt>
      <trkpt lat="-9.711979" lon="-37.504614">
        <ele>154.51</ele>
      </trkpt>
      <trkpt lat="-9.711987" lon="-37.504756">
        <ele>153.36</ele>
      </trkpt>
      <trkpt lat="-9.711919" lon="-37.504981">
        <ele>150.75</ele>
      </trkpt>
      <trkpt lat="-9.711638" lon="-37.505221">
        <ele>147.18</ele>
      </trkpt>
      <trkpt lat="-9.711599" lon="-37.505395">
        <ele>144.93</ele>
      </trkpt>
      <trkpt lat="-9.711599" lon="-37.505715">
        <ele>141.2</ele>
      </trkpt>
      <trkpt lat="-9.71157" lon="-37.505868">
        <ele>139.26</ele>
      </trkpt>
      <trkpt lat="-9.711336" lon="-37.506098">
        <ele>135.2</ele>
      </trkpt>
      <trkpt lat="-9.711086" lon="-37.506259">
        <ele>132.8</ele>
      </trkpt>
      <trkpt lat="-9.710875" lon="-37.506462">
        <ele>128.76</ele>
      </trkpt>
      <trkpt lat="-9.710664" lon="-37.506666">
        <ele>128.22</ele>
      </trkpt>
      <trkpt lat="-9.710563" lon="-37.506827">
        <ele>129.72</ele>
      </trkpt>
      <trkpt lat="-9.710237" lon="-37.507632">
        <ele>138.08</ele>
      </trkpt>
      <trkpt lat="-9.710151" lon="-37.507754">
        <ele>139.29</ele>
      </trkpt>
      <trkpt lat="-9.710026" lon="-37.507838">
        <ele>141.04</ele>
      </trkpt>
      <trkpt lat="-9.709956" lon="-37.508021">
        <ele>143.99</ele>
      </trkpt>
      <trkpt lat="-9.709974" lon="-37.508338">
        <ele>147.47</ele>
      </trkpt>
      <trkpt lat="-9.710044" lon="-37.508736">
        <ele>150.63</ele>
      </trkpt>
      <trkpt lat="-9.710068" lon="-37.509117">
        <ele>153.38</ele>
      </trkpt>
      <trkpt lat="-9.710111" lon="-37.509309">
        <ele>154.58</ele>
      </trkpt>
      <trkpt lat="-9.710166" lon="-37.50978">
        <ele>157.53</ele>
      </trkpt>
      <trkpt lat="-9.710431" lon="-37.510667">
        <ele>161.97</ele>
      </trkpt>
      <trkpt lat="-9.710567" lon="-37.511052">
        <ele>162.91</ele>
      </trkpt>
      <trkpt lat="-9.710725" lon="-37.511298">
        <ele>163.84</ele>
      </trkpt>
      <trkpt lat="-9.710755" lon="-37.511567">
        <ele>164.02</ele>
      </trkpt>
      <trkpt lat="-9.710823" lon="-37.511668">
        <ele>164.42</ele>
      </trkpt>
      <trkpt lat="-9.710911" lon="-37.511851">
        <ele>164.9</ele>
      </trkpt>
      <trkpt lat="-9.711018" lon="-37.512204">
        <ele>164.3</ele>
      </trkpt>
      <trkpt lat="-9.711123" lon="-37.512415">
        <ele>163.62</ele>
      </trkpt>
      <trkpt lat="-9.711182" lon="-37.512574">
        <ele>163.3</ele>
      </trkpt>
      <trkpt lat="-9.711267" lon="-37.513334">
        <ele>160.88</ele>
      </trkpt>
      <trkpt lat="-9.711222" lon="-37.513614">
        <ele>159.55</ele>
      </trkpt>
      <trkpt lat="-9.711147" lon="-37.514409">
        <ele>158.66</ele>
      </trkpt>
      <trkpt lat="-9.71109" lon="-37.514802">
        <ele>156.99</ele>
      </trkpt>
      <trkpt lat="-9.710989" lon="-37.515033">
        <ele>155.28</ele>
      </trkpt>
      <trkpt lat="-9.710943" lon="-37.515203">
        <ele>153.19</ele>
      </trkpt>
      <trkpt lat="-9.710911" lon="-37.5155">
        <ele>151.09</ele>
      </trkpt>
      <trkpt lat="-9.710875" lon="-37.515633">
        <ele>150.44</ele>
      </trkpt>
      <trkpt lat="-9.710784" lon="-37.515763">
        <ele>149.69</ele>
      </trkpt>
      <trkpt lat="-9.710512" lon="-37.515995">
        <ele>148.24</ele>
      </trkpt>
      <trkpt lat="-9.710282" lon="-37.51623">
        <ele>148.25</ele>
      </trkpt>
      <trkpt lat="-9.709991" lon="-37.516486">
        <ele>151.01</ele>
      </trkpt>
      <trkpt lat="-9.709076" lon="-37.517351">
        <ele>159.55</ele>
      </trkpt>
      <trkpt lat="-9.708559" lon="-37.517864">
        <ele>154.97</ele>
      </trkpt>
      <trkpt lat="-9.708332" lon="-37.518066">
        <ele>154.49</ele>
      </trkpt>
      <trkpt lat="-9.70765" lon="-37.518671">
        <ele>162.37</ele>
      </trkpt>
      <trkpt lat="-9.707454" lon="-37.518862">
        <ele>164.45</ele>
      </trkpt>
      <trkpt lat="-9.707272" lon="-37.518987">
        <ele>165.58</ele>
      </trkpt>
      <trkpt lat="-9.707191" lon="-37.51908">
        <ele>166.6</ele>
      </trkpt>
      <trkpt lat="-9.707077" lon="-37.519257">
        <ele>168.11</ele>
      </trkpt>
      <trkpt lat="-9.706928" lon="-37.519448">
        <ele>169.56</ele>
      </trkpt>
      <trkpt lat="-9.706805" lon="-37.519564">
        <ele>170.29</ele>
      </trkpt>
      <trkpt lat="-9.706433" lon="-37.519801">
        <ele>172.48</ele>
      </trkpt>
      <trkpt lat="-9.706199" lon="-37.520098">
        <ele>174.86</ele>
      </trkpt>
      <trkpt lat="-9.706096" lon="-37.520204">
        <ele>175.53</ele>
      </trkpt>
      <trkpt lat="-9.706028" lon="-37.520359">
        <ele>176.74</ele>
      </trkpt>
      <trkpt lat="-9.705827" lon="-37.52058">
        <ele>178.04</ele>
      </trkpt>
      <trkpt lat="-9.705638" lon="-37.52086">
        <ele>177.22</ele>
      </trkpt>
      <trkpt lat="-9.705444" lon="-37.521082">
        <ele>177.07</ele>
      </trkpt>
      <trkpt lat="-9.705341" lon="-37.52114">
        <ele>177.34</ele>
      </trkpt>
      <trkpt lat="-9.705025" lon="-37.521274">
        <ele>176.29</ele>
      </trkpt>
      <trkpt lat="-9.704914" lon="-37.521396">
        <ele>175.35</ele>
      </trkpt>
      <trkpt lat="-9.70482" lon="-37.52153">
        <ele>174.31</ele>
      </trkpt>
      <trkpt lat="-9.704732" lon="-37.521736">
        <ele>171.92</ele>
      </trkpt>
      <trkpt lat="-9.704721" lon="-37.521879">
        <ele>170.25</ele>
      </trkpt>
      <trkpt lat="-9.704691" lon="-37.522008">
        <ele>169.38</ele>
      </trkpt>
      <trkpt lat="-9.704472" lon="-37.52226">
        <ele>166.95</ele>
      </trkpt>
      <trkpt lat="-9.704209" lon="-37.522626">
        <ele>166.16</ele>
      </trkpt>
      <trkpt lat="-9.704117" lon="-37.522701">
        <ele>165.7</ele>
      </trkpt>
      <trkpt lat="-9.703651" lon="-37.522968">
        <ele>161.39</ele>
      </trkpt>
      <trkpt lat="-9.703541" lon="-37.523076">
        <ele>159.5</ele>
      </trkpt>
      <trkpt lat="-9.703463" lon="-37.523287">
        <ele>155.94</ele>
      </trkpt>
      <trkpt lat="-9.703385" lon="-37.523497">
        <ele>154.85</ele>
      </trkpt>
      <trkpt lat="-9.703327" lon="-37.523762">
        <ele>155.61</ele>
      </trkpt>
      <trkpt lat="-9.703261" lon="-37.5239">
        <ele>156.81</ele>
      </trkpt>
      <trkpt lat="-9.70316" lon="-37.523969">
        <ele>157.83</ele>
      </trkpt>
      <trkpt lat="-9.703101" lon="-37.524059">
        <ele>159.22</ele>
      </trkpt>
      <trkpt lat="-9.703068" lon="-37.524141">
        <ele>160.35</ele>
      </trkpt>
      <trkpt lat="-9.702967" lon="-37.524485">
        <ele>163.02</ele>
      </trkpt>
      <trkpt lat="-9.702902" lon="-37.524841">
        <ele>165.49</ele>
      </trkpt>
      <trkpt lat="-9.702897" lon="-37.525047">
        <ele>167.63</ele>
      </trkpt>
      <trkpt lat="-9.702945" lon="-37.52523">
        <ele>168.76</ele>
      </trkpt>
      <trkpt lat="-9.703101" lon="-37.525655">
        <ele>171.94</ele>
      </trkpt>
      <trkpt lat="-9.703151" lon="-37.525891">
        <ele>174.04</ele>
      </trkpt>
      <trkpt lat="-9.703197" lon="-37.526264">
        <ele>176.94</ele>
      </trkpt>
      <trkpt lat="-9.703333" lon="-37.526671">
        <ele>179.5</ele>
      </trkpt>
      <trkpt lat="-9.703331" lon="-37.526754">
        <ele>179.99</ele>
      </trkpt>
      <trkpt lat="-9.703287" lon="-37.526882">
        <ele>181</ele>
      </trkpt>
      <trkpt lat="-9.703223" lon="-37.526989">
        <ele>182</ele>
      </trkpt>
      <trkpt lat="-9.703184" lon="-37.527011">
        <ele>182.35</ele>
      </trkpt>
      <trkpt lat="-9.702906" lon="-37.527088">
        <ele>184.44</ele>
      </trkpt>
      <trkpt lat="-9.702821" lon="-37.527217">
        <ele>185.69</ele>
      </trkpt>
      <trkpt lat="-9.702753" lon="-37.527383">
        <ele>186</ele>
      </trkpt>
      <trkpt lat="-9.702538" lon="-37.527753">
        <ele>187.01</ele>
      </trkpt>
      <trkpt lat="-9.702453" lon="-37.528001">
        <ele>187.97</ele>
      </trkpt>
      <trkpt lat="-9.702477" lon="-37.528348">
        <ele>188</ele>
      </trkpt>
      <trkpt lat="-9.702586" lon="-37.529379">
        <ele>189</ele>
      </trkpt>
      <trkpt lat="-9.702584" lon="-37.529529">
        <ele>189</ele>
      </trkpt>
      <trkpt lat="-9.702545" lon="-37.529633">
        <ele>189</ele>
      </trkpt>
      <trkpt lat="-9.702337" lon="-37.529923">
        <ele>189.87</ele>
      </trkpt>
      <trkpt lat="-9.702188" lon="-37.530035">
        <ele>190.15</ele>
      </trkpt>
      <trkpt lat="-9.701923" lon="-37.530169">
        <ele>191.01</ele>
      </trkpt>
      <trkpt lat="-9.70182" lon="-37.530259">
        <ele>191.41</ele>
      </trkpt>
      <trkpt lat="-9.701739" lon="-37.530289">
        <ele>191.81</ele>
      </trkpt>
      <trkpt lat="-9.70154" lon="-37.530296">
        <ele>192</ele>
      </trkpt>
      <trkpt lat="-9.701398" lon="-37.530337">
        <ele>192.05</ele>
      </trkpt>
      <trkpt lat="-9.700909" lon="-37.530535">
        <ele>194</ele>
      </trkpt>
      <trkpt lat="-9.700561" lon="-37.530634">
        <ele>194</ele>
      </trkpt>
      <trkpt lat="-9.700264" lon="-37.530748">
        <ele>194</ele>
      </trkpt>
      <trkpt lat="-9.700003" lon="-37.530968">
        <ele>194.4</ele>
      </trkpt>
      <trkpt lat="-9.699725" lon="-37.531303">
        <ele>195</ele>
      </trkpt>
      <trkpt lat="-9.699397" lon="-37.531529">
        <ele>195</ele>
      </trkpt>
      <trkpt lat="-9.698753" lon="-37.532222">
        <ele>198.78</ele>
      </trkpt>
      <trkpt lat="-9.698614" lon="-37.532324">
        <ele>199.59</ele>
      </trkpt>
      <trkpt lat="-9.698167" lon="-37.532424">
        <ele>202</ele>
      </trkpt>
      <trkpt lat="-9.698016" lon="-37.532543">
        <ele>202</ele>
      </trkpt>
      <trkpt lat="-9.697865" lon="-37.532789">
        <ele>202</ele>
      </trkpt>
      <trkpt lat="-9.697623" lon="-37.53333">
        <ele>201</ele>
      </trkpt>
      <trkpt lat="-9.697391" lon="-37.533679">
        <ele>201.61</ele>
      </trkpt>
      <trkpt lat="-9.697131" lon="-37.534123">
        <ele>201</ele>
      </trkpt>
      <trkpt lat="-9.696597" lon="-37.534817">
        <ele>198.51</ele>
      </trkpt>
      <trkpt lat="-9.696527" lon="-37.535026">
        <ele>198.09</ele>
      </trkpt>
      <trkpt lat="-9.696514" lon="-37.535366">
        <ele>198.01</ele>
      </trkpt>
      <trkpt lat="-9.696545" lon="-37.535572">
        <ele>198.59</ele>
      </trkpt>
      <trkpt lat="-9.696657" lon="-37.535829">
        <ele>199</ele>
      </trkpt>
      <trkpt lat="-9.696717" lon="-37.536066">
        <ele>199</ele>
      </trkpt>
      <trkpt lat="-9.696685" lon="-37.536338">
        <ele>199</ele>
      </trkpt>
      <trkpt lat="-9.69656" lon="-37.536962">
        <ele>197.13</ele>
      </trkpt>
      <trkpt lat="-9.696245" lon="-37.540017">
        <ele>200</ele>
      </trkpt>
      <trkpt lat="-9.695978" lon="-37.541881">
        <ele>203.02</ele>
      </trkpt>
      <trkpt lat="-9.695842" lon="-37.543004">
        <ele>201.96</ele>
      </trkpt>
      <trkpt lat="-9.695756" lon="-37.543815">
        <ele>199.45</ele>
      </trkpt>
      <trkpt lat="-9.69567" lon="-37.544626">
        <ele>199.84</ele>
      </trkpt>
      <trkpt lat="-9.695261" lon="-37.546625">
        <ele>196.09</ele>
      </trkpt>
      <trkpt lat="-9.695027" lon="-37.547692">
        <ele>193.05</ele>
      </trkpt>
      <trkpt lat="-9.695004" lon="-37.548178">
        <ele>190.22</ele>
      </trkpt>
      <trkpt lat="-9.694933" lon="-37.548408">
        <ele>189.08</ele>
      </trkpt>
      <trkpt lat="-9.694941" lon="-37.548521">
        <ele>187.71</ele>
      </trkpt>
      <trkpt lat="-9.695071" lon="-37.549139">
        <ele>181.78</ele>
      </trkpt>
      <trkpt lat="-9.695149" lon="-37.549332">
        <ele>179.99</ele>
      </trkpt>
      <trkpt lat="-9.695212" lon="-37.549594">
        <ele>176.99</ele>
      </trkpt>
      <trkpt lat="-9.695188" lon="-37.549792">
        <ele>175.8</ele>
      </trkpt>
      <trkpt lat="-9.695129" lon="-37.549889">
        <ele>176.11</ele>
      </trkpt>
      <trkpt lat="-9.695053" lon="-37.549956">
        <ele>176.71</ele>
      </trkpt>
      <trkpt lat="-9.694879" lon="-37.550006">
        <ele>178.03</ele>
      </trkpt>
      <trkpt lat="-9.694663" lon="-37.550019">
        <ele>180.29</ele>
      </trkpt>
      <trkpt lat="-9.694415" lon="-37.550262">
        <ele>184.26</ele>
      </trkpt>
      <trkpt lat="-9.694204" lon="-37.551442">
        <ele>190.61</ele>
      </trkpt>
      <trkpt lat="-9.694069" lon="-37.551915">
        <ele>192</ele>
      </trkpt>
      <trkpt lat="-9.693988" lon="-37.552058">
        <ele>192</ele>
      </trkpt>
      <trkpt lat="-9.693811" lon="-37.552182">
        <ele>192.98</ele>
      </trkpt>
      <trkpt lat="-9.69372" lon="-37.552282">
        <ele>193.64</ele>
      </trkpt>
      <trkpt lat="-9.69371" lon="-37.552398">
        <ele>194.31</ele>
      </trkpt>
      <trkpt lat="-9.693879" lon="-37.552737">
        <ele>195.81</ele>
      </trkpt>
      <trkpt lat="-9.693884" lon="-37.552853">
        <ele>196.45</ele>
      </trkpt>
      <trkpt lat="-9.693529" lon="-37.554372">
        <ele>200.59</ele>
      </trkpt>
      <trkpt lat="-9.693414" lon="-37.55489">
        <ele>202.8</ele>
      </trkpt>
      <trkpt lat="-9.693301" lon="-37.555421">
        <ele>203</ele>
      </trkpt>
      <trkpt lat="-9.693076" lon="-37.556484">
        <ele>200.26</ele>
      </trkpt>
      <trkpt lat="-9.692739" lon="-37.558077">
        <ele>202.25</ele>
      </trkpt>
      <trkpt lat="-9.692439" lon="-37.559424">
        <ele>203.02</ele>
      </trkpt>
      <trkpt lat="-9.692005" lon="-37.561349">
        <ele>198</ele>
      </trkpt>
      <trkpt lat="-9.691527" lon="-37.56365">
        <ele>195.71</ele>
      </trkpt>
      <trkpt lat="-9.691421" lon="-37.564162">
        <ele>193.29</ele>
      </trkpt>
      <trkpt lat="-9.691083" lon="-37.565637">
        <ele>186.7</ele>
      </trkpt>
      <trkpt lat="-9.690959" lon="-37.566215">
        <ele>186.48</ele>
      </trkpt>
      <trkpt lat="-9.690709" lon="-37.56737">
        <ele>191.22</ele>
      </trkpt>
      <trkpt lat="-9.690568" lon="-37.56795">
        <ele>191.01</ele>
      </trkpt>
      <trkpt lat="-9.690537" lon="-37.568175">
        <ele>190.96</ele>
      </trkpt>
      <trkpt lat="-9.690439" lon="-37.568572">
        <ele>189.53</ele>
      </trkpt>
      <trkpt lat="-9.690399" lon="-37.569044">
        <ele>188.05</ele>
      </trkpt>
      <trkpt lat="-9.690336" lon="-37.569264">
        <ele>187.63</ele>
      </trkpt>
      <trkpt lat="-9.690246" lon="-37.569482">
        <ele>186.33</ele>
      </trkpt>
      <trkpt lat="-9.689916" lon="-37.571024">
        <ele>180.9</ele>
      </trkpt>
      <trkpt lat="-9.689692" lon="-37.572079">
        <ele>183.06</ele>
      </trkpt>
      <trkpt lat="-9.68958" lon="-37.572606">
        <ele>185.8</ele>
      </trkpt>
      <trkpt lat="-9.689392" lon="-37.573357">
        <ele>189.17</ele>
      </trkpt>
      <trkpt lat="-9.688777" lon="-37.576224">
        <ele>201.52</ele>
      </trkpt>
      <trkpt lat="-9.688597" lon="-37.577044">
        <ele>203</ele>
      </trkpt>
      <trkpt lat="-9.688476" lon="-37.57759">
        <ele>202.39</ele>
      </trkpt>
      <trkpt lat="-9.688056" lon="-37.579502">
        <ele>191.98</ele>
      </trkpt>
      <trkpt lat="-9.687876" lon="-37.580321">
        <ele>193.93</ele>
      </trkpt>
      <trkpt lat="-9.68776" lon="-37.580837">
        <ele>192.75</ele>
      </trkpt>
      <trkpt lat="-9.687533" lon="-37.581809">
        <ele>182.65</ele>
      </trkpt>
      <trkpt lat="-9.687472" lon="-37.582214">
        <ele>182.42</ele>
      </trkpt>
      <trkpt lat="-9.687274" lon="-37.583204">
        <ele>180.28</ele>
      </trkpt>
      <trkpt lat="-9.687038" lon="-37.584218">
        <ele>175.13</ele>
      </trkpt>
      <trkpt lat="-9.686802" lon="-37.585232">
        <ele>180.27</ele>
      </trkpt>
      <trkpt lat="-9.686685" lon="-37.585739">
        <ele>181.11</ele>
      </trkpt>
      <trkpt lat="-9.686521" lon="-37.586554">
        <ele>184.76</ele>
      </trkpt>
      <trkpt lat="-9.686441" lon="-37.586836">
        <ele>185.93</ele>
      </trkpt>
      <trkpt lat="-9.686362" lon="-37.587324">
        <ele>189.23</ele>
      </trkpt>
      <trkpt lat="-9.686248" lon="-37.587863">
        <ele>192.27</ele>
      </trkpt>
      <trkpt lat="-9.686021" lon="-37.588943">
        <ele>193.87</ele>
      </trkpt>
      <trkpt lat="-9.685794" lon="-37.590022">
        <ele>201.33</ele>
      </trkpt>
      <trkpt lat="-9.685624" lon="-37.590832">
        <ele>209.98</ele>
      </trkpt>
      <trkpt lat="-9.685558" lon="-37.591121">
        <ele>210.73</ele>
      </trkpt>
      <trkpt lat="-9.68536" lon="-37.591988">
        <ele>208.74</ele>
      </trkpt>
      <trkpt lat="-9.685126" lon="-37.593074">
        <ele>204.17</ele>
      </trkpt>
      <trkpt lat="-9.684775" lon="-37.594703">
        <ele>195.72</ele>
      </trkpt>
      <trkpt lat="-9.684541" lon="-37.59579">
        <ele>186.41</ele>
      </trkpt>
      <trkpt lat="-9.684366" lon="-37.596604">
        <ele>185.31</ele>
      </trkpt>
      <trkpt lat="-9.684144" lon="-37.597527">
        <ele>180.34</ele>
      </trkpt>
      <trkpt lat="-9.684059" lon="-37.597929">
        <ele>178.95</ele>
      </trkpt>
      <trkpt lat="-9.684043" lon="-37.598179">
        <ele>176.98</ele>
      </trkpt>
      <trkpt lat="-9.684062" lon="-37.598299">
        <ele>176.39</ele>
      </trkpt>
      <trkpt lat="-9.683948" lon="-37.598557">
        <ele>174.29</ele>
      </trkpt>
      <trkpt lat="-9.683874" lon="-37.598822">
        <ele>173.46</ele>
      </trkpt>
      <trkpt lat="-9.68384" lon="-37.599072">
        <ele>173.94</ele>
      </trkpt>
      <trkpt lat="-9.683789" lon="-37.599235">
        <ele>174.59</ele>
      </trkpt>
      <trkpt lat="-9.683374" lon="-37.599769">
        <ele>178.6</ele>
      </trkpt>
      <trkpt lat="-9.682859" lon="-37.600383">
        <ele>182</ele>
      </trkpt>
      <trkpt lat="-9.682692" lon="-37.600566">
        <ele>182.18</ele>
      </trkpt>
      <trkpt lat="-9.682359" lon="-37.600931">
        <ele>181.27</ele>
      </trkpt>
      <trkpt lat="-9.681872" lon="-37.601397">
        <ele>176.4</ele>
      </trkpt>
      <trkpt lat="-9.681523" lon="-37.601781">
        <ele>169.37</ele>
      </trkpt>
      <trkpt lat="-9.681375" lon="-37.601963">
        <ele>165.96</ele>
      </trkpt>
      <trkpt lat="-9.681077" lon="-37.602328">
        <ele>162.53</ele>
      </trkpt>
      <trkpt lat="-9.680753" lon="-37.602691">
        <ele>159.11</ele>
      </trkpt>
      <trkpt lat="-9.680429" lon="-37.603055">
        <ele>153.45</ele>
      </trkpt>
      <trkpt lat="-9.680106" lon="-37.603444">
        <ele>150.93</ele>
      </trkpt>
      <trkpt lat="-9.679908" lon="-37.603653">
        <ele>149.05</ele>
      </trkpt>
      <trkpt lat="-9.679424" lon="-37.604243">
        <ele>153.78</ele>
      </trkpt>
      <trkpt lat="-9.679149" lon="-37.604552">
        <ele>150.21</ele>
      </trkpt>
      <trkpt lat="-9.678998" lon="-37.604688">
        <ele>147.72</ele>
      </trkpt>
      <trkpt lat="-9.678874" lon="-37.60467">
        <ele>147.31</ele>
      </trkpt>
      <trkpt lat="-9.67876" lon="-37.604624">
        <ele>147.39</ele>
      </trkpt>
      <trkpt lat="-9.678158" lon="-37.604345">
        <ele>148.75</ele>
      </trkpt>
      <trkpt lat="-9.677946" lon="-37.604348">
        <ele>148.95</ele>
      </trkpt>
      <trkpt lat="-9.677795" lon="-37.604385">
        <ele>148.69</ele>
      </trkpt>
      <trkpt lat="-9.677549" lon="-37.604535">
        <ele>147.89</ele>
      </trkpt>
      <trkpt lat="-9.677407" lon="-37.604659">
        <ele>146.74</ele>
      </trkpt>
      <trkpt lat="-9.677256" lon="-37.605101">
        <ele>143.84</ele>
      </trkpt>
      <trkpt lat="-9.677156" lon="-37.605555">
        <ele>141.63</ele>
      </trkpt>
      <trkpt lat="-9.677142" lon="-37.6057">
        <ele>140.74</ele>
      </trkpt>
      <trkpt lat="-9.677156" lon="-37.606099">
        <ele>138.3</ele>
      </trkpt>
      <trkpt lat="-9.677142" lon="-37.60626">
        <ele>137.29</ele>
      </trkpt>
      <trkpt lat="-9.676936" lon="-37.606813">
        <ele>133.35</ele>
      </trkpt>
      <trkpt lat="-9.676883" lon="-37.607067">
        <ele>131.84</ele>
      </trkpt>
      <trkpt lat="-9.676674" lon="-37.607387">
        <ele>129.98</ele>
      </trkpt>
      <trkpt lat="-9.676336" lon="-37.607785">
        <ele>128.67</ele>
      </trkpt>
      <trkpt lat="-9.675661" lon="-37.608582">
        <ele>129.99</ele>
      </trkpt>
      <trkpt lat="-9.675154" lon="-37.60918">
        <ele>134.51</ele>
      </trkpt>
      <trkpt lat="-9.674429" lon="-37.609956">
        <ele>132.61</ele>
      </trkpt>
      <trkpt lat="-9.674262" lon="-37.61019">
        <ele>132.46</ele>
      </trkpt>
      <trkpt lat="-9.674094" lon="-37.610423">
        <ele>134.97</ele>
      </trkpt>
      <trkpt lat="-9.673887" lon="-37.610648">
        <ele>135.9</ele>
      </trkpt>
      <trkpt lat="-9.673768" lon="-37.610801">
        <ele>135.66</ele>
      </trkpt>
      <trkpt lat="-9.673626" lon="-37.610941">
        <ele>137.27</ele>
      </trkpt>
      <trkpt lat="-9.673467" lon="-37.611147">
        <ele>137.95</ele>
      </trkpt>
      <trkpt lat="-9.6731" lon="-37.611507">
        <ele>137.06</ele>
      </trkpt>
      <trkpt lat="-9.672731" lon="-37.611944">
        <ele>137.77</ele>
      </trkpt>
      <trkpt lat="-9.672362" lon="-37.612381">
        <ele>141.44</ele>
      </trkpt>
      <trkpt lat="-9.672012" lon="-37.612744">
        <ele>141.25</ele>
      </trkpt>
      <trkpt lat="-9.671312" lon="-37.61347">
        <ele>136.24</ele>
      </trkpt>
      <trkpt lat="-9.671029" lon="-37.613803">
        <ele>136.07</ele>
      </trkpt>
      <trkpt lat="-9.670487" lon="-37.614393">
        <ele>136.25</ele>
      </trkpt>
      <trkpt lat="-9.670106" lon="-37.614642">
        <ele>134.8</ele>
      </trkpt>
      <trkpt lat="-9.669903" lon="-37.614886">
        <ele>133.6</ele>
      </trkpt>
      <trkpt lat="-9.6698" lon="-37.615101">
        <ele>134.87</ele>
      </trkpt>
      <trkpt lat="-9.669456" lon="-37.615541">
        <ele>138.43</ele>
      </trkpt>
      <trkpt lat="-9.669082" lon="-37.615948">
        <ele>142.59</ele>
      </trkpt>
      <trkpt lat="-9.668708" lon="-37.616356">
        <ele>144.18</ele>
      </trkpt>
      <trkpt lat="-9.668144" lon="-37.616933">
        <ele>142.12</ele>
      </trkpt>
      <trkpt lat="-9.667633" lon="-37.617515">
        <ele>142.33</ele>
      </trkpt>
      <trkpt lat="-9.666439" lon="-37.618875">
        <ele>148.81</ele>
      </trkpt>
      <trkpt lat="-9.66549" lon="-37.619918">
        <ele>147.03</ele>
      </trkpt>
      <trkpt lat="-9.664987" lon="-37.620548">
        <ele>147.54</ele>
      </trkpt>
      <trkpt lat="-9.664831" lon="-37.620814">
        <ele>148.15</ele>
      </trkpt>
      <trkpt lat="-9.664443" lon="-37.621262">
        <ele>148.69</ele>
      </trkpt>
      <trkpt lat="-9.66421" lon="-37.621484">
        <ele>148.99</ele>
      </trkpt>
      <trkpt lat="-9.663538" lon="-37.622021">
        <ele>150.57</ele>
      </trkpt>
      <trkpt lat="-9.663139" lon="-37.622445">
        <ele>151.93</ele>
      </trkpt>
      <trkpt lat="-9.662552" lon="-37.623168">
        <ele>156.55</ele>
      </trkpt>
      <trkpt lat="-9.661661" lon="-37.624188">
        <ele>154</ele>
      </trkpt>
      <trkpt lat="-9.660236" lon="-37.625821">
        <ele>162.95</ele>
      </trkpt>
      <trkpt lat="-9.658882" lon="-37.627415">
        <ele>169.46</ele>
      </trkpt>
      <trkpt lat="-9.658462" lon="-37.627871">
        <ele>173.53</ele>
      </trkpt>
      <trkpt lat="-9.657912" lon="-37.628522">
        <ele>182.5</ele>
      </trkpt>
      <trkpt lat="-9.657742" lon="-37.628657">
        <ele>184.57</ele>
      </trkpt>
      <trkpt lat="-9.657494" lon="-37.628978">
        <ele>189.16</ele>
      </trkpt>
      <trkpt lat="-9.657134" lon="-37.629362">
        <ele>192.78</ele>
      </trkpt>
      <trkpt lat="-9.656775" lon="-37.629746">
        <ele>193.64</ele>
      </trkpt>
      <trkpt lat="-9.656267" lon="-37.630336">
        <ele>192.8</ele>
      </trkpt>
      <trkpt lat="-9.655891" lon="-37.630851">
        <ele>192.68</ele>
      </trkpt>
      <trkpt lat="-9.655413" lon="-37.631309">
        <ele>194.1</ele>
      </trkpt>
      <trkpt lat="-9.654889" lon="-37.631976">
        <ele>199.97</ele>
      </trkpt>
      <trkpt lat="-9.654366" lon="-37.632642">
        <ele>208.28</ele>
      </trkpt>
      <trkpt lat="-9.653657" lon="-37.633458">
        <ele>213.9</ele>
      </trkpt>
      <trkpt lat="-9.65331" lon="-37.633835">
        <ele>215.8</ele>
      </trkpt>
      <trkpt lat="-9.653311" lon="-37.633887">
        <ele>215.79</ele>
      </trkpt>
      <trkpt lat="-9.653332" lon="-37.633937">
        <ele>215.67</ele>
      </trkpt>
      <trkpt lat="-9.653378" lon="-37.633985">
        <ele>215.4</ele>
      </trkpt>
      <trkpt lat="-9.653604" lon="-37.633983">
        <ele>215</ele>
      </trkpt>
      <trkpt lat="-9.65403" lon="-37.634118">
        <ele>216</ele>
      </trkpt>
      <trkpt lat="-9.654569" lon="-37.634228">
        <ele>217</ele>
      </trkpt>
      <trkpt lat="-9.655291" lon="-37.634421">
        <ele>217</ele>
      </trkpt>
      <trkpt lat="-9.655484" lon="-37.634456">
        <ele>216.98</ele>
      </trkpt>
      <trkpt lat="-9.656769" lon="-37.634582">
        <ele>216</ele>
      </trkpt>
      <trkpt lat="-9.657951" lon="-37.634852">
        <ele>212.59</ele>
      </trkpt>
      <trkpt lat="-9.658269" lon="-37.634976">
        <ele>212</ele>
      </trkpt>
      <trkpt lat="-9.658504" lon="-37.635121">
        <ele>212</ele>
      </trkpt>
      <trkpt lat="-9.658834" lon="-37.635359">
        <ele>211.14</ele>
      </trkpt>
      <trkpt lat="-9.659271" lon="-37.635574">
        <ele>209.64</ele>
      </trkpt>
      <trkpt lat="-9.659829" lon="-37.635901">
        <ele>205.48</ele>
      </trkpt>
      <trkpt lat="-9.660605" lon="-37.636262">
        <ele>202</ele>
      </trkpt>
      <trkpt lat="-9.661381" lon="-37.636623">
        <ele>204</ele>
      </trkpt>
      <trkpt lat="-9.661545" lon="-37.636765">
        <ele>204.77</ele>
      </trkpt>
      <trkpt lat="-9.662182" lon="-37.637388">
        <ele>205</ele>
      </trkpt>
      <trkpt lat="-9.662608" lon="-37.637803">
        <ele>203.17</ele>
      </trkpt>
      <trkpt lat="-9.662909" lon="-37.638066">
        <ele>203.5</ele>
      </trkpt>
      <trkpt lat="-9.662999" lon="-37.638245">
        <ele>203.2</ele>
      </trkpt>
      <trkpt lat="-9.663665" lon="-37.638787">
        <ele>203</ele>
      </trkpt>
      <trkpt lat="-9.664102" lon="-37.63916">
        <ele>203.79</ele>
      </trkpt>
      <trkpt lat="-9.664422" lon="-37.639466">
        <ele>204.53</ele>
      </trkpt>
      <trkpt lat="-9.664591" lon="-37.639707">
        <ele>204.95</ele>
      </trkpt>
      <trkpt lat="-9.665207" lon="-37.640437">
        <ele>208.06</ele>
      </trkpt>
      <trkpt lat="-9.665318" lon="-37.640668">
        <ele>209</ele>
      </trkpt>
      <trkpt lat="-9.665403" lon="-37.64092">
        <ele>209</ele>
      </trkpt>
      <trkpt lat="-9.665453" lon="-37.641775">
        <ele>210</ele>
      </trkpt>
      <trkpt lat="-9.665006" lon="-37.643583">
        <ele>210.82</ele>
      </trkpt>
      <trkpt lat="-9.664905" lon="-37.644036">
        <ele>210.82</ele>
      </trkpt>
      <trkpt lat="-9.664911" lon="-37.644342">
        <ele>210.76</ele>
      </trkpt>
      <trkpt lat="-9.66485" lon="-37.64449">
        <ele>210.94</ele>
      </trkpt>
      <trkpt lat="-9.664697" lon="-37.644785">
        <ele>211.64</ele>
      </trkpt>
      <trkpt lat="-9.664535" lon="-37.645015">
        <ele>212.6</ele>
      </trkpt>
      <trkpt lat="-9.66444" lon="-37.645206">
        <ele>213.16</ele>
      </trkpt>
      <trkpt lat="-9.664353" lon="-37.645447">
        <ele>214</ele>
      </trkpt>
      <trkpt lat="-9.664221" lon="-37.645686">
        <ele>214</ele>
      </trkpt>
      <trkpt lat="-9.663866" lon="-37.646206">
        <ele>212</ele>
      </trkpt>
      <trkpt lat="-9.663591" lon="-37.64666">
        <ele>209.94</ele>
      </trkpt>
      <trkpt lat="-9.663062" lon="-37.647201">
        <ele>205.08</ele>
      </trkpt>
      <trkpt lat="-9.662954" lon="-37.647376">
        <ele>203.6</ele>
      </trkpt>
      <trkpt lat="-9.662899" lon="-37.647539">
        <ele>202.75</ele>
      </trkpt>
      <trkpt lat="-9.66269" lon="-37.647727">
        <ele>200.96</ele>
      </trkpt>
      <trkpt lat="-9.662068" lon="-37.648199">
        <ele>197.59</ele>
      </trkpt>
      <trkpt lat="-9.661389" lon="-37.648929">
        <ele>195.85</ele>
      </trkpt>
      <trkpt lat="-9.661209" lon="-37.649234">
        <ele>195</ele>
      </trkpt>
      <trkpt lat="-9.661148" lon="-37.64946">
        <ele>194.64</ele>
      </trkpt>
      <trkpt lat="-9.661151" lon="-37.650289">
        <ele>193.25</ele>
      </trkpt>
      <trkpt lat="-9.661198" lon="-37.650503">
        <ele>193.97</ele>
      </trkpt>
      <trkpt lat="-9.661294" lon="-37.65064">
        <ele>193.43</ele>
      </trkpt>
      <trkpt lat="-9.661405" lon="-37.650699">
        <ele>192.12</ele>
      </trkpt>
      <trkpt lat="-9.661492" lon="-37.650782">
        <ele>191.41</ele>
      </trkpt>
      <trkpt lat="-9.661963" lon="-37.651018">
        <ele>184.47</ele>
      </trkpt>
      <trkpt lat="-9.662029" lon="-37.651109">
        <ele>183.76</ele>
      </trkpt>
      <trkpt lat="-9.662055" lon="-37.651249">
        <ele>183.42</ele>
      </trkpt>
      <trkpt lat="-9.662015" lon="-37.65175">
        <ele>183.37</ele>
      </trkpt>
      <trkpt lat="-9.661965" lon="-37.651882">
        <ele>183.55</ele>
      </trkpt>
      <trkpt lat="-9.661894" lon="-37.652225">
        <ele>182.05</ele>
      </trkpt>
      <trkpt lat="-9.661904" lon="-37.652397">
        <ele>180.63</ele>
      </trkpt>
      <trkpt lat="-9.661997" lon="-37.652526">
        <ele>178.24</ele>
      </trkpt>
      <trkpt lat="-9.662148" lon="-37.652534">
        <ele>175.37</ele>
      </trkpt>
      <trkpt lat="-9.662245" lon="-37.652464">
        <ele>174.11</ele>
      </trkpt>
      <trkpt lat="-9.662367" lon="-37.652308">
        <ele>172.34</ele>
      </trkpt>
      <trkpt lat="-9.662745" lon="-37.651622">
        <ele>164.94</ele>
      </trkpt>
      <trkpt lat="-9.66297" lon="-37.651294">
        <ele>157.44</ele>
      </trkpt>
      <trkpt lat="-9.663131" lon="-37.651128">
        <ele>151.75</ele>
      </trkpt>
      <trkpt lat="-9.663226" lon="-37.650967">
        <ele>147.37</ele>
      </trkpt>
      <trkpt lat="-9.663343" lon="-37.650836">
        <ele>143.15</ele>
      </trkpt>
      <trkpt lat="-9.663551" lon="-37.650714">
        <ele>137.6</ele>
      </trkpt>
      <trkpt lat="-9.664133" lon="-37.650822">
        <ele>125.97</ele>
      </trkpt>
      <trkpt lat="-9.664361" lon="-37.650954">
        <ele>121.19</ele>
      </trkpt>
      <trkpt lat="-9.664514" lon="-37.651206">
        <ele>117.77</ele>
      </trkpt>
      <trkpt lat="-9.664585" lon="-37.65153">
        <ele>116.27</ele>
      </trkpt>
      <trkpt lat="-9.664522" lon="-37.65167">
        <ele>117.56</ele>
      </trkpt>
      <trkpt lat="-9.664533" lon="-37.651769">
        <ele>116.36</ele>
      </trkpt>
      <trkpt lat="-9.664868" lon="-37.651965">
        <ele>107.84</ele>
      </trkpt>
      <trkpt lat="-9.664905" lon="-37.652102">
        <ele>107.41</ele>
      </trkpt>
      <trkpt lat="-9.664697" lon="-37.652442">
        <ele>106.04</ele>
      </trkpt>
      <trkpt lat="-9.664453" lon="-37.653274">
        <ele>94.15</ele>
      </trkpt>
      <trkpt lat="-9.664316" lon="-37.653644">
        <ele>87.52</ele>
      </trkpt>
      <trkpt lat="-9.664247" lon="-37.653875">
        <ele>82.91</ele>
      </trkpt>
      <trkpt lat="-9.6644" lon="-37.654191">
        <ele>77.51</ele>
      </trkpt>
      <trkpt lat="-9.664636" lon="-37.654256">
        <ele>76.9</ele>
      </trkpt>
      <trkpt lat="-9.664871" lon="-37.65432">
        <ele>73.39</ele>
      </trkpt>
      <trkpt lat="-9.665416" lon="-37.654433">
        <ele>62.67</ele>
      </trkpt>
      <trkpt lat="-9.665654" lon="-37.654559">
        <ele>54.89</ele>
      </trkpt>
      <trkpt lat="-9.665892" lon="-37.654685">
        <ele>49.16</ele>
      </trkpt>
      <trkpt lat="-9.6665" lon="-37.654872">
        <ele>35.93</ele>
      </trkpt>
      <trkpt lat="-9.666976" lon="-37.655076">
        <ele>27.12</ele>
      </trkpt>
      <trkpt lat="-9.667483" lon="-37.655538">
        <ele>20.06</ele>
      </trkpt>
      <trkpt lat="-9.667827" lon="-37.655892">
        <ele>14.97</ele>
      </trkpt>
      <trkpt lat="-9.668253" lon="-37.656806">
        <ele>15</ele>
      </trkpt>
      <trkpt lat="-9.668482" lon="-37.657147">
        <ele>17.41</ele>
      </trkpt>
      <trkpt lat="-9.668586" lon="-37.65724">
        <ele>18.04</ele>
      </trkpt>
      <trkpt lat="-9.668799" lon="-37.657378">
        <ele>19.01</ele>
      </trkpt>
      <trkpt lat="-9.669045" lon="-37.657473">
        <ele>20.89</ele>
      </trkpt>
      <trkpt lat="-9.669524" lon="-37.657656">
        <ele>28.37</ele>
      </trkpt>
      <trkpt lat="-9.669893" lon="-37.657936">
        <ele>32.82</ele>
      </trkpt>
      <trkpt lat="-9.670078" lon="-37.658076">
        <ele>31.64</ele>
      </trkpt>
      <trkpt lat="-9.669835" lon="-37.658495">
        <ele>34.34</ele>
      </trkpt>
      <trkpt lat="-9.669797" lon="-37.658477">
        <ele>34.56</ele>
      </trkpt>
      <trkpt lat="-9.66963" lon="-37.65879">
        <ele>35.06</ele>
      </trkpt>
      <trkpt lat="-9.668709" lon="-37.658655">
        <ele>36.91</ele>
      </trkpt>
      <trkpt lat="-9.668475" lon="-37.658649">
        <ele>35.98</ele>
      </trkpt>
      <trkpt lat="-9.668184" lon="-37.65869">
        <ele>35.76</ele>
      </trkpt>
      <trkpt lat="-9.66728" lon="-37.658897">
        <ele>39.31</ele>
      </trkpt>
      <trkpt lat="-9.666743" lon="-37.659021">
        <ele>44.84</ele>
      </trkpt>
      <trkpt lat="-9.665668" lon="-37.65927">
        <ele>59.48</ele>
      </trkpt>
      <trkpt lat="-9.664653" lon="-37.659717">
        <ele>68.8</ele>
      </trkpt>
      <trkpt lat="-9.663636" lon="-37.66007">
        <ele>74.67</ele>
      </trkpt>
      <trkpt lat="-9.663479" lon="-37.660174">
        <ele>76.81</ele>
      </trkpt>
      <trkpt lat="-9.663305" lon="-37.660315">
        <ele>81.48</ele>
      </trkpt>
      <trkpt lat="-9.662881" lon="-37.660431">
        <ele>86.3</ele>
      </trkpt>
      <trkpt lat="-9.662698" lon="-37.660456">
        <ele>87.44</ele>
      </trkpt>
      <trkpt lat="-9.662212" lon="-37.660483">
        <ele>91.83</ele>
      </trkpt>
      <trkpt lat="-9.661942" lon="-37.660566">
        <ele>94.32</ele>
      </trkpt>
      <trkpt lat="-9.66176" lon="-37.660732">
        <ele>95.38</ele>
      </trkpt>
      <trkpt lat="-9.661586" lon="-37.661029">
        <ele>96.74</ele>
      </trkpt>
      <trkpt lat="-9.661453" lon="-37.661223">
        <ele>96.22</ele>
      </trkpt>
      <trkpt lat="-9.66132" lon="-37.661416">
        <ele>97.9</ele>
      </trkpt>
      <trkpt lat="-9.661121" lon="-37.661562">
        <ele>98.52</ele>
      </trkpt>
      <trkpt lat="-9.660714" lon="-37.661821">
        <ele>99.3</ele>
      </trkpt>
      <trkpt lat="-9.660057" lon="-37.662295">
        <ele>93.73</ele>
      </trkpt>
      <trkpt lat="-9.659827" lon="-37.662461">
        <ele>90.19</ele>
      </trkpt>
      <trkpt lat="-9.659629" lon="-37.662632">
        <ele>87.15</ele>
      </trkpt>
      <trkpt lat="-9.65924" lon="-37.66315">
        <ele>85.83</ele>
      </trkpt>
      <trkpt lat="-9.659011" lon="-37.663333">
        <ele>86.17</ele>
      </trkpt>
      <trkpt lat="-9.658688" lon="-37.663492">
        <ele>87.93</ele>
      </trkpt>
      <trkpt lat="-9.658476" lon="-37.663515">
        <ele>89.64</ele>
      </trkpt>
      <trkpt lat="-9.658179" lon="-37.663451">
        <ele>93.1</ele>
      </trkpt>
      <trkpt lat="-9.657963" lon="-37.663301">
        <ele>96.15</ele>
      </trkpt>
      <trkpt lat="-9.657813" lon="-37.663127">
        <ele>99.51</ele>
      </trkpt>
      <trkpt lat="-9.657664" lon="-37.662768">
        <ele>105.48</ele>
      </trkpt>
      <trkpt lat="-9.65759" lon="-37.662305">
        <ele>111.15</ele>
      </trkpt>
      <trkpt lat="-9.65771" lon="-37.661803">
        <ele>115.4</ele>
      </trkpt>
      <trkpt lat="-9.657721" lon="-37.661486">
        <ele>118.47</ele>
      </trkpt>
      <trkpt lat="-9.657628" lon="-37.661141">
        <ele>121.84</ele>
      </trkpt>
      <trkpt lat="-9.657506" lon="-37.660998">
        <ele>122.22</ele>
      </trkpt>
      <trkpt lat="-9.657343" lon="-37.660943">
        <ele>121.97</ele>
      </trkpt>
      <trkpt lat="-9.657196" lon="-37.660978">
        <ele>123.19</ele>
      </trkpt>
      <trkpt lat="-9.657003" lon="-37.661174">
        <ele>129.44</ele>
      </trkpt>
      <trkpt lat="-9.656893" lon="-37.661413">
        <ele>135.13</ele>
      </trkpt>
      <trkpt lat="-9.656674" lon="-37.661891">
        <ele>140.84</ele>
      </trkpt>
      <trkpt lat="-9.656519" lon="-37.662145">
        <ele>144.55</ele>
      </trkpt>
      <trkpt lat="-9.656285" lon="-37.662382">
        <ele>148.76</ele>
      </trkpt>
      <trkpt lat="-9.65598" lon="-37.662446">
        <ele>154.1</ele>
      </trkpt>
      <trkpt lat="-9.655785" lon="-37.662418">
        <ele>156.61</ele>
      </trkpt>
      <trkpt lat="-9.655532" lon="-37.662362">
        <ele>159.78</ele>
      </trkpt>
      <trkpt lat="-9.65427" lon="-37.662079">
        <ele>166</ele>
      </trkpt>
      <trkpt lat="-9.653316" lon="-37.66196">
        <ele>164.62</ele>
      </trkpt>
      <trkpt lat="-9.652981" lon="-37.661958">
        <ele>165.3</ele>
      </trkpt>
      <trkpt lat="-9.652617" lon="-37.662024">
        <ele>166.36</ele>
      </trkpt>
      <trkpt lat="-9.652075" lon="-37.662166">
        <ele>168.05</ele>
      </trkpt>
      <trkpt lat="-9.650719" lon="-37.66252">
        <ele>176.03</ele>
      </trkpt>
      <trkpt lat="-9.650053" lon="-37.662622">
        <ele>179.01</ele>
      </trkpt>
      <trkpt lat="-9.649427" lon="-37.66289">
        <ele>181.2</ele>
      </trkpt>
      <trkpt lat="-9.648188" lon="-37.663576">
        <ele>179.7</ele>
      </trkpt>
      <trkpt lat="-9.647692" lon="-37.66385">
        <ele>181.28</ele>
      </trkpt>
      <trkpt lat="-9.646365" lon="-37.664253">
        <ele>189.91</ele>
      </trkpt>
      <trkpt lat="-9.645622" lon="-37.664564">
        <ele>192.92</ele>
      </trkpt>
      <trkpt lat="-9.644879" lon="-37.664875">
        <ele>192.61</ele>
      </trkpt>
      <trkpt lat="-9.644415" lon="-37.665117">
        <ele>192.41</ele>
      </trkpt>
      <trkpt lat="-9.643719" lon="-37.665481">
        <ele>189.56</ele>
      </trkpt>
      <trkpt lat="-9.642514" lon="-37.665955">
        <ele>187.61</ele>
      </trkpt>
      <trkpt lat="-9.641573" lon="-37.66631">
        <ele>192.21</ele>
      </trkpt>
      <trkpt lat="-9.641165" lon="-37.666352">
        <ele>194.63</ele>
      </trkpt>
      <trkpt lat="-9.639245" lon="-37.66638">
        <ele>206.74</ele>
      </trkpt>
      <trkpt lat="-9.638149" lon="-37.666396">
        <ele>207.71</ele>
      </trkpt>
      <trkpt lat="-9.637022" lon="-37.666353">
        <ele>206.15</ele>
      </trkpt>
      <trkpt lat="-9.636458" lon="-37.666332">
        <ele>207</ele>
      </trkpt>
      <trkpt lat="-9.6357" lon="-37.666145">
        <ele>208.78</ele>
      </trkpt>
      <trkpt lat="-9.634444" lon="-37.666042">
        <ele>211</ele>
      </trkpt>
      <trkpt lat="-9.633617" lon="-37.666041">
        <ele>211</ele>
      </trkpt>
      <trkpt lat="-9.633065" lon="-37.666041">
        <ele>213</ele>
      </trkpt>
      <trkpt lat="-9.632237" lon="-37.66604">
        <ele>212</ele>
      </trkpt>
      <trkpt lat="-9.631061" lon="-37.66602">
        <ele>211.99</ele>
      </trkpt>
      <trkpt lat="-9.630767" lon="-37.666015">
        <ele>210.35</ele>
      </trkpt>
      <trkpt lat="-9.630222" lon="-37.665928">
        <ele>210</ele>
      </trkpt>
      <trkpt lat="-9.62804" lon="-37.665582">
        <ele>202.11</ele>
      </trkpt>
      <trkpt lat="-9.62695" lon="-37.665408">
        <ele>202.73</ele>
      </trkpt>
      <trkpt lat="-9.625799" lon="-37.665219">
        <ele>201.26</ele>
      </trkpt>
      <trkpt lat="-9.624445" lon="-37.665104">
        <ele>202.99</ele>
      </trkpt>
      <trkpt lat="-9.623362" lon="-37.665013">
        <ele>202.06</ele>
      </trkpt>
      <trkpt lat="-9.622516" lon="-37.664761">
        <ele>204</ele>
      </trkpt>
      <trkpt lat="-9.622312" lon="-37.664673">
        <ele>203.4</ele>
      </trkpt>
      <trkpt lat="-9.621816" lon="-37.664518">
        <ele>203.82</ele>
      </trkpt>
      <trkpt lat="-9.621316" lon="-37.664449">
        <ele>202.96</ele>
      </trkpt>
      <trkpt lat="-9.619935" lon="-37.664474">
        <ele>195.5</ele>
      </trkpt>
      <trkpt lat="-9.61883" lon="-37.664494">
        <ele>196</ele>
      </trkpt>
      <trkpt lat="-9.618125" lon="-37.664421">
        <ele>193.71</ele>
      </trkpt>
      <trkpt lat="-9.616846" lon="-37.664425">
        <ele>186.81</ele>
      </trkpt>
      <trkpt lat="-9.616079" lon="-37.664428">
        <ele>180.88</ele>
      </trkpt>
      <trkpt lat="-9.61483" lon="-37.664646">
        <ele>180.13</ele>
      </trkpt>
      <trkpt lat="-9.612887" lon="-37.664592">
        <ele>187.39</ele>
      </trkpt>
      <trkpt lat="-9.611917" lon="-37.664717">
        <ele>183.1</ele>
      </trkpt>
      <trkpt lat="-9.611164" lon="-37.664709">
        <ele>176.66</ele>
      </trkpt>
      <trkpt lat="-9.610202" lon="-37.664623">
        <ele>176.22</ele>
      </trkpt>
      <trkpt lat="-9.60987" lon="-37.66465">
        <ele>177.97</ele>
      </trkpt>
      <trkpt lat="-9.609538" lon="-37.664677">
        <ele>177.07</ele>
      </trkpt>
      <trkpt lat="-9.608669" lon="-37.665021">
        <ele>171.99</ele>
      </trkpt>
      <trkpt lat="-9.608187" lon="-37.665193">
        <ele>171</ele>
      </trkpt>
      <trkpt lat="-9.607908" lon="-37.665208">
        <ele>171</ele>
      </trkpt>
      <trkpt lat="-9.607142" lon="-37.665073">
        <ele>174.08</ele>
      </trkpt>
      <trkpt lat="-9.606145" lon="-37.664864">
        <ele>183.74</ele>
      </trkpt>
      <trkpt lat="-9.605149" lon="-37.664654">
        <ele>189</ele>
      </trkpt>
      <trkpt lat="-9.604019" lon="-37.664594">
        <ele>194.85</ele>
      </trkpt>
      <trkpt lat="-9.603469" lon="-37.664661">
        <ele>194.97</ele>
      </trkpt>
      <trkpt lat="-9.603234" lon="-37.664878">
        <ele>191.17</ele>
      </trkpt>
      <trkpt lat="-9.603051" lon="-37.66508">
        <ele>188.28</ele>
      </trkpt>
      <trkpt lat="-9.602869" lon="-37.665281">
        <ele>187.89</ele>
      </trkpt>
      <trkpt lat="-9.602505" lon="-37.665684">
        <ele>190.4</ele>
      </trkpt>
      <trkpt lat="-9.60214" lon="-37.666086">
        <ele>188.9</ele>
      </trkpt>
      <trkpt lat="-9.601776" lon="-37.666489">
        <ele>183.71</ele>
      </trkpt>
      <trkpt lat="-9.601201" lon="-37.667082">
        <ele>176</ele>
      </trkpt>
      <trkpt lat="-9.600627" lon="-37.667674">
        <ele>176.53</ele>
      </trkpt>
      <trkpt lat="-9.599861" lon="-37.668465">
        <ele>189.38</ele>
      </trkpt>
      <trkpt lat="-9.599487" lon="-37.668887">
        <ele>195.83</ele>
      </trkpt>
      <trkpt lat="-9.598972" lon="-37.669412">
        <ele>202.27</ele>
      </trkpt>
      <trkpt lat="-9.5988" lon="-37.669587">
        <ele>203</ele>
      </trkpt>
      <trkpt lat="-9.598161" lon="-37.670491">
        <ele>204.01</ele>
      </trkpt>
      <trkpt lat="-9.597911" lon="-37.670683">
        <ele>204.98</ele>
      </trkpt>
      <trkpt lat="-9.596633" lon="-37.672446">
        <ele>196.73</ele>
      </trkpt>
      <trkpt lat="-9.595543" lon="-37.673994">
        <ele>186.72</ele>
      </trkpt>
      <trkpt lat="-9.594454" lon="-37.675543">
        <ele>182.09</ele>
      </trkpt>
      <trkpt lat="-9.593832" lon="-37.676428">
        <ele>181.54</ele>
      </trkpt>
      <trkpt lat="-9.592884" lon="-37.67779">
        <ele>184.83</ele>
      </trkpt>
      <trkpt lat="-9.591508" lon="-37.679808">
        <ele>190.32</ele>
      </trkpt>
      <trkpt lat="-9.590897" lon="-37.680706">
        <ele>198.3</ele>
      </trkpt>
      <trkpt lat="-9.589521" lon="-37.682724">
        <ele>207.96</ele>
      </trkpt>
      <trkpt lat="-9.58906" lon="-37.683393">
        <ele>210.05</ele>
      </trkpt>
      <trkpt lat="-9.587986" lon="-37.684955">
        <ele>208.01</ele>
      </trkpt>
      <trkpt lat="-9.586912" lon="-37.686517">
        <ele>214.26</ele>
      </trkpt>
      <trkpt lat="-9.585991" lon="-37.687856">
        <ele>210.23</ele>
      </trkpt>
      <trkpt lat="-9.585684" lon="-37.688303">
        <ele>210.31</ele>
      </trkpt>
      <trkpt lat="-9.584609" lon="-37.689909">
        <ele>207.11</ele>
      </trkpt>
      <trkpt lat="-9.583381" lon="-37.691746">
        <ele>217.41</ele>
      </trkpt>
      <trkpt lat="-9.581846" lon="-37.694041">
        <ele>220.04</ele>
      </trkpt>
      <trkpt lat="-9.581036" lon="-37.695476">
        <ele>210.83</ele>
      </trkpt>
      <trkpt lat="-9.580443" lon="-37.696619">
        <ele>206.58</ele>
      </trkpt>
      <trkpt lat="-9.58006" lon="-37.697355">
        <ele>207.9</ele>
      </trkpt>
      <trkpt lat="-9.579664" lon="-37.698117">
        <ele>205</ele>
      </trkpt>
      <trkpt lat="-9.5794" lon="-37.698624">
        <ele>205.48</ele>
      </trkpt>
      <trkpt lat="-9.578912" lon="-37.699577">
        <ele>211.52</ele>
      </trkpt>
      <trkpt lat="-9.578556" lon="-37.700275">
        <ele>213.07</ele>
      </trkpt>
      <trkpt lat="-9.577843" lon="-37.701672">
        <ele>219.34</ele>
      </trkpt>
      <trkpt lat="-9.577673" lon="-37.702019">
        <ele>220.04</ele>
      </trkpt>
      <trkpt lat="-9.577184" lon="-37.703689">
        <ele>221.94</ele>
      </trkpt>
      <trkpt lat="-9.577046" lon="-37.704213">
        <ele>221</ele>
      </trkpt>
      <trkpt lat="-9.57677" lon="-37.705261">
        <ele>227</ele>
      </trkpt>
      <trkpt lat="-9.576563" lon="-37.706048">
        <ele>228.37</ele>
      </trkpt>
      <trkpt lat="-9.576495" lon="-37.706313">
        <ele>228.63</ele>
      </trkpt>
      <trkpt lat="-9.576222" lon="-37.707372">
        <ele>223.66</ele>
      </trkpt>
      <trkpt lat="-9.575745" lon="-37.709226">
        <ele>218.81</ele>
      </trkpt>
      <trkpt lat="-9.575337" lon="-37.710815">
        <ele>223</ele>
      </trkpt>
      <trkpt lat="-9.574963" lon="-37.712212">
        <ele>221.42</ele>
      </trkpt>
      <trkpt lat="-9.57483" lon="-37.712847">
        <ele>217.25</ele>
      </trkpt>
      <trkpt lat="-9.574749" lon="-37.713069">
        <ele>215.58</ele>
      </trkpt>
      <trkpt lat="-9.573905" lon="-37.714702">
        <ele>205.13</ele>
      </trkpt>
      <trkpt lat="-9.573721" lon="-37.715066">
        <ele>203.86</ele>
      </trkpt>
      <trkpt lat="-9.573997" lon="-37.715759">
        <ele>198.41</ele>
      </trkpt>
      <trkpt lat="-9.57403" lon="-37.715975">
        <ele>197.59</ele>
      </trkpt>
      <trkpt lat="-9.574122" lon="-37.716375">
        <ele>197.81</ele>
      </trkpt>
      <trkpt lat="-9.574303" lon="-37.716846">
        <ele>197.89</ele>
      </trkpt>
      <trkpt lat="-9.574947" lon="-37.71819">
        <ele>193.87</ele>
      </trkpt>
      <trkpt lat="-9.57545" lon="-37.719202">
        <ele>191.84</ele>
      </trkpt>
      <trkpt lat="-9.576078" lon="-37.720467">
        <ele>183.94</ele>
      </trkpt>
      <trkpt lat="-9.576342" lon="-37.720823">
        <ele>182.24</ele>
      </trkpt>
      <trkpt lat="-9.576618" lon="-37.721081">
        <ele>180.92</ele>
      </trkpt>
      <trkpt lat="-9.576933" lon="-37.721286">
        <ele>180.76</ele>
      </trkpt>
      <trkpt lat="-9.57722" lon="-37.721537">
        <ele>180.82</ele>
      </trkpt>
      <trkpt lat="-9.577622" lon="-37.722032">
        <ele>182.31</ele>
      </trkpt>
      <trkpt lat="-9.577898" lon="-37.722267">
        <ele>182.57</ele>
      </trkpt>
      <trkpt lat="-9.578152" lon="-37.722401">
        <ele>183.29</ele>
      </trkpt>
      <trkpt lat="-9.578649" lon="-37.722616">
        <ele>183.06</ele>
      </trkpt>
      <trkpt lat="-9.578896" lon="-37.722741">
        <ele>183.97</ele>
      </trkpt>
      <trkpt lat="-9.579132" lon="-37.722928">
        <ele>185</ele>
      </trkpt>
      <trkpt lat="-9.579366" lon="-37.723136">
        <ele>184.18</ele>
      </trkpt>
      <trkpt lat="-9.579835" lon="-37.723554">
        <ele>185.93</ele>
      </trkpt>
      <trkpt lat="-9.580331" lon="-37.724069">
        <ele>190.85</ele>
      </trkpt>
      <trkpt lat="-9.580587" lon="-37.724392">
        <ele>191.06</ele>
      </trkpt>
      <trkpt lat="-9.580865" lon="-37.7248">
        <ele>190.33</ele>
      </trkpt>
      <trkpt lat="-9.581144" lon="-37.725208">
        <ele>187.31</ele>
      </trkpt>
      <trkpt lat="-9.581916" lon="-37.726512">
        <ele>179.19</ele>
      </trkpt>
      <trkpt lat="-9.582236" lon="-37.727125">
        <ele>182.08</ele>
      </trkpt>
      <trkpt lat="-9.58252" lon="-37.727516">
        <ele>182.55</ele>
      </trkpt>
      <trkpt lat="-9.582785" lon="-37.727698">
        <ele>181.83</ele>
      </trkpt>
      <trkpt lat="-9.583192" lon="-37.727817">
        <ele>181.74</ele>
      </trkpt>
      <trkpt lat="-9.583986" lon="-37.727981">
        <ele>182.84</ele>
      </trkpt>
      <trkpt lat="-9.584283" lon="-37.728131">
        <ele>180.82</ele>
      </trkpt>
      <trkpt lat="-9.584616" lon="-37.728396">
        <ele>179.05</ele>
      </trkpt>
      <trkpt lat="-9.584863" lon="-37.728657">
        <ele>178.49</ele>
      </trkpt>
      <trkpt lat="-9.585621" lon="-37.729713">
        <ele>173.81</ele>
      </trkpt>
      <trkpt lat="-9.585892" lon="-37.729993">
        <ele>172.83</ele>
      </trkpt>
      <trkpt lat="-9.586278" lon="-37.730242">
        <ele>171.7</ele>
      </trkpt>
      <trkpt lat="-9.586991" lon="-37.730635">
        <ele>171.41</ele>
      </trkpt>
      <trkpt lat="-9.588655" lon="-37.731552">
        <ele>166</ele>
      </trkpt>
      <trkpt lat="-9.588895" lon="-37.731744">
        <ele>164.61</ele>
      </trkpt>
      <trkpt lat="-9.588981" lon="-37.73184">
        <ele>163.55</ele>
      </trkpt>
      <trkpt lat="-9.589118" lon="-37.732042">
        <ele>163</ele>
      </trkpt>
      <trkpt lat="-9.58935" lon="-37.732452">
        <ele>165</ele>
      </trkpt>
      <trkpt lat="-9.589496" lon="-37.732843">
        <ele>165.94</ele>
      </trkpt>
      <trkpt lat="-9.589632" lon="-37.733909">
        <ele>172.62</ele>
      </trkpt>
      <trkpt lat="-9.589801" lon="-37.735241">
        <ele>185.37</ele>
      </trkpt>
      <trkpt lat="-9.589791" lon="-37.735505">
        <ele>186.9</ele>
      </trkpt>
      <trkpt lat="-9.589728" lon="-37.736031">
        <ele>189.71</ele>
      </trkpt>
      <trkpt lat="-9.589608" lon="-37.736342">
        <ele>189.45</ele>
      </trkpt>
      <trkpt lat="-9.589306" lon="-37.736831">
        <ele>189.53</ele>
      </trkpt>
      <trkpt lat="-9.589145" lon="-37.737124">
        <ele>189.88</ele>
      </trkpt>
      <trkpt lat="-9.58902" lon="-37.73752">
        <ele>190</ele>
      </trkpt>
      <trkpt lat="-9.588942" lon="-37.737919">
        <ele>190.58</ele>
      </trkpt>
      <trkpt lat="-9.589007" lon="-37.738513">
        <ele>192</ele>
      </trkpt>
      <trkpt lat="-9.589121" lon="-37.738933">
        <ele>192.57</ele>
      </trkpt>
      <trkpt lat="-9.589306" lon="-37.739295">
        <ele>194.66</ele>
      </trkpt>
      <trkpt lat="-9.589749" lon="-37.739813">
        <ele>198.95</ele>
      </trkpt>
      <trkpt lat="-9.590434" lon="-37.740573">
        <ele>206.79</ele>
      </trkpt>
      <trkpt lat="-9.591139" lon="-37.7413">
        <ele>212.18</ele>
      </trkpt>
      <trkpt lat="-9.591488" lon="-37.741636">
        <ele>214.64</ele>
      </trkpt>
      <trkpt lat="-9.591827" lon="-37.741963">
        <ele>215</ele>
      </trkpt>
      <trkpt lat="-9.592397" lon="-37.742683">
        <ele>211.37</ele>
      </trkpt>
      <trkpt lat="-9.592537" lon="-37.742914">
        <ele>210.18</ele>
      </trkpt>
      <trkpt lat="-9.592667" lon="-37.743172">
        <ele>209.1</ele>
      </trkpt>
      <trkpt lat="-9.593047" lon="-37.743983">
        <ele>210.36</ele>
      </trkpt>
      <trkpt lat="-9.59392" lon="-37.745259">
        <ele>214</ele>
      </trkpt>
      <trkpt lat="-9.594058" lon="-37.745435">
        <ele>213.71</ele>
      </trkpt>
      <trkpt lat="-9.594204" lon="-37.745567">
        <ele>213.35</ele>
      </trkpt>
      <trkpt lat="-9.5943" lon="-37.745684">
        <ele>213</ele>
      </trkpt>
      <trkpt lat="-9.594386" lon="-37.745845">
        <ele>212.98</ele>
      </trkpt>
      <trkpt lat="-9.594776" lon="-37.747035">
        <ele>208.04</ele>
      </trkpt>
      <trkpt lat="-9.594956" lon="-37.74757">
        <ele>203.86</ele>
      </trkpt>
      <trkpt lat="-9.594996" lon="-37.747653">
        <ele>203.15</ele>
      </trkpt>
      <trkpt lat="-9.595117" lon="-37.747832">
        <ele>201.36</ele>
      </trkpt>
      <trkpt lat="-9.595285" lon="-37.748028">
        <ele>198.98</ele>
      </trkpt>
      <trkpt lat="-9.595478" lon="-37.748251">
        <ele>197.84</ele>
      </trkpt>
      <trkpt lat="-9.59606" lon="-37.748919">
        <ele>199.94</ele>
      </trkpt>
      <trkpt lat="-9.596543" lon="-37.74957">
        <ele>197.18</ele>
      </trkpt>
      <trkpt lat="-9.596708" lon="-37.74977">
        <ele>195.74</ele>
      </trkpt>
      <trkpt lat="-9.596786" lon="-37.749837">
        <ele>194.9</ele>
      </trkpt>
      <trkpt lat="-9.59758" lon="-37.750379">
        <ele>189.27</ele>
      </trkpt>
      <trkpt lat="-9.598125" lon="-37.750747">
        <ele>187</ele>
      </trkpt>
      <trkpt lat="-9.598368" lon="-37.750949">
        <ele>187.9</ele>
      </trkpt>
      <trkpt lat="-9.598859" lon="-37.751453">
        <ele>193.1</ele>
      </trkpt>
      <trkpt lat="-9.599236" lon="-37.751873">
        <ele>196.69</ele>
      </trkpt>
      <trkpt lat="-9.600075" lon="-37.752864">
        <ele>205.27</ele>
      </trkpt>
      <trkpt lat="-9.600587" lon="-37.753426">
        <ele>208.39</ele>
      </trkpt>
      <trkpt lat="-9.600931" lon="-37.753786">
        <ele>211.32</ele>
      </trkpt>
      <trkpt lat="-9.601434" lon="-37.754228">
        <ele>213.76</ele>
      </trkpt>
      <trkpt lat="-9.601592" lon="-37.754375">
        <ele>213.92</ele>
      </trkpt>
      <trkpt lat="-9.601679" lon="-37.754487">
        <ele>214</ele>
      </trkpt>
      <trkpt lat="-9.601828" lon="-37.754794">
        <ele>214.05</ele>
      </trkpt>
      <trkpt lat="-9.601906" lon="-37.755036">
        <ele>214.93</ele>
      </trkpt>
      <trkpt lat="-9.601978" lon="-37.755444">
        <ele>214.51</ele>
      </trkpt>
      <trkpt lat="-9.602061" lon="-37.755852">
        <ele>215.2</ele>
      </trkpt>
      <trkpt lat="-9.602334" lon="-37.757034">
        <ele>218.03</ele>
      </trkpt>
      <trkpt lat="-9.602447" lon="-37.757448">
        <ele>219</ele>
      </trkpt>
      <trkpt lat="-9.602576" lon="-37.757903">
        <ele>219.86</ele>
      </trkpt>
      <trkpt lat="-9.602675" lon="-37.758089">
        <ele>219</ele>
      </trkpt>
      <trkpt lat="-9.60282" lon="-37.758311">
        <ele>218.73</ele>
      </trkpt>
      <trkpt lat="-9.602941" lon="-37.758483">
        <ele>218.5</ele>
      </trkpt>
      <trkpt lat="-9.603121" lon="-37.759039">
        <ele>218</ele>
      </trkpt>
      <trkpt lat="-9.603424" lon="-37.759264">
        <ele>217</ele>
      </trkpt>
      <trkpt lat="-9.603503" lon="-37.759345">
        <ele>217</ele>
      </trkpt>
      <trkpt lat="-9.604036" lon="-37.759941">
        <ele>215.37</ele>
      </trkpt>
      <trkpt lat="-9.604608" lon="-37.760529">
        <ele>214</ele>
      </trkpt>
      <trkpt lat="-9.60486" lon="-37.760709">
        <ele>213.23</ele>
      </trkpt>
      <trkpt lat="-9.605408" lon="-37.760967">
        <ele>212.22</ele>
      </trkpt>
      <trkpt lat="-9.606508" lon="-37.761439">
        <ele>209.69</ele>
      </trkpt>
      <trkpt lat="-9.606688" lon="-37.761457">
        <ele>209.84</ele>
      </trkpt>
      <trkpt lat="-9.606847" lon="-37.761513">
        <ele>210</ele>
      </trkpt>
      <trkpt lat="-9.607078" lon="-37.761573">
        <ele>210</ele>
      </trkpt>
      <trkpt lat="-9.607643" lon="-37.761674">
        <ele>211.05</ele>
      </trkpt>
      <trkpt lat="-9.6083" lon="-37.761757">
        <ele>211.23</ele>
      </trkpt>
      <trkpt lat="-9.608302" lon="-37.762092">
        <ele>211.6</ele>
      </trkpt>
      <trkpt lat="-9.609062" lon="-37.761936">
        <ele>209</ele>
      </trkpt>
      <trkpt lat="-9.609567" lon="-37.761867">
        <ele>210</ele>
      </trkpt>
      <trkpt lat="-9.610548" lon="-37.761785">
        <ele>208</ele>
      </trkpt>
      <trkpt lat="-9.610679" lon="-37.761785">
        <ele>207.9</ele>
      </trkpt>
      <trkpt lat="-9.610548" lon="-37.761785">
        <ele>208</ele>
      </trkpt>
      <trkpt lat="-9.609707" lon="-37.761854">
        <ele>210</ele>
      </trkpt>
      <trkpt lat="-9.609567" lon="-37.761867">
        <ele>210</ele>
      </trkpt>
      <trkpt lat="-9.609134" lon="-37.761927">
        <ele>209</ele>
      </trkpt>
      <trkpt lat="-9.609091" lon="-37.761886">
        <ele>209</ele>
      </trkpt>
      <trkpt lat="-9.608947" lon="-37.761832">
        <ele>209.4</ele>
      </trkpt>
      <trkpt lat="-9.6083" lon="-37.761757">
        <ele>211.23</ele>
      </trkpt>
      <trkpt lat="-9.608302" lon="-37.762092">
        <ele>211.6</ele>
      </trkpt>
      <trkpt lat="-9.608056" lon="-37.762163">
        <ele>212</ele>
      </trkpt>
      <trkpt lat="-9.607553" lon="-37.762324">
        <ele>211.17</ele>
      </trkpt>
      <trkpt lat="-9.607151" lon="-37.762472">
        <ele>211</ele>
      </trkpt>
      <trkpt lat="-9.606245" lon="-37.762864">
        <ele>206.02</ele>
      </trkpt>
      <trkpt lat="-9.605872" lon="-37.763012">
        <ele>204.54</ele>
      </trkpt>
      <trkpt lat="-9.605453" lon="-37.763161">
        <ele>201.29</ele>
      </trkpt>
      <trkpt lat="-9.605375" lon="-37.763196">
        <ele>200.62</ele>
      </trkpt>
      <trkpt lat="-9.605203" lon="-37.763269">
        <ele>199.35</ele>
      </trkpt>
      <trkpt lat="-9.604753" lon="-37.76349">
        <ele>194.85</ele>
      </trkpt>
      <trkpt lat="-9.604437" lon="-37.763635">
        <ele>192.54</ele>
      </trkpt>
      <trkpt lat="-9.603555" lon="-37.76404">
        <ele>189.17</ele>
      </trkpt>
      <trkpt lat="-9.602588" lon="-37.764465">
        <ele>192.91</ele>
      </trkpt>
      <trkpt lat="-9.601138" lon="-37.765102">
        <ele>202.48</ele>
      </trkpt>
      <trkpt lat="-9.599416" lon="-37.765852">
        <ele>200.87</ele>
      </trkpt>
      <trkpt lat="-9.597573" lon="-37.76666">
        <ele>212</ele>
      </trkpt>
      <trkpt lat="-9.595404" lon="-37.767612">
        <ele>219.7</ele>
      </trkpt>
      <trkpt lat="-9.594921" lon="-37.767844">
        <ele>221.19</ele>
      </trkpt>
      <trkpt lat="-9.594759" lon="-37.767933">
        <ele>221.63</ele>
      </trkpt>
      <trkpt lat="-9.594428" lon="-37.76815">
        <ele>222.32</ele>
      </trkpt>
      <trkpt lat="-9.594098" lon="-37.768401">
        <ele>221.81</ele>
      </trkpt>
      <trkpt lat="-9.593884" lon="-37.76859">
        <ele>221.74</ele>
      </trkpt>
      <trkpt lat="-9.593067" lon="-37.769422">
        <ele>219.91</ele>
      </trkpt>
      <trkpt lat="-9.591764" lon="-37.770752">
        <ele>214.17</ele>
      </trkpt>
      <trkpt lat="-9.590962" lon="-37.771567">
        <ele>216.7</ele>
      </trkpt>
      <trkpt lat="-9.590105" lon="-37.772424">
        <ele>218.73</ele>
      </trkpt>
      <trkpt lat="-9.58975" lon="-37.772794">
        <ele>218.12</ele>
      </trkpt>
      <trkpt lat="-9.589203" lon="-37.773347">
        <ele>217.01</ele>
      </trkpt>
      <trkpt lat="-9.588009" lon="-37.774556">
        <ele>217.89</ele>
      </trkpt>
      <trkpt lat="-9.58729" lon="-37.775302">
        <ele>219</ele>
      </trkpt>
      <trkpt lat="-9.586338" lon="-37.776261">
        <ele>223.72</ele>
      </trkpt>
      <trkpt lat="-9.58611" lon="-37.776457">
        <ele>224</ele>
      </trkpt>
      <trkpt lat="-9.585768" lon="-37.776703">
        <ele>225.43</ele>
      </trkpt>
      <trkpt lat="-9.585372" lon="-37.776953">
        <ele>226.88</ele>
      </trkpt>
      <trkpt lat="-9.584905" lon="-37.777193">
        <ele>228.28</ele>
      </trkpt>
      <trkpt lat="-9.58435" lon="-37.777396">
        <ele>228.76</ele>
      </trkpt>
      <trkpt lat="-9.583832" lon="-37.777537">
        <ele>227.77</ele>
      </trkpt>
      <trkpt lat="-9.583047" lon="-37.777705">
        <ele>227.48</ele>
      </trkpt>
      <trkpt lat="-9.582262" lon="-37.777874">
        <ele>230</ele>
      </trkpt>
      <trkpt lat="-9.58043" lon="-37.778268">
        <ele>242.3</ele>
      </trkpt>
      <trkpt lat="-9.578058" lon="-37.778796">
        <ele>251.55</ele>
      </trkpt>
      <trkpt lat="-9.575533" lon="-37.779347">
        <ele>266.44</ele>
      </trkpt>
      <trkpt lat="-9.574831" lon="-37.779507">
        <ele>269.58</ele>
      </trkpt>
      <trkpt lat="-9.574464" lon="-37.779619">
        <ele>271.36</ele>
      </trkpt>
      <trkpt lat="-9.574072" lon="-37.779764">
        <ele>271.77</ele>
      </trkpt>
      <trkpt lat="-9.571877" lon="-37.780624">
        <ele>261.77</ele>
      </trkpt>
      <trkpt lat="-9.570863" lon="-37.781013">
        <ele>257.51</ele>
      </trkpt>
      <trkpt lat="-9.569343" lon="-37.781597">
        <ele>260</ele>
      </trkpt>
      <trkpt lat="-9.565804" lon="-37.782956">
        <ele>258.02</ele>
      </trkpt>
      <trkpt lat="-9.562514" lon="-37.78422">
        <ele>247.86</ele>
      </trkpt>
      <trkpt lat="-9.55997" lon="-37.785199">
        <ele>244.51</ele>
      </trkpt>
      <trkpt lat="-9.558953" lon="-37.78559">
        <ele>249.1</ele>
      </trkpt>
      <trkpt lat="-9.55768" lon="-37.78608">
        <ele>251.75</ele>
      </trkpt>
      <trkpt lat="-9.555864" lon="-37.786776">
        <ele>257.99</ele>
      </trkpt>
      <trkpt lat="-9.554532" lon="-37.787284">
        <ele>257</ele>
      </trkpt>
      <trkpt lat="-9.553779" lon="-37.787632">
        <ele>254.98</ele>
      </trkpt>
      <trkpt lat="-9.55325" lon="-37.787923">
        <ele>253.73</ele>
      </trkpt>
      <trkpt lat="-9.552731" lon="-37.788253">
        <ele>251.7</ele>
      </trkpt>
      <trkpt lat="-9.551132" lon="-37.78935">
        <ele>245.66</ele>
      </trkpt>
      <trkpt lat="-9.550042" lon="-37.79009">
        <ele>240.53</ele>
      </trkpt>
      <trkpt lat="-9.54806" lon="-37.791435">
        <ele>238.58</ele>
      </trkpt>
      <trkpt lat="-9.546947" lon="-37.79219">
        <ele>234</ele>
      </trkpt>
      <trkpt lat="-9.545611" lon="-37.793097">
        <ele>224.14</ele>
      </trkpt>
      <trkpt lat="-9.54394" lon="-37.794231">
        <ele>218</ele>
      </trkpt>
      <trkpt lat="-9.542169" lon="-37.795429">
        <ele>217.84</ele>
      </trkpt>
      <trkpt lat="-9.540178" lon="-37.796776">
        <ele>226</ele>
      </trkpt>
      <trkpt lat="-9.538628" lon="-37.797824">
        <ele>228</ele>
      </trkpt>
      <trkpt lat="-9.5373" lon="-37.798722">
        <ele>227.55</ele>
      </trkpt>
      <trkpt lat="-9.536636" lon="-37.799171">
        <ele>224.94</ele>
      </trkpt>
      <trkpt lat="-9.536449" lon="-37.799312">
        <ele>224.12</ele>
      </trkpt>
      <trkpt lat="-9.535794" lon="-37.799754">
        <ele>222</ele>
      </trkpt>
      <trkpt lat="-9.534048" lon="-37.800931">
        <ele>229</ele>
      </trkpt>
      <trkpt lat="-9.533394" lon="-37.801372">
        <ele>230</ele>
      </trkpt>
      <trkpt lat="-9.532498" lon="-37.801976">
        <ele>229.94</ele>
      </trkpt>
      <trkpt lat="-9.529809" lon="-37.803789">
        <ele>221</ele>
      </trkpt>
      <trkpt lat="-9.527121" lon="-37.805601">
        <ele>231.93</ele>
      </trkpt>
      <trkpt lat="-9.524895" lon="-37.807115">
        <ele>238.74</ele>
      </trkpt>
      <trkpt lat="-9.523782" lon="-37.807871">
        <ele>238</ele>
      </trkpt>
      <trkpt lat="-9.523115" lon="-37.808326">
        <ele>239.85</ele>
      </trkpt>
      <trkpt lat="-9.522002" lon="-37.809082">
        <ele>240.03</ele>
      </trkpt>
      <trkpt lat="-9.519999" lon="-37.810445">
        <ele>252.94</ele>
      </trkpt>
      <trkpt lat="-9.518278" lon="-37.811604">
        <ele>259.99</ele>
      </trkpt>
      <trkpt lat="-9.51787" lon="-37.811915">
        <ele>262.25</ele>
      </trkpt>
      <trkpt lat="-9.517402" lon="-37.812355">
        <ele>263.41</ele>
      </trkpt>
      <trkpt lat="-9.517251" lon="-37.812531">
        <ele>263.26</ele>
      </trkpt>
      <trkpt lat="-9.516902" lon="-37.813071">
        <ele>264.98</ele>
      </trkpt>
      <trkpt lat="-9.516634" lon="-37.813503">
        <ele>269.27</ele>
      </trkpt>
      <trkpt lat="-9.516098" lon="-37.814369">
        <ele>271.85</ele>
      </trkpt>
      <trkpt lat="-9.514699" lon="-37.816773">
        <ele>275.79</ele>
      </trkpt>
      <trkpt lat="-9.514279" lon="-37.817495">
        <ele>278.6</ele>
      </trkpt>
      <trkpt lat="-9.513999" lon="-37.817976">
        <ele>282.22</ele>
      </trkpt>
      <trkpt lat="-9.51288" lon="-37.819899">
        <ele>286.82</ele>
      </trkpt>
      <trkpt lat="-9.512688" lon="-37.820208">
        <ele>287.97</ele>
      </trkpt>
      <trkpt lat="-9.512432" lon="-37.820529">
        <ele>288</ele>
      </trkpt>
      <trkpt lat="-9.511963" lon="-37.82106">
        <ele>288</ele>
      </trkpt>
      <trkpt lat="-9.511737" lon="-37.821296">
        <ele>287.61</ele>
      </trkpt>
      <trkpt lat="-9.51126" lon="-37.82168">
        <ele>286.05</ele>
      </trkpt>
      <trkpt lat="-9.510826" lon="-37.821965">
        <ele>284.46</ele>
      </trkpt>
      <trkpt lat="-9.510313" lon="-37.822244">
        <ele>283.58</ele>
      </trkpt>
      <trkpt lat="-9.509837" lon="-37.82249">
        <ele>280.63</ele>
      </trkpt>
      <trkpt lat="-9.508645" lon="-37.823106">
        <ele>278.18</ele>
      </trkpt>
      <trkpt lat="-9.507691" lon="-37.823598">
        <ele>274.29</ele>
      </trkpt>
      <trkpt lat="-9.505263" lon="-37.824853">
        <ele>276.35</ele>
      </trkpt>
      <trkpt lat="-9.504695" lon="-37.825146">
        <ele>273.91</ele>
      </trkpt>
      <trkpt lat="-9.505087" lon="-37.826272">
        <ele>266.37</ele>
      </trkpt>
      <trkpt lat="-9.505091" lon="-37.826346">
        <ele>265.94</ele>
      </trkpt>
      <trkpt lat="-9.504932" lon="-37.82703">
        <ele>261.95</ele>
      </trkpt>
      <trkpt lat="-9.504855" lon="-37.827039">
        <ele>261.92</ele>
      </trkpt>
      <trkpt lat="-9.504749" lon="-37.826993">
        <ele>262.18</ele>
      </trkpt>
      <trkpt lat="-9.504602" lon="-37.826984">
        <ele>262.23</ele>
      </trkpt>
      <trkpt lat="-9.504355" lon="-37.826988">
        <ele>262.15</ele>
      </trkpt>
      <trkpt lat="-9.504202" lon="-37.82701">
        <ele>261.19</ele>
      </trkpt>
      <trkpt lat="-9.504104" lon="-37.827038">
        <ele>260.92</ele>
      </trkpt>
      <trkpt lat="-9.504031" lon="-37.827077">
        <ele>260.69</ele>
      </trkpt>
      <trkpt lat="-9.504007" lon="-37.827097">
        <ele>260.58</ele>
      </trkpt>
      <trkpt lat="-9.503594" lon="-37.827765">
        <ele>254</ele>
      </trkpt>
      <trkpt lat="-9.503497" lon="-37.827983">
        <ele>251.8</ele>
      </trkpt>
      <trkpt lat="-9.503317" lon="-37.828262">
        <ele>249.99</ele>
      </trkpt>
      <trkpt lat="-9.503159" lon="-37.828588">
        <ele>248.91</ele>
      </trkpt>
      <trkpt lat="-9.502885" lon="-37.829215">
        <ele>245.26</ele>
      </trkpt>
      <trkpt lat="-9.502802" lon="-37.829529">
        <ele>243.44</ele>
      </trkpt>
      <trkpt lat="-9.502715" lon="-37.83022">
        <ele>240.85</ele>
      </trkpt>
      <trkpt lat="-9.502923" lon="-37.830644">
        <ele>236.98</ele>
      </trkpt>
      <trkpt lat="-9.503089" lon="-37.830974">
        <ele>236</ele>
      </trkpt>
      <trkpt lat="-9.503028" lon="-37.831053">
        <ele>236.38</ele>
      </trkpt>
      <trkpt lat="-9.502969" lon="-37.831082">
        <ele>236.69</ele>
      </trkpt>
      <trkpt lat="-9.502271" lon="-37.831822">
        <ele>236.36</ele>
      </trkpt>
      <trkpt lat="-9.501828" lon="-37.832274">
        <ele>238.14</ele>
      </trkpt>
      <trkpt lat="-9.50151" lon="-37.832599">
        <ele>239.41</ele>
      </trkpt>
      <trkpt lat="-9.50146" lon="-37.832683">
        <ele>239.77</ele>
      </trkpt>
      <trkpt lat="-9.501336" lon="-37.832747">
        <ele>239.37</ele>
      </trkpt>
      <trkpt lat="-9.49994" lon="-37.832825">
        <ele>241.38</ele>
      </trkpt>
      <trkpt lat="-9.499315" lon="-37.832916">
        <ele>243</ele>
      </trkpt>
      <trkpt lat="-9.499154" lon="-37.832899">
        <ele>242.89</ele>
      </trkpt>
      <trkpt lat="-9.498368" lon="-37.832747">
        <ele>240.64</ele>
      </trkpt>
      <trkpt lat="-9.498152" lon="-37.832683">
        <ele>239.46</ele>
      </trkpt>
      <trkpt lat="-9.497901" lon="-37.832633">
        <ele>238.39</ele>
      </trkpt>
      <trkpt lat="-9.4976" lon="-37.832631">
        <ele>237.51</ele>
      </trkpt>
      <trkpt lat="-9.49688" lon="-37.832511">
        <ele>237.22</ele>
      </trkpt>
      <trkpt lat="-9.496544" lon="-37.832475">
        <ele>237.92</ele>
      </trkpt>
      <trkpt lat="-9.496048" lon="-37.832444">
        <ele>236.98</ele>
      </trkpt>
      <trkpt lat="-9.495788" lon="-37.832436">
        <ele>237.65</ele>
      </trkpt>
      <trkpt lat="-9.495306" lon="-37.832432">
        <ele>238.11</ele>
      </trkpt>
      <trkpt lat="-9.495118" lon="-37.83247">
        <ele>238.03</ele>
      </trkpt>
      <trkpt lat="-9.494909" lon="-37.83248">
        <ele>238.07</ele>
      </trkpt>
      <trkpt lat="-9.49487" lon="-37.832426">
        <ele>238.01</ele>
      </trkpt>
      <trkpt lat="-9.494813" lon="-37.832236">
        <ele>238.47</ele>
      </trkpt>
      <trkpt lat="-9.494731" lon="-37.831701">
        <ele>241</ele>
      </trkpt>
      <trkpt lat="-9.494619" lon="-37.831092">
        <ele>245</ele>
      </trkpt>
      <trkpt lat="-9.4945" lon="-37.830773">
        <ele>247.34</ele>
      </trkpt>
      <trkpt lat="-9.494346" lon="-37.830485">
        <ele>247.92</ele>
      </trkpt>
      <trkpt lat="-9.493066" lon="-37.831151">
        <ele>239.38</ele>
      </trkpt>
      <trkpt lat="-9.492098" lon="-37.831663">
        <ele>236</ele>
      </trkpt>
      <trkpt lat="-9.490276" lon="-37.832648">
        <ele>243.02</ele>
      </trkpt>
      <trkpt lat="-9.489839" lon="-37.832877">
        <ele>242.95</ele>
      </trkpt>
      <trkpt lat="-9.489218" lon="-37.833168">
        <ele>238.56</ele>
      </trkpt>
      <trkpt lat="-9.487805" lon="-37.833909">
        <ele>237</ele>
      </trkpt>
      <trkpt lat="-9.486503" lon="-37.834594">
        <ele>243.01</ele>
      </trkpt>
      <trkpt lat="-9.486153" lon="-37.834793">
        <ele>244.54</ele>
      </trkpt>
      <trkpt lat="-9.485516" lon="-37.835092">
        <ele>247.91</ele>
      </trkpt>
      <trkpt lat="-9.483849" lon="-37.835968">
        <ele>260.95</ele>
      </trkpt>
      <trkpt lat="-9.483373" lon="-37.836218">
        <ele>262</ele>
      </trkpt>
      <trkpt lat="-9.482286" lon="-37.836768">
        <ele>262.52</ele>
      </trkpt>
      <trkpt lat="-9.481507" lon="-37.837182">
        <ele>262.93</ele>
      </trkpt>
      <trkpt lat="-9.480762" lon="-37.837564">
        <ele>262.59</ele>
      </trkpt>
      <trkpt lat="-9.479023" lon="-37.838455">
        <ele>268.94</ele>
      </trkpt>
      <trkpt lat="-9.47759" lon="-37.839214">
        <ele>274.87</ele>
      </trkpt>
      <trkpt lat="-9.476655" lon="-37.839688">
        <ele>277.73</ele>
      </trkpt>
      <trkpt lat="-9.476407" lon="-37.839822">
        <ele>278.82</ele>
      </trkpt>
      <trkpt lat="-9.475925" lon="-37.840071">
        <ele>279.1</ele>
      </trkpt>
      <trkpt lat="-9.473758" lon="-37.841189">
        <ele>286.36</ele>
      </trkpt>
      <trkpt lat="-9.47159" lon="-37.842308">
        <ele>297.07</ele>
      </trkpt>
      <trkpt lat="-9.471109" lon="-37.842556">
        <ele>301.05</ele>
      </trkpt>
      <trkpt lat="-9.470519" lon="-37.842885">
        <ele>305.74</ele>
      </trkpt>
      <trkpt lat="-9.470118" lon="-37.843133">
        <ele>309.24</ele>
      </trkpt>
      <trkpt lat="-9.46949" lon="-37.843601">
        <ele>315.75</ele>
      </trkpt>
      <trkpt lat="-9.469143" lon="-37.84388">
        <ele>317</ele>
      </trkpt>
      <trkpt lat="-9.468675" lon="-37.84425">
        <ele>316.76</ele>
      </trkpt>
      <trkpt lat="-9.468267" lon="-37.844589">
        <ele>316.32</ele>
      </trkpt>
      <trkpt lat="-9.466192" lon="-37.846293">
        <ele>306.94</ele>
      </trkpt>
      <trkpt lat="-9.465155" lon="-37.847145">
        <ele>298.87</ele>
      </trkpt>
      <trkpt lat="-9.463702" lon="-37.848338">
        <ele>290.29</ele>
      </trkpt>
      <trkpt lat="-9.463071" lon="-37.848866">
        <ele>286.01</ele>
      </trkpt>
      <trkpt lat="-9.462228" lon="-37.84957">
        <ele>283.36</ele>
      </trkpt>
      <trkpt lat="-9.460793" lon="-37.850731">
        <ele>277</ele>
      </trkpt>
      <trkpt lat="-9.459655" lon="-37.85168">
        <ele>272</ele>
      </trkpt>
      <trkpt lat="-9.456875" lon="-37.853981">
        <ele>267.27</ele>
      </trkpt>
      <trkpt lat="-9.456016" lon="-37.854679">
        <ele>265</ele>
      </trkpt>
      <trkpt lat="-9.454513" lon="-37.8559">
        <ele>267</ele>
      </trkpt>
      <trkpt lat="-9.45301" lon="-37.857121">
        <ele>259.27</ele>
      </trkpt>
      <trkpt lat="-9.452588" lon="-37.857469">
        <ele>258</ele>
      </trkpt>
      <trkpt lat="-9.451324" lon="-37.858516">
        <ele>264</ele>
      </trkpt>
      <trkpt lat="-9.450481" lon="-37.859214">
        <ele>265</ele>
      </trkpt>
      <trkpt lat="-9.449427" lon="-37.860086">
        <ele>261.15</ele>
      </trkpt>
      <trkpt lat="-9.448162" lon="-37.861132">
        <ele>251.91</ele>
      </trkpt>
      <trkpt lat="-9.447741" lon="-37.861481">
        <ele>250.48</ele>
      </trkpt>
      <trkpt lat="-9.446687" lon="-37.862353">
        <ele>250</ele>
      </trkpt>
      <trkpt lat="-9.444579" lon="-37.864097">
        <ele>242.94</ele>
      </trkpt>
      <trkpt lat="-9.442683" lon="-37.865667">
        <ele>241</ele>
      </trkpt>
      <trkpt lat="-9.439479" lon="-37.868333">
        <ele>221</ele>
      </trkpt>
      <trkpt lat="-9.439273" lon="-37.868504">
        <ele>221.69</ele>
      </trkpt>
      <trkpt lat="-9.438427" lon="-37.869202">
        <ele>230.36</ele>
      </trkpt>
      <trkpt lat="-9.437369" lon="-37.870075">
        <ele>236.62</ele>
      </trkpt>
      <trkpt lat="-9.436946" lon="-37.870431">
        <ele>237.04</ele>
      </trkpt>
      <trkpt lat="-9.435886" lon="-37.871336">
        <ele>235.15</ele>
      </trkpt>
      <trkpt lat="-9.435278" lon="-37.871824">
        <ele>234.77</ele>
      </trkpt>
      <trkpt lat="-9.434839" lon="-37.872239">
        <ele>234.95</ele>
      </trkpt>
      <trkpt lat="-9.434548" lon="-37.872556">
        <ele>234.82</ele>
      </trkpt>
      <trkpt lat="-9.434093" lon="-37.873081">
        <ele>233.44</ele>
      </trkpt>
      <trkpt lat="-9.433802" lon="-37.873477">
        <ele>232.86</ele>
      </trkpt>
      <trkpt lat="-9.433557" lon="-37.873839">
        <ele>233.18</ele>
      </trkpt>
      <trkpt lat="-9.433276" lon="-37.874279">
        <ele>236.45</ele>
      </trkpt>
      <trkpt lat="-9.433034" lon="-37.874714">
        <ele>239.42</ele>
      </trkpt>
      <trkpt lat="-9.432779" lon="-37.875233">
        <ele>243.58</ele>
      </trkpt>
      <trkpt lat="-9.432644" lon="-37.875545">
        <ele>246.44</ele>
      </trkpt>
      <trkpt lat="-9.432454" lon="-37.876046">
        <ele>250.26</ele>
      </trkpt>
      <trkpt lat="-9.432273" lon="-37.876619">
        <ele>253.44</ele>
      </trkpt>
      <trkpt lat="-9.43154" lon="-37.879373">
        <ele>235.09</ele>
      </trkpt>
      <trkpt lat="-9.430732" lon="-37.882457">
        <ele>214.56</ele>
      </trkpt>
      <trkpt lat="-9.43066" lon="-37.882746">
        <ele>214.04</ele>
      </trkpt>
      <trkpt lat="-9.430441" lon="-37.883669">
        <ele>218.43</ele>
      </trkpt>
      <trkpt lat="-9.430306" lon="-37.884379">
        <ele>221.76</ele>
      </trkpt>
      <trkpt lat="-9.429968" lon="-37.885673">
        <ele>226.01</ele>
      </trkpt>
      <trkpt lat="-9.429756" lon="-37.886481">
        <ele>222.07</ele>
      </trkpt>
      <trkpt lat="-9.429413" lon="-37.887798">
        <ele>220.08</ele>
      </trkpt>
      <trkpt lat="-9.429138" lon="-37.888851">
        <ele>227.2</ele>
      </trkpt>
      <trkpt lat="-9.428664" lon="-37.890661">
        <ele>230.22</ele>
      </trkpt>
      <trkpt lat="-9.428258" lon="-37.892212">
        <ele>221.99</ele>
      </trkpt>
      <trkpt lat="-9.427977" lon="-37.893263">
        <ele>212.89</ele>
      </trkpt>
      <trkpt lat="-9.427873" lon="-37.893676">
        <ele>211.46</ele>
      </trkpt>
      <trkpt lat="-9.427318" lon="-37.895802">
        <ele>223.88</ele>
      </trkpt>
      <trkpt lat="-9.42697" lon="-37.897131">
        <ele>234.4</ele>
      </trkpt>
      <trkpt lat="-9.426709" lon="-37.898139">
        <ele>239.35</ele>
      </trkpt>
      <trkpt lat="-9.426358" lon="-37.899492">
        <ele>242.81</ele>
      </trkpt>
      <trkpt lat="-9.425936" lon="-37.901116">
        <ele>243.07</ele>
      </trkpt>
      <trkpt lat="-9.425513" lon="-37.902739">
        <ele>239.8</ele>
      </trkpt>
      <trkpt lat="-9.425017" lon="-37.904631">
        <ele>240.72</ele>
      </trkpt>
      <trkpt lat="-9.424668" lon="-37.90597">
        <ele>237.78</ele>
      </trkpt>
      <trkpt lat="-9.424326" lon="-37.907268">
        <ele>230.6</ele>
      </trkpt>
      <trkpt lat="-9.424115" lon="-37.908082">
        <ele>229</ele>
      </trkpt>
      <trkpt lat="-9.423833" lon="-37.909167">
        <ele>233.69</ele>
      </trkpt>
      <trkpt lat="-9.42335" lon="-37.911006">
        <ele>233.54</ele>
      </trkpt>
      <trkpt lat="-9.422592" lon="-37.913896">
        <ele>248</ele>
      </trkpt>
      <trkpt lat="-9.422453" lon="-37.91444">
        <ele>247.96</ele>
      </trkpt>
      <trkpt lat="-9.422106" lon="-37.915799">
        <ele>244</ele>
      </trkpt>
      <trkpt lat="-9.421898" lon="-37.916615">
        <ele>244</ele>
      </trkpt>
      <trkpt lat="-9.421343" lon="-37.918718">
        <ele>239.37</ele>
      </trkpt>
      <trkpt lat="-9.420855" lon="-37.92064">
        <ele>237.75</ele>
      </trkpt>
      <trkpt lat="-9.420658" lon="-37.921476">
        <ele>238.65</ele>
      </trkpt>
      <trkpt lat="-9.420197" lon="-37.923198">
        <ele>239.9</ele>
      </trkpt>
      <trkpt lat="-9.419978" lon="-37.923959">
        <ele>241.58</ele>
      </trkpt>
      <trkpt lat="-9.419779" lon="-37.924553">
        <ele>243</ele>
      </trkpt>
      <trkpt lat="-9.4193" lon="-37.925577">
        <ele>244.99</ele>
      </trkpt>
      <trkpt lat="-9.418451" lon="-37.927289">
        <ele>249.56</ele>
      </trkpt>
      <trkpt lat="-9.417977" lon="-37.928259">
        <ele>251.12</ele>
      </trkpt>
      <trkpt lat="-9.417146" lon="-37.929957">
        <ele>257</ele>
      </trkpt>
      <trkpt lat="-9.416434" lon="-37.931366">
        <ele>258</ele>
      </trkpt>
      <trkpt lat="-9.41538" lon="-37.933471">
        <ele>256</ele>
      </trkpt>
      <trkpt lat="-9.41459" lon="-37.935087">
        <ele>258.83</ele>
      </trkpt>
      <trkpt lat="-9.413648" lon="-37.936962">
        <ele>256.05</ele>
      </trkpt>
      <trkpt lat="-9.413177" lon="-37.937899">
        <ele>259</ele>
      </trkpt>
      <trkpt lat="-9.41281" lon="-37.938666">
        <ele>261.06</ele>
      </trkpt>
      <trkpt lat="-9.411219" lon="-37.941878">
        <ele>269</ele>
      </trkpt>
      <trkpt lat="-9.410607" lon="-37.943114">
        <ele>267.02</ele>
      </trkpt>
      <trkpt lat="-9.409751" lon="-37.944843">
        <ele>269.99</ele>
      </trkpt>
      <trkpt lat="-9.408657" lon="-37.947032">
        <ele>266</ele>
      </trkpt>
      <trkpt lat="-9.408249" lon="-37.947888">
        <ele>263.67</ele>
      </trkpt>
      <trkpt lat="-9.406586" lon="-37.951232">
        <ele>253.85</ele>
      </trkpt>
      <trkpt lat="-9.405762" lon="-37.952929">
        <ele>248.19</ele>
      </trkpt>
      <trkpt lat="-9.405025" lon="-37.954398">
        <ele>248</ele>
      </trkpt>
      <trkpt lat="-9.404298" lon="-37.955859">
        <ele>253</ele>
      </trkpt>
      <trkpt lat="-9.403614" lon="-37.957284">
        <ele>252.1</ele>
      </trkpt>
      <trkpt lat="-9.403158" lon="-37.958173">
        <ele>252.54</ele>
      </trkpt>
      <trkpt lat="-9.402689" lon="-37.959124">
        <ele>251.31</ele>
      </trkpt>
      <trkpt lat="-9.401263" lon="-37.96201">
        <ele>254</ele>
      </trkpt>
      <trkpt lat="-9.398967" lon="-37.966657">
        <ele>265.24</ele>
      </trkpt>
      <trkpt lat="-9.39801" lon="-37.968496">
        <ele>269.88</ele>
      </trkpt>
      <trkpt lat="-9.397139" lon="-37.97018">
        <ele>268.69</ele>
      </trkpt>
      <trkpt lat="-9.395478" lon="-37.973598">
        <ele>263</ele>
      </trkpt>
      <trkpt lat="-9.395363" lon="-37.97379">
        <ele>262.52</ele>
      </trkpt>
      <trkpt lat="-9.394155" lon="-37.976242">
        <ele>257.44</ele>
      </trkpt>
      <trkpt lat="-9.39277" lon="-37.97907">
        <ele>247</ele>
      </trkpt>
      <trkpt lat="-9.391676" lon="-37.981275">
        <ele>250.2</ele>
      </trkpt>
      <trkpt lat="-9.391217" lon="-37.982208">
        <ele>247.69</ele>
      </trkpt>
      <trkpt lat="-9.391" lon="-37.982649">
        <ele>248.15</ele>
      </trkpt>
      <trkpt lat="-9.390476" lon="-37.983712">
        <ele>253.27</ele>
      </trkpt>
      <trkpt lat="-9.390146" lon="-37.984339">
        <ele>254.22</ele>
      </trkpt>
      <trkpt lat="-9.389842" lon="-37.984955">
        <ele>255.79</ele>
      </trkpt>
      <trkpt lat="-9.389255" lon="-37.986128">
        <ele>254</ele>
      </trkpt>
      <trkpt lat="-9.389077" lon="-37.986536">
        <ele>253.79</ele>
      </trkpt>
      <trkpt lat="-9.388828" lon="-37.987033">
        <ele>251.7</ele>
      </trkpt>
      <trkpt lat="-9.388561" lon="-37.987607">
        <ele>249.16</ele>
      </trkpt>
      <trkpt lat="-9.388533" lon="-37.987719">
        <ele>248.71</ele>
      </trkpt>
      <trkpt lat="-9.387975" lon="-37.988851">
        <ele>242.15</ele>
      </trkpt>
      <trkpt lat="-9.387814" lon="-37.989177">
        <ele>241.23</ele>
      </trkpt>
      <trkpt lat="-9.38768" lon="-37.989466">
        <ele>241</ele>
      </trkpt>
      <trkpt lat="-9.387607" lon="-37.989595">
        <ele>240.66</ele>
      </trkpt>
      <trkpt lat="-9.387039" lon="-37.990748">
        <ele>235.57</ele>
      </trkpt>
      <trkpt lat="-9.386845" lon="-37.991125">
        <ele>234.24</ele>
      </trkpt>
      <trkpt lat="-9.386741" lon="-37.991344">
        <ele>232.35</ele>
      </trkpt>
      <trkpt lat="-9.386571" lon="-37.991684">
        <ele>232.34</ele>
      </trkpt>
      <trkpt lat="-9.386411" lon="-37.992025">
        <ele>234</ele>
      </trkpt>
      <trkpt lat="-9.386281" lon="-37.992234">
        <ele>234</ele>
      </trkpt>
      <trkpt lat="-9.385772" lon="-37.992799">
        <ele>234</ele>
      </trkpt>
      <trkpt lat="-9.384907" lon="-37.993836">
        <ele>238.85</ele>
      </trkpt>
      <trkpt lat="-9.384702" lon="-37.994104">
        <ele>239.41</ele>
      </trkpt>
      <trkpt lat="-9.384686" lon="-37.994157">
        <ele>239.72</ele>
      </trkpt>
      <trkpt lat="-9.384699" lon="-37.99421">
        <ele>240.03</ele>
      </trkpt>
      <trkpt lat="-9.38481" lon="-37.994342">
        <ele>240.79</ele>
      </trkpt>
      <trkpt lat="-9.384946" lon="-37.994522">
        <ele>241.84</ele>
      </trkpt>
      <trkpt lat="-9.385185" lon="-37.994963">
        <ele>243</ele>
      </trkpt>
      <trkpt lat="-9.385244" lon="-37.995099">
        <ele>243</ele>
      </trkpt>
      <trkpt lat="-9.385268" lon="-37.99526">
        <ele>243</ele>
      </trkpt>
      <trkpt lat="-9.385247" lon="-37.995369">
        <ele>243</ele>
      </trkpt>
      <trkpt lat="-9.385208" lon="-37.995462">
        <ele>243</ele>
      </trkpt>
      <trkpt lat="-9.384932" lon="-37.99599">
        <ele>243.63</ele>
      </trkpt>
      <trkpt lat="-9.383975" lon="-37.997841">
        <ele>249.64</ele>
      </trkpt>
      <trkpt lat="-9.383444" lon="-37.998885">
        <ele>253.21</ele>
      </trkpt>
      <trkpt lat="-9.383571" lon="-37.998958">
        <ele>253.66</ele>
      </trkpt>
      <trkpt lat="-9.383855" lon="-37.998425">
        <ele>252.62</ele>
      </trkpt>
      <trkpt lat="-9.384078" lon="-37.998065">
        <ele>250.89</ele>
      </trkpt>
      <trkpt lat="-9.384157" lon="-37.99802">
        <ele>250.76</ele>
      </trkpt>
      <trkpt lat="-9.384283" lon="-37.997969">
        <ele>250.77</ele>
      </trkpt>
      <trkpt lat="-9.384425" lon="-37.997946">
        <ele>250.44</ele>
      </trkpt>
      <trkpt lat="-9.384692" lon="-37.997934">
        <ele>249.68</ele>
      </trkpt>
      <trkpt lat="-9.384825" lon="-37.997957">
        <ele>249.81</ele>
      </trkpt>
      <trkpt lat="-9.385438" lon="-37.998195">
        <ele>250.42</ele>
      </trkpt>
      <trkpt lat="-9.385471" lon="-37.998216">
        <ele>250.79</ele>
      </trkpt>
      <trkpt lat="-9.38556" lon="-37.99821">
        <ele>251.11</ele>
      </trkpt>
      <trkpt lat="-9.385603" lon="-37.998167">
        <ele>251.04</ele>
      </trkpt>
      <trkpt lat="-9.385613" lon="-37.998106">
        <ele>250.72</ele>
      </trkpt>
      <trkpt lat="-9.385586" lon="-37.998049">
        <ele>250.25</ele>
      </trkpt>
      <trkpt lat="-9.385647" lon="-37.997978">
        <ele>249.93</ele>
      </trkpt>
      <trkpt lat="-9.385938" lon="-37.998051">
        <ele>250.36</ele>
      </trkpt>
      <trkpt lat="-9.385647" lon="-37.997978">
        <ele>249.93</ele>
      </trkpt>
      <trkpt lat="-9.385586" lon="-37.998049">
        <ele>250.25</ele>
      </trkpt>
      <trkpt lat="-9.385555" lon="-37.998027">
        <ele>249.94</ele>
      </trkpt>
      <trkpt lat="-9.38549" lon="-37.998021">
        <ele>249.52</ele>
      </trkpt>
      <trkpt lat="-9.384994" lon="-37.997791">
        <ele>248.91</ele>
      </trkpt>
      <trkpt lat="-9.384896" lon="-37.997792">
        <ele>248.85</ele>
      </trkpt>
      <trkpt lat="-9.384735" lon="-37.99783">
        <ele>249.07</ele>
      </trkpt>
      <trkpt lat="-9.38435" lon="-37.997873">
        <ele>249.64</ele>
      </trkpt>
      <trkpt lat="-9.384308" lon="-37.99786">
        <ele>249.49</ele>
      </trkpt>
      <trkpt lat="-9.384195" lon="-37.997781">
        <ele>248.85</ele>
      </trkpt>
      <trkpt lat="-9.38416" lon="-37.997768">
        <ele>248.86</ele>
      </trkpt>
      <trkpt lat="-9.384082" lon="-37.997772">
        <ele>248.99</ele>
      </trkpt>
      <trkpt lat="-9.383975" lon="-37.997841">
        <ele>249.64</ele>
      </trkpt>
      <trkpt lat="-9.383251" lon="-37.999269">
        <ele>254.06</ele>
      </trkpt>
      <trkpt lat="-9.383178" lon="-37.999378">
        <ele>254.01</ele>
      </trkpt>
      <trkpt lat="-9.383107" lon="-37.999454">
        <ele>254.13</ele>
      </trkpt>
      <trkpt lat="-9.383063" lon="-37.999477">
        <ele>254.19</ele>
      </trkpt>
      <trkpt lat="-9.382952" lon="-37.999504">
        <ele>254.31</ele>
      </trkpt>
      <trkpt lat="-9.382817" lon="-37.999504">
        <ele>254.45</ele>
      </trkpt>
      <trkpt lat="-9.382721" lon="-37.999464">
        <ele>254.56</ele>
      </trkpt>
      <trkpt lat="-9.382604" lon="-37.999362">
        <ele>254.73</ele>
      </trkpt>
      <trkpt lat="-9.382522" lon="-37.99931">
        <ele>254.85</ele>
      </trkpt>
      <trkpt lat="-9.381844" lon="-37.99864">
        <ele>255.22</ele>
      </trkpt>
      <trkpt lat="-9.381335" lon="-37.998149">
        <ele>257.99</ele>
      </trkpt>
      <trkpt lat="-9.38052" lon="-37.997339">
        <ele>258.2</ele>
      </trkpt>
      <trkpt lat="-9.380113" lon="-37.996934">
        <ele>256.7</ele>
      </trkpt>
      <trkpt lat="-9.379444" lon="-37.996242">
        <ele>252.68</ele>
      </trkpt>
      <trkpt lat="-9.379153" lon="-37.995954">
        <ele>250.33</ele>
      </trkpt>
      <trkpt lat="-9.37896" lon="-37.995821">
        <ele>249.78</ele>
      </trkpt>
      <trkpt lat="-9.378867" lon="-37.99578">
        <ele>249.3</ele>
      </trkpt>
      <trkpt lat="-9.378744" lon="-37.995709">
        <ele>248.74</ele>
      </trkpt>
      <trkpt lat="-9.378462" lon="-37.99563">
        <ele>247.21</ele>
      </trkpt>
      <trkpt lat="-9.378317" lon="-37.995616">
        <ele>246.28</ele>
      </trkpt>
      <trkpt lat="-9.37809" lon="-37.99564">
        <ele>245.82</ele>
      </trkpt>
      <trkpt lat="-9.376715" lon="-37.996015">
        <ele>242</ele>
      </trkpt>
      <trkpt lat="-9.376164" lon="-37.996165">
        <ele>243.61</ele>
      </trkpt>
      <trkpt lat="-9.375927" lon="-37.99621">
        <ele>245.01</ele>
      </trkpt>
      <trkpt lat="-9.375769" lon="-37.996228">
        <ele>245.71</ele>
      </trkpt>
      <trkpt lat="-9.3755" lon="-37.996226">
        <ele>246.75</ele>
      </trkpt>
      <trkpt lat="-9.375264" lon="-37.996201">
        <ele>246.6</ele>
      </trkpt>
      <trkpt lat="-9.375106" lon="-37.996167">
        <ele>246.06</ele>
      </trkpt>
      <trkpt lat="-9.375021" lon="-37.996136">
        <ele>246</ele>
      </trkpt>
      <trkpt lat="-9.374817" lon="-37.996023">
        <ele>245.02</ele>
      </trkpt>
      <trkpt lat="-9.374196" lon="-37.995626">
        <ele>239.04</ele>
      </trkpt>
      <trkpt lat="-9.373869" lon="-37.995419">
        <ele>238.61</ele>
      </trkpt>
      <trkpt lat="-9.373479" lon="-37.995172">
        <ele>238.65</ele>
      </trkpt>
      <trkpt lat="-9.372417" lon="-37.994534">
        <ele>241</ele>
      </trkpt>
      <trkpt lat="-9.371893" lon="-37.994213">
        <ele>240.97</ele>
      </trkpt>
      <trkpt lat="-9.370976" lon="-37.993625">
        <ele>242.49</ele>
      </trkpt>
      <trkpt lat="-9.370518" lon="-37.993331">
        <ele>244.97</ele>
      </trkpt>
      <trkpt lat="-9.369309" lon="-37.99253">
        <ele>247.74</ele>
      </trkpt>
      <trkpt lat="-9.368752" lon="-37.992198">
        <ele>248.29</ele>
      </trkpt>
      <trkpt lat="-9.36838" lon="-37.992009">
        <ele>249.37</ele>
      </trkpt>
      <trkpt lat="-9.368027" lon="-37.991879">
        <ele>251.09</ele>
      </trkpt>
      <trkpt lat="-9.366562" lon="-37.991458">
        <ele>255</ele>
      </trkpt>
      <trkpt lat="-9.366248" lon="-37.991322">
        <ele>255.78</ele>
      </trkpt>
      <trkpt lat="-9.365848" lon="-37.99112">
        <ele>256.97</ele>
      </trkpt>
      <trkpt lat="-9.363126" lon="-37.989468">
        <ele>256.9</ele>
      </trkpt>
      <trkpt lat="-9.361188" lon="-37.988327">
        <ele>259.98</ele>
      </trkpt>
      <trkpt lat="-9.36077" lon="-37.988126">
        <ele>260.77</ele>
      </trkpt>
      <trkpt lat="-9.360376" lon="-37.987997">
        <ele>261.56</ele>
      </trkpt>
      <trkpt lat="-9.359931" lon="-37.987904">
        <ele>262</ele>
      </trkpt>
      <trkpt lat="-9.357899" lon="-37.987574">
        <ele>264</ele>
      </trkpt>
      <trkpt lat="-9.356907" lon="-37.987407">
        <ele>262</ele>
      </trkpt>
      <trkpt lat="-9.356411" lon="-37.987324">
        <ele>262.99</ele>
      </trkpt>
      <trkpt lat="-9.355353" lon="-37.987167">
        <ele>262.31</ele>
      </trkpt>
      <trkpt lat="-9.354294" lon="-37.98701">
        <ele>264</ele>
      </trkpt>
      <trkpt lat="-9.353516" lon="-37.986882">
        <ele>263.93</ele>
      </trkpt>
      <trkpt lat="-9.3516" lon="-37.986457">
        <ele>262</ele>
      </trkpt>
      <trkpt lat="-9.351247" lon="-37.98641">
        <ele>263</ele>
      </trkpt>
      <trkpt lat="-9.350752" lon="-37.986373">
        <ele>263</ele>
      </trkpt>
      <trkpt lat="-9.350479" lon="-37.986297">
        <ele>262.05</ele>
      </trkpt>
      <trkpt lat="-9.350426" lon="-37.986266">
        <ele>261.95</ele>
      </trkpt>
      <trkpt lat="-9.350337" lon="-37.98628">
        <ele>261.93</ele>
      </trkpt>
      <trkpt lat="-9.350314" lon="-37.986299">
        <ele>262</ele>
      </trkpt>
      <trkpt lat="-9.3502" lon="-37.986328">
        <ele>261.51</ele>
      </trkpt>
      <trkpt lat="-9.349986" lon="-37.986345">
        <ele>261.3</ele>
      </trkpt>
      <trkpt lat="-9.349102" lon="-37.986238">
        <ele>261.68</ele>
      </trkpt>
      <trkpt lat="-9.348225" lon="-37.986086">
        <ele>261.19</ele>
      </trkpt>
      <trkpt lat="-9.347214" lon="-37.985942">
        <ele>263</ele>
      </trkpt>
      <trkpt lat="-9.343448" lon="-37.985299">
        <ele>267.78</ele>
      </trkpt>
      <trkpt lat="-9.342525" lon="-37.985047">
        <ele>269.88</ele>
      </trkpt>
      <trkpt lat="-9.341646" lon="-37.984841">
        <ele>272</ele>
      </trkpt>
      <trkpt lat="-9.340722" lon="-37.984669">
        <ele>274</ele>
      </trkpt>
      <trkpt lat="-9.339899" lon="-37.984548">
        <ele>275.41</ele>
      </trkpt>
      <trkpt lat="-9.33784" lon="-37.984352">
        <ele>275</ele>
      </trkpt>
      <trkpt lat="-9.337075" lon="-37.984253">
        <ele>274.86</ele>
      </trkpt>
      <trkpt lat="-9.333155" lon="-37.983713">
        <ele>279.01</ele>
      </trkpt>
      <trkpt lat="-9.331587" lon="-37.983497">
        <ele>285.28</ele>
      </trkpt>
      <trkpt lat="-9.330368" lon="-37.983277">
        <ele>286</ele>
      </trkpt>
      <trkpt lat="-9.330068" lon="-37.983216">
        <ele>286</ele>
      </trkpt>
      <trkpt lat="-9.329951" lon="-37.983202">
        <ele>286</ele>
      </trkpt>
      <trkpt lat="-9.329757" lon="-37.983193">
        <ele>285.06</ele>
      </trkpt>
      <trkpt lat="-9.329667" lon="-37.983202">
        <ele>285.6</ele>
      </trkpt>
      <trkpt lat="-9.329085" lon="-37.983121">
        <ele>286</ele>
      </trkpt>
      <trkpt lat="-9.32845" lon="-37.983012">
        <ele>285</ele>
      </trkpt>
      <trkpt lat="-9.326757" lon="-37.982782">
        <ele>283</ele>
      </trkpt>
      <trkpt lat="-9.325161" lon="-37.982553">
        <ele>278.96</ele>
      </trkpt>
      <trkpt lat="-9.322488" lon="-37.982144">
        <ele>283.65</ele>
      </trkpt>
      <trkpt lat="-9.318746" lon="-37.981572">
        <ele>282.55</ele>
      </trkpt>
      <trkpt lat="-9.316687" lon="-37.981265">
        <ele>282.98</ele>
      </trkpt>
      <trkpt lat="-9.315658" lon="-37.981112">
        <ele>281</ele>
      </trkpt>
      <trkpt lat="-9.314087" lon="-37.98088">
        <ele>282</ele>
      </trkpt>
      <trkpt lat="-9.313809" lon="-37.980816">
        <ele>283</ele>
      </trkpt>
      <trkpt lat="-9.31346" lon="-37.980715">
        <ele>283</ele>
      </trkpt>
      <trkpt lat="-9.312838" lon="-37.980373">
        <ele>283.43</ele>
      </trkpt>
      <trkpt lat="-9.312504" lon="-37.980093">
        <ele>283.98</ele>
      </trkpt>
      <trkpt lat="-9.312132" lon="-37.979662">
        <ele>284</ele>
      </trkpt>
      <trkpt lat="-9.310911" lon="-37.978181">
        <ele>286.85</ele>
      </trkpt>
      <trkpt lat="-9.310434" lon="-37.977831">
        <ele>286.8</ele>
      </trkpt>
      <trkpt lat="-9.309784" lon="-37.977732">
        <ele>287.17</ele>
      </trkpt>
      <trkpt lat="-9.306481" lon="-37.97747">
        <ele>287</ele>
      </trkpt>
      <trkpt lat="-9.305412" lon="-37.977225">
        <ele>286.5</ele>
      </trkpt>
      <trkpt lat="-9.303766" lon="-37.9763">
        <ele>289</ele>
      </trkpt>
      <trkpt lat="-9.302552" lon="-37.975587">
        <ele>293.35</ele>
      </trkpt>
      <trkpt lat="-9.301885" lon="-37.97512">
        <ele>296</ele>
      </trkpt>
      <trkpt lat="-9.301258" lon="-37.974566">
        <ele>295.8</ele>
      </trkpt>
      <trkpt lat="-9.301044" lon="-37.974389">
        <ele>296.05</ele>
      </trkpt>
      <trkpt lat="-9.298692" lon="-37.972433">
        <ele>310.68</ele>
      </trkpt>
      <trkpt lat="-9.29818" lon="-37.971978">
        <ele>313.03</ele>
      </trkpt>
      <trkpt lat="-9.297829" lon="-37.971826">
        <ele>314</ele>
      </trkpt>
      <trkpt lat="-9.297415" lon="-37.971739">
        <ele>315</ele>
      </trkpt>
      <trkpt lat="-9.2957" lon="-37.971622">
        <ele>316.51</ele>
      </trkpt>
      <trkpt lat="-9.29482" lon="-37.971448">
        <ele>316.03</ele>
      </trkpt>
      <trkpt lat="-9.294014" lon="-37.971115">
        <ele>316.25</ele>
      </trkpt>
      <trkpt lat="-9.29272" lon="-37.970526">
        <ele>319.85</ele>
      </trkpt>
      <trkpt lat="-9.292023" lon="-37.970161">
        <ele>322.87</ele>
      </trkpt>
      <trkpt lat="-9.291466" lon="-37.969827">
        <ele>324.91</ele>
      </trkpt>
      <trkpt lat="-9.290716" lon="-37.969147">
        <ele>326.06</ele>
      </trkpt>
      <trkpt lat="-9.289519" lon="-37.967886">
        <ele>330.15</ele>
      </trkpt>
      <trkpt lat="-9.288419" lon="-37.966947">
        <ele>335.61</ele>
      </trkpt>
      <trkpt lat="-9.285912" lon="-37.964855">
        <ele>343.38</ele>
      </trkpt>
      <trkpt lat="-9.284334" lon="-37.963506">
        <ele>349.33</ele>
      </trkpt>
      <trkpt lat="-9.283415" lon="-37.96276">
        <ele>353.17</ele>
      </trkpt>
      <trkpt lat="-9.282033" lon="-37.961613">
        <ele>365.11</ele>
      </trkpt>
      <trkpt lat="-9.280368" lon="-37.960216">
        <ele>382.23</ele>
      </trkpt>
      <trkpt lat="-9.278949" lon="-37.959017">
        <ele>391.54</ele>
      </trkpt>
      <trkpt lat="-9.278009" lon="-37.958225">
        <ele>383.87</ele>
      </trkpt>
      <trkpt lat="-9.277192" lon="-37.957537">
        <ele>384.51</ele>
      </trkpt>
      <trkpt lat="-9.276853" lon="-37.957214">
        <ele>386.35</ele>
      </trkpt>
      <trkpt lat="-9.276467" lon="-37.956793">
        <ele>387.53</ele>
      </trkpt>
      <trkpt lat="-9.275748" lon="-37.95591">
        <ele>393.38</ele>
      </trkpt>
      <trkpt lat="-9.275568" lon="-37.955689">
        <ele>397.08</ele>
      </trkpt>
      <trkpt lat="-9.275389" lon="-37.955468">
        <ele>398.69</ele>
      </trkpt>
      <trkpt lat="-9.27469" lon="-37.954602">
        <ele>403.86</ele>
      </trkpt>
      <trkpt lat="-9.27435" lon="-37.954177">
        <ele>409.48</ele>
      </trkpt>
      <trkpt lat="-9.27401" lon="-37.953753">
        <ele>411.99</ele>
      </trkpt>
      <trkpt lat="-9.272991" lon="-37.952478">
        <ele>426.99</ele>
      </trkpt>
      <trkpt lat="-9.271633" lon="-37.950779">
        <ele>444.26</ele>
      </trkpt>
      <trkpt lat="-9.271408" lon="-37.950586">
        <ele>446.05</ele>
      </trkpt>
      <trkpt lat="-9.270678" lon="-37.950143">
        <ele>453.25</ele>
      </trkpt>
      <trkpt lat="-9.270468" lon="-37.949988">
        <ele>455.72</ele>
      </trkpt>
      <trkpt lat="-9.270287" lon="-37.949801">
        <ele>458.29</ele>
      </trkpt>
      <trkpt lat="-9.270188" lon="-37.949623">
        <ele>460.05</ele>
      </trkpt>
      <trkpt lat="-9.270107" lon="-37.949354">
        <ele>461.87</ele>
      </trkpt>
      <trkpt lat="-9.270047" lon="-37.949064">
        <ele>464.37</ele>
      </trkpt>
      <trkpt lat="-9.269952" lon="-37.948769">
        <ele>467.44</ele>
      </trkpt>
      <trkpt lat="-9.269866" lon="-37.948585">
        <ele>469.83</ele>
      </trkpt>
      <trkpt lat="-9.269761" lon="-37.948448">
        <ele>472.1</ele>
      </trkpt>
      <trkpt lat="-9.268644" lon="-37.947451">
        <ele>486.69</ele>
      </trkpt>
      <trkpt lat="-9.268348" lon="-37.947103">
        <ele>488.13</ele>
      </trkpt>
      <trkpt lat="-9.268042" lon="-37.946671">
        <ele>489.79</ele>
      </trkpt>
      <trkpt lat="-9.267583" lon="-37.946023">
        <ele>496.65</ele>
      </trkpt>
      <trkpt lat="-9.267124" lon="-37.945375">
        <ele>500.81</ele>
      </trkpt>
      <trkpt lat="-9.266656" lon="-37.944703">
        <ele>509.29</ele>
      </trkpt>
      <trkpt lat="-9.266315" lon="-37.944237">
        <ele>514.29</ele>
      </trkpt>
      <trkpt lat="-9.266178" lon="-37.944">
        <ele>516.16</ele>
      </trkpt>
      <trkpt lat="-9.266023" lon="-37.943611">
        <ele>519.77</ele>
      </trkpt>
      <trkpt lat="-9.265793" lon="-37.942975">
        <ele>524.99</ele>
      </trkpt>
      <trkpt lat="-9.265628" lon="-37.942572">
        <ele>529.68</ele>
      </trkpt>
      <trkpt lat="-9.265479" lon="-37.942269">
        <ele>532.42</ele>
      </trkpt>
      <trkpt lat="-9.265217" lon="-37.941897">
        <ele>535.58</ele>
      </trkpt>
      <trkpt lat="-9.264546" lon="-37.941177">
        <ele>540.43</ele>
      </trkpt>
      <trkpt lat="-9.264029" lon="-37.940701">
        <ele>541.78</ele>
      </trkpt>
      <trkpt lat="-9.263896" lon="-37.940563">
        <ele>543.29</ele>
      </trkpt>
      <trkpt lat="-9.263233" lon="-37.940017">
        <ele>547.24</ele>
      </trkpt>
      <trkpt lat="-9.262688" lon="-37.939566">
        <ele>548.06</ele>
      </trkpt>
      <trkpt lat="-9.262115" lon="-37.93903">
        <ele>549.9</ele>
      </trkpt>
      <trkpt lat="-9.261734" lon="-37.938673">
        <ele>546.52</ele>
      </trkpt>
      <trkpt lat="-9.261333" lon="-37.938206">
        <ele>546.03</ele>
      </trkpt>
      <trkpt lat="-9.261301" lon="-37.937941">
        <ele>549.92</ele>
      </trkpt>
      <trkpt lat="-9.261297" lon="-37.937587">
        <ele>555.21</ele>
      </trkpt>
      <trkpt lat="-9.261314" lon="-37.937471">
        <ele>556.85</ele>
      </trkpt>
      <trkpt lat="-9.261405" lon="-37.93706">
        <ele>563.05</ele>
      </trkpt>
      <trkpt lat="-9.261465" lon="-37.936696">
        <ele>567.31</ele>
      </trkpt>
      <trkpt lat="-9.261491" lon="-37.93651">
        <ele>568.96</ele>
      </trkpt>
      <trkpt lat="-9.261506" lon="-37.936314">
        <ele>569.78</ele>
      </trkpt>
      <trkpt lat="-9.26152" lon="-37.936239">
        <ele>569.96</ele>
      </trkpt>
      <trkpt lat="-9.261556" lon="-37.936122">
        <ele>571.3</ele>
      </trkpt>
    </trkseg>
  </trk>
</gpx>
